Area Code,Area Name,Value,Parent Area Code,Parent Area Name
E02002645,South Promenade & Seasiders Way - Blackpool 013,99.69187816,E06000009,Blackpool
E02002642,Central Blackpool - Blackpool 010,98.96847418,E06000009,Blackpool
E02002640,North East Centre - Blackpool 008,97.59038491,E06000009,Blackpool
E02002234,Holme Wood - Bradford 052,97.56520155,E08000032,Bradford
E02002639,Little Layton & Little Carleton - Blackpool 007,97.51919072,E06000009,Blackpool
E02005433,Ingoldmells & Chapel St Leonards - East Lindsey 010,96.23884972,E07000137,East Lindsey
E02002727,Grimsby East Marsh & Port - North East Lincolnshire 002,96.23841387,E06000012,North East Lincolnshire
E02005543,Yarmouth Parade - Great Yarmouth 006,96.20219242,E07000145,Great Yarmouth
E02002638,North Shore - Blackpool 006,94.81572268,E06000009,Blackpool
E02004588,Clacton Central - Tendring 016,94.77913216,E07000076,Tendring
E02001370,Everton East - Liverpool 024,92.98249526,E08000012,Liverpool
E02005437,Skegness Town - East Lindsey 014,90.50267465,E07000137,East Lindsey
E02002498,Ayresome - Middlesbrough 003,90.2359449,E06000002,Middlesbrough
E02001364,Anfield West - Liverpool 018,90.09080681,E08000012,Liverpool
E02006976,Fratton West - Portsmouth 028,88.81465872,E06000044,Portsmouth
E02001482,Birkenhead Central - Wirral 016,88.79488326,E08000015,Wirral
E02005428,Mablethorpe - East Lindsey 005,88.58408936,E07000137,East Lindsey
E02002497,North Ormesby & Brambles - Middlesbrough 002,88.48493617,E06000002,Middlesbrough
E02001360,Kirkdale North - Liverpool 014,87.45468598,E08000012,Liverpool
E02005132,Cliftonville West - Thanet 001,87.42119441,E07000114,Thanet
E02004590,Jaywick & St Osyth - Tendring 018,86.842473,E07000076,Tendring
E02002967,Bentilee & Ubberley - Stoke-on-Trent 017,86.74917848,E06000021,Stoke-on-Trent
E02005185,Barclay Hills & Trinity - Burnley 010,86.59430948,E07000117,Burnley
E02001806,Hendon & Docks - Sunderland 016,86.57753256,E08000024,Sunderland
E02005429,Sutton-on-Sea - East Lindsey 006,86.56385363,E07000137,East Lindsey
E02001474,Seacombe - Wirral 008,86.41028445,E08000015,Wirral
E02002744,Nunsthorpe - North East Lincolnshire 019,86.15666224,E06000012,North East Lincolnshire
E02001358,Walton South - Liverpool 012,86.00919093,E08000012,Liverpool
E02005542,Yarmouth Central & Northgate - Great Yarmouth 005,85.85840693,E07000145,Great Yarmouth
E02002502,Thorntree - Middlesbrough 007,85.5913091,E06000002,Middlesbrough
E02001365,Anfield East - Liverpool 019,85.38401583,E08000012,Liverpool
E02003064,Hartcliffe - Bristol 053,85.10988126,E06000023,"Bristol, City of"
E02002653,Bransholme Central - Kingston upon Hull 002,84.6187636,E06000010,"Kingston upon Hull, City of"
E02002654,Orchard Park - Kingston upon Hull 003,84.31748785,E06000010,"Kingston upon Hull, City of"
E02003973,Workington West - Allerdale 009,84.19989341,E06000063,Cumberland
E02001735,Walker North - Newcastle upon Tyne 028,84.18003185,E08000021,Newcastle upon Tyne
E02005440,Wainfleet All Saints - East Lindsey 017,84.13868758,E07000137,East Lindsey
E02001737,Walker South - Newcastle upon Tyne 030,83.98428121,E08000021,Newcastle upon Tyne
E02001477,Bidston Hill - Wirral 011,83.19527293,E08000015,Wirral
E02001590,East Herringthorpe - Rotherham 013,83.13330379,E08000018,Rotherham
E02002668,Southcoates East - Kingston upon Hull 017,83.0974159,E06000010,"Kingston upon Hull, City of"
E02005735,Ashington Hirst - Northumberland 010,82.93262704,E06000057,Northumberland
E02003536,Landport - Portsmouth 013,82.1451419,E06000044,Portsmouth
E02001336,Longview & Knowsley Park - Knowsley 010,81.95281848,E08000011,Knowsley
E02002505,Park End - Middlesbrough 010,81.79363457,E06000002,Middlesbrough
E02002647,Victoria - Blackpool 015,81.49920797,E06000009,Blackpool
E02001369,Everton West - Liverpool 023,81.40712847,E08000012,Liverpool
E02002523,Grangetown - Redcar and Cleveland 009,81.14081995,E06000003,Redcar and Cleveland
E02001111,Oldham Town North - Oldham 014,81.09993133,E08000004,Oldham
E02002227,Broomfields & East Bowling - Bradford 045,80.90735709,E08000032,Bradford
E02002643,Park Road - Blackpool 011,80.80909087,E06000009,Blackpool
E02001334,Page Moss & Fincham - Knowsley 008,80.46698776,E08000011,Knowsley
E02001570,Conisbrough North - Doncaster 032,80.33102689,E08000017,Doncaster
E02002209,Ravenscliffe - Bradford 027,80.28061286,E08000032,Bradford
E02001180,Pendleton - Salford 024,79.92080823,E08000006,Salford
E02001368,Kirkdale South & Vauxhall - Liverpool 022,79.03911346,E08000012,Liverpool
E02001680,Batemoor & Jordanthorpe - Sheffield 070,79.02887593,E08000039,Sheffield
E02005182,Bank Hall & Fulledge - Burnley 007,78.89668807,E07000117,Burnley
E02005116,Sheerness West - Swale 002,78.8166123,E07000113,Swale
E02002681,Boulevard & St Andrew's Quay - Kingston upon Hull 030,78.79367233,E06000010,"Kingston upon Hull, City of"
E02001542,Stainforth - Doncaster 004,78.7658245,E08000017,Doncaster
E02002232,Great Horton & Brackenhill - Bradford 050,78.66828086,E08000032,Bradford
E02001405,Speke East - Liverpool 059,78.59271329,E08000012,Liverpool
E02001053,Hapurhey South & Monsall - Manchester 009,78.46832103,E08000003,Manchester
E02002224,Barkerend East - Bradford 042,78.36155062,E08000032,Bradford
E02005438,Skegness South - East Lindsey 015,78.26025627,E07000137,East Lindsey
E02002382,Harehills South - Leeds 053,78.10432548,E08000035,Leeds
E02003062,Withywood - Bristol 051,78.0569432,E06000023,"Bristol, City of"
E02002672,Greatfield - Kingston upon Hull 021,77.86885151,E06000010,"Kingston upon Hull, City of"
E02002228,Laisterdyke & Bowling - Bradford 046,77.65934397,E08000032,Bradford
E02005217,Accrington West - Hyndburn 006,77.60306185,E07000120,Hyndburn
E02002959,Longport & Burslem Park - Stoke-on-Trent 009,77.58757378,E06000021,Stoke-on-Trent
E02004327,Horden - County Durham 036,77.5261455,E06000047,County Durham
E02005709,Blyth Cowpen - Northumberland 022,76.76511302,E06000057,Northumberland
E02007103,Byker South & St Peters - Newcastle upon Tyne 040,76.61260559,E08000021,Newcastle upon Tyne
E02001374,Fairfield West & Newsham Park - Liverpool 028,76.58367126,E08000012,Liverpool
E02002686,Bridlington West - East Riding of Yorkshire 003,76.40534101,E06000011,East Riding of Yorkshire
E02002191,Keighley Oakworth Road & West Lane - Bradford 009,76.15072568,E08000032,Bradford
E02001623,Firth Park - Sheffield 013,76.05246442,E08000039,Sheffield
E02006308,Lowestoft Harbour & Kirkley - Waveney 007,75.9550523,E07000244,East Suffolk
E02004573,Harwich Town & Dovercourt - Tendring 001,75.87429792,E07000076,Tendring
E02002216,Manningham & Lister Park - Bradford 034,75.86267502,E08000032,Bradford
E02004587,Clacton Rush Green - Tendring 015,75.6243997,E07000076,Tendring
E02002962,Abbey Hulton - Stoke-on-Trent 012,75.57777733,E06000021,Stoke-on-Trent
E02001123,Alt - Oldham 026,75.56922906,E08000004,Oldham
E02001056,Clayton Vale - Manchester 012,75.56488477,E08000003,Manchester
E02001594,Rotherham Central - Rotherham 017,75.53234429,E08000018,Rotherham
E02002948,Woodside - Telford and Wrekin 021,75.44512192,E06000020,Telford and Wrekin
E02002499,Berwick Hills - Middlesbrough 004,75.42565179,E06000002,Middlesbrough
E02006947,Barkerend West & Little Germany - Bradford 064,75.34363716,E08000032,Bradford
E02002121,Blakenall North - Walsall 012,75.25445446,E08000030,Walsall
E02001630,Crabtree & Fir Vale - Sheffield 020,75.21805081,E08000039,Sheffield
E02001390,Toxteth - Liverpool 044,75.18602494,E08000012,Liverpool
E02002731,New Clee - North East Lincolnshire 006,75.15459104,E06000012,North East Lincolnshire
E02001190,Brinnington - Stockport 004,75.07719588,E08000007,Stockport
E02001658,Arbourthorne - Sheffield 048,74.88232469,E08000039,Sheffield
E02001548,Bentley & Toll Bar - Doncaster 010,74.84598022,E08000017,Doncaster
E02001560,Central Doncaster & Hyde Park - Doncaster 022,74.82782346,E08000017,Doncaster
E02001327,Kirkby North East - Knowsley 001,74.58848168,E08000011,Knowsley
E02002230,Holme Top - Bradford 048,74.50292477,E08000032,Bradford
E02003984,Barrow Central - Barrow-in-Furness 008,74.46608753,E06000064,Westmorland and Furness
E02001357,Norris Green West - Liverpool 011,74.35533774,E08000012,Liverpool
E02001351,Fazakerley South - Liverpool 005,74.35116542,E08000012,Liverpool
E02002193,Keighley South - Bradford 011,74.20992769,E08000032,Bradford
E02001376,Kensington - Liverpool 030,74.06137251,E08000012,Liverpool
E02005435,Skegness North - East Lindsey 012,73.95282219,E07000137,East Lindsey
E02005120,Sheppey East - Swale 006,73.9278737,E07000113,Swale
E02001329,Kirkby South East - Knowsley 003,73.86422671,E08000011,Knowsley
E02005319,Fleetwood Town - Wyre 001,73.74345247,E07000128,Wyre
E02001135,Hurstead & Smallbridge - Rochdale 004,73.6295578,E08000005,Rochdale
E02004378,Central St Leonards - Hastings 011,73.5267486,E07000062,Hastings
E02005115,Sheerness East - Swale 001,73.47774765,E07000113,Swale
E02001126,Hathershaw - Oldham 029,73.40194117,E08000004,Oldham
E02006879,Folkestone Harbour - Shepway 014,73.3703651,E07000112,Folkestone and Hythe
E02005891,Oak Tree & Ransom Wood - Mansfield 012,73.26633151,E07000174,Mansfield
E02002736,Holme Hill - North East Lincolnshire 011,73.1619557,E06000012,North East Lincolnshire
E02002506,Beechwood & James Cook - Middlesbrough 011,73.08008022,E06000002,Middlesbrough
E02002728,Grimsby West Marsh - North East Lincolnshire 003,73.01983096,E06000012,North East Lincolnshire
E02004325,Peterlee East - County Durham 032,72.88692203,E06000047,County Durham
E02005229,Morecambe West End - Lancaster 009,72.86376696,E07000121,Lancaster
E02001141,Central Rochdale & Mandale Park - Rochdale 010,72.86205165,E08000005,Rochdale
E02005846,Worksop Cheapside - Bassetlaw 012,72.62419477,E07000171,Bassetlaw
E02002223,Brown Royd - Bradford 041,72.45518412,E08000032,Bradford
E02001157,Little Hulton North - Salford 001,72.36385016,E08000006,Salford
E02004342,Newton Aycliffe West - County Durham 061,72.25021192,E06000047,County Durham
E02001947,Druids Heath - Birmingham 121,72.22878062,E08000025,Birmingham
E02005823,Sutton Central & Leamington - Ashfield 005,72.19286726,E07000170,Ashfield
E02002233,Canterbury - Bradford 051,72.01372304,E08000032,Bradford
E02001361,Anfield North - Liverpool 015,71.98138901,E08000012,Liverpool
E02001670,Herdings & Gleadless Valley - Sheffield 060,71.79456722,E08000039,Sheffield
E02001355,Walton Hall - Liverpool 009,71.72411475,E08000012,Liverpool
E02002675,Sculcoates - Kingston upon Hull 024,71.64843396,E06000010,"Kingston upon Hull, City of"
E02002813,Rose Hill & Castleward - Derby 018,71.58652908,E06000015,Derby
E02001464,Bootle North - Sefton 036,71.49389447,E08000014,Sefton
E02007104,Elswick South - Newcastle upon Tyne 041,71.41471985,E08000021,Newcastle upon Tyne
E02001332,Stockbridge Village - Knowsley 006,71.18328693,E08000011,Knowsley
E02002430,Middleton Park Avenue - Leeds 101,71.1320093,E08000035,Leeds
E02001465,Bootle South - Sefton 037,71.12213512,E08000014,Sefton
E02001522,Thurnscoe - Barnsley 014,71.09372669,E08000038,Barnsley
E02001493,Tranmere - Wirral 027,71.0490524,E08000015,Wirral
E02001593,Masbrough & Bradgate - Rotherham 016,71.04200102,E08000018,Rotherham
E02001575,New Rossington - Doncaster 037,70.94151816,E08000017,Doncaster
E02002688,Bridlington Hilderthorpe - East Riding of Yorkshire 005,70.93831728,E06000011,East Riding of Yorkshire
E02001385,Toxteth Park - Liverpool 039,70.89180954,E08000012,Liverpool
E02002655,Bransholme East - Kingston upon Hull 004,70.62074483,E06000010,"Kingston upon Hull, City of"
E02001462,Seaforth South - Sefton 034,70.50101302,E08000014,Sefton
E02005226,Morecambe Town - Lancaster 006,70.32850788,E07000121,Lancaster
E02002217,Undercliffe - Bradford 035,70.31399125,E08000032,Bradford
E02002646,Little Marton & Marton Moss Side - Blackpool 014,70.30937057,E06000009,Blackpool
E02002222,Fairweather Green - Bradford 040,70.28845633,E08000032,Bradford
E02001127,Lime Side & Garden Suburb - Oldham 030,70.17849078,E08000004,Oldham
E02001452,Ford - Sefton 024,70.17583851,E08000014,Sefton
E02004078,Cotmanhay - Erewash 001,70.14737147,E07000036,Erewash
E02001793,Town End Farm - Sunderland 003,70.12909862,E08000024,Sunderland
E02001471,Egremont - Wirral 005,70.10530381,E08000015,Wirral
E02002421,Belle Isle North - Leeds 092,70.07680793,E08000035,Leeds
E02003161,Torquay Central - Torbay 008,69.82293481,E06000027,Torbay
E02007060,Central Stockton & Portrack - Stockton-on-Tees 025,69.78880783,E06000004,Stockton-on-Tees
E02002364,Seacroft North & Monkswood - Leeds 035,69.75577038,E08000035,Leeds
E02001561,Hexthorpe & Balby North - Doncaster 023,69.72424442,E08000017,Doncaster
E02003969,"Flimby, Ellenborough & Broughton Moor - Allerdale 005",69.71496392,E06000063,Cumberland
E02001352,Walton North - Liverpool 006,69.68905182,E08000012,Liverpool
E02006305,Lowestoft Central - Waveney 004,69.48202172,E07000244,East Suffolk
E02001363,Yewtree - Liverpool 017,69.2024863,E08000012,Liverpool
E02005888,Newgate & Carr Bank - Mansfield 009,69.18184183,E07000174,Mansfield
E02002838,New Parks & Stokeswood - Leicester 012,69.16256074,E06000016,Leicester
E02004322,Murton North & Parkside - County Durham 018,69.15881065,E06000047,County Durham
E02000996,Breightmet North - Bolton 013,69.14043149,E08000001,Bolton
E02002811,New Normanton - Derby 016,69.02149318,E06000015,Derby
E02007098,Byker East - Newcastle upon Tyne 035,68.99790245,E08000021,Newcastle upon Tyne
E02001487,Birkenhead South - Wirral 021,68.88376026,E08000015,Wirral
E02001391,Netherley - Liverpool 045,68.87235411,E08000012,Liverpool
E02005144,Newington - Thanet 013,68.80255189,E07000114,Thanet
E02001587,Thrybergh & Hooton Roberts - Rotherham 010,68.77046329,E08000018,Rotherham
E02002649,South Shore - Blackpool 017,68.71774179,E06000009,Blackpool
E02002955,Tunstall - Stoke-on-Trent 005,68.66097542,E06000021,Stoke-on-Trent
E02002046,Friar Park - Sandwell 004,68.66055695,E08000028,Sandwell
E02001121,Oldham Town South - Oldham 024,68.55813658,E08000004,Oldham
E02005734,Newbiggin - Northumberland 009,68.35533798,E06000057,Northumberland
E02002494,Owton Manor - Hartlepool 012,68.35375821,E06000001,Hartlepool
E02004370,Hollington - Hastings 003,68.34421151,E07000062,Hastings
E02000999,Central Bolton - Bolton 016,68.29725824,E08000001,Bolton
E02001350,Croxteth West & Gillmoss - Liverpool 004,68.25952675,E08000012,Liverpool
E02001569,Mexborough West - Doncaster 031,68.25185123,E08000017,Doncaster
E02003580,Weston - Southampton 032,68.18547965,E06000045,Southampton
E02002415,Cross Flats Park & Garnets - Leeds 086,68.09294157,E08000035,Leeds
E02001371,Knotty Ash - Liverpool 025,68.02457629,E08000012,Liverpool
E02005147,Ramsgate Harbour - Thanet 016,68.01145824,E07000114,Thanet
E02001330,Kirkby South West & Field Lane - Knowsley 004,68.01026625,E08000011,Knowsley
E02002255,Pellon East - Calderdale 012,67.92148945,E08000033,Calderdale
E02001055,Newton Heath - Manchester 011,67.9018988,E08000003,Manchester
E02004372,Broomgrove - Hastings 005,67.8508753,E07000062,Hastings
E02001794,Hylton Red House & Marley Pots - Sunderland 004,67.68323429,E08000024,Sunderland
E02005178,Central Burnley & Daneshouse - Burnley 003,67.67241971,E07000117,Burnley
E02006957,Broughton East - Salford 031,67.58639308,E08000006,Salford
E02003541,Somers Town - Portsmouth 018,67.36533186,E06000044,Portsmouth
E02001625,Southey Green East - Sheffield 015,67.35402642,E08000039,Sheffield
E02007101,Elswick North - Newcastle upon Tyne 038,67.29494828,E08000021,Newcastle upon Tyne
E02001158,Walkden North West - Salford 002,67.24261623,E08000006,Salford
E02002126,Bloxwich South - Walsall 017,67.22955487,E08000030,Walsall
E02006223,Glascote Heath - Tamworth 007,67.21657852,E07000199,Tamworth
E02002235,Bowling Park - Bradford 053,67.21342942,E08000032,Bradford
E02002580,Widnes Riverside - Halton 007,67.0289148,E06000006,Halton
E02002501,Park Vale - Middlesbrough 006,66.90839528,E06000002,Middlesbrough
E02006735,Warndon West - Worcester 002,66.82645564,E07000237,Worcester
E02003598,Ventnor & Wroxall - Isle of Wight 018,66.82204223,E06000046,Isle of Wight
E02006073,Bridgwater South - Sedgemoor 013,66.81763161,E06000066,Somerset
E02002122,Blakenall South - Walsall 013,66.70716668,E08000030,Walsall
E02001586,Greasborough - Rotherham 009,66.54200442,E08000018,Rotherham
E02003214,Penhill - Swindon 003,66.54187084,E06000030,Swindon
E02002659,Greenwood - Kingston upon Hull 008,66.52648726,E06000010,"Kingston upon Hull, City of"
E02002944,Malinslee - Telford and Wrekin 017,66.45353409,E06000020,Telford and Wrekin
E02005137,Dane Valley & Northdown Hill - Thanet 006,66.41225099,E07000114,Thanet
E02002586,"Grange, Halton Brook & Hallwood Park - Halton 013",66.29445921,E06000006,Halton
E02001547,Adwick le Street & Woodlands - Doncaster 009,66.23753178,E08000017,Doncaster
E02001296,Laithwaite & Marsh Green - Wigan 010,66.17506485,E08000010,Wigan
E02001621,Sheffield Lane Top & Longley Park - Sheffield 011,66.16035751,E08000039,Sheffield
E02005442,Ermine - Lincoln 001,66.14978414,E07000138,Lincoln
E02001515,Athersley - Barnsley 007,66.11277421,E08000038,Barnsley
E02006948,Central Bradford - Bradford 065,66.0999287,E08000032,Bradford
E02005495,Gainsborough West - West Lindsey 004,66.00732456,E07000142,West Lindsey
E02002485,Jesmond - Hartlepool 003,65.91704488,E06000001,Hartlepool
E02003974,Workington East - Allerdale 010,65.86978703,E06000063,Cumberland
E02001173,Cromwell Road & Broad Street - Salford 017,65.71900763,E08000006,Salford
E02004589,Clacton West - Tendring 017,65.70806588,E07000076,Tendring
E02005249,Nelson East - Pendle 010,65.1806547,E07000122,Pendle
E02002249,Ovenden East - Calderdale 006,65.0893801,E08000033,Calderdale
E02006958,Broughton West - Salford 032,65.04617345,E08000006,Salford
E02001591,Eastwood & East Dene - Rotherham 014,65.00896272,E08000018,Rotherham
E02001629,Shirecliffe & Parkwood Springs - Sheffield 019,65.00029801,E08000039,Sheffield
E02002956,Little Chell & Stanfield - Stoke-on-Trent 006,64.99580257,E06000021,Stoke-on-Trent
E02002979,Florence - Stoke-on-Trent 029,64.89638747,E06000021,Stoke-on-Trent
E02001619,Parson Cross - Sheffield 009,64.88722734,E08000039,Sheffield
E02001108,Derker - Oldham 011,64.88001285,E08000004,Oldham
E02003085,Weston Bournville - North Somerset 021,64.84084503,E06000024,North Somerset
E02001572,Edlington - Doncaster 034,64.70516621,E08000017,Doncaster
E02003744,Wisbech South & Peckover - Fenland 003,64.70078189,E07000010,Fenland
E02002730,Sidney Park - North East Lincolnshire 005,64.66562887,E06000012,North East Lincolnshire
E02001422,Derbyshire Hill - St. Helens 017,64.62393822,E08000013,St. Helens
E02005451,Bracebridge North & Boultham Moor - Lincoln 010,64.57604742,E07000138,Lincoln
E02001769,South Shields West - South Tyneside 002,64.57395714,E08000023,South Tyneside
E02004330,Blackhall - County Durham 039,64.53015229,E06000047,County Durham
E02002407,Farnley East - Leeds 078,64.51824824,E08000035,Leeds
E02001597,Maltby East - Rotherham 020,64.40412846,E08000018,Rotherham
E02002648,Hawes Side - Blackpool 016,64.32560375,E06000009,Blackpool
E02005134,Margate Town - Thanet 003,64.31678575,E07000114,Thanet
E02005053,Dover West - Dover 013,64.27662965,E07000108,Dover
E02002489,Old Town & Grange - Hartlepool 007,64.26771574,E06000001,Hartlepool
E02004769,Leigh Park - Havant 008,64.24612244,E07000090,Havant
E02001109,Waterhead - Oldham 012,64.14710673,E08000004,Oldham
E02002963,Northwood - Stoke-on-Trent 013,64.0387882,E06000021,Stoke-on-Trent
E02002583,Halton Castlefield - Halton 010,64.03612141,E06000006,Halton
E02002394,Burmantofts - Leeds 065,63.83608587,E08000035,Leeds
E02005541,Yarmouth North - Great Yarmouth 004,63.81728589,E07000145,Great Yarmouth
E02002484,Headland & West View - Hartlepool 002,63.81433942,E06000001,Hartlepool
E02002219,Girlington - Bradford 037,63.8014198,E08000032,Bradford
E02002802,Chaddesden West - Derby 007,63.76816874,E06000015,Derby
E02002821,Allenton & Osmaston - Derby 026,63.76236871,E06000015,Derby
E02001764,Percy Main - North Tyneside 027,63.73692848,E08000022,North Tyneside
E02001119,Alexandra Park - Oldham 022,63.63953146,E08000004,Oldham
E02004436,Chalvedon - Basildon 013,63.5932629,E07000066,Basildon
E02001295,Wigan East - Wigan 009,63.53444933,E08000010,Wigan
E02002965,Hanley & Etruria - Stoke-on-Trent 015,63.51209478,E06000021,Stoke-on-Trent
E02002660,Bilton Grange - Kingston upon Hull 009,63.44219882,E06000010,"Kingston upon Hull, City of"
E02001539,Moorends - Doncaster 001,63.40865092,E08000017,Doncaster
E02002680,Hull City Centre - Kingston upon Hull 029,63.37363241,E06000010,"Kingston upon Hull, City of"
E02002527,Loftus & Skinningrove - Redcar and Cleveland 013,63.32985433,E06000003,Redcar and Cleveland
E02001526,Kendray - Barnsley 018,63.27919295,E08000038,Barnsley
E02003524,Paulsgrove East - Portsmouth 001,63.27540486,E06000044,Portsmouth
E02003584,Ryde Central - Isle of Wight 004,63.12360282,E06000046,Isle of Wight
E02002978,Meir North - Stoke-on-Trent 028,63.08398208,E06000021,Stoke-on-Trent
E02001451,Netherton North - Sefton 023,63.04773369,E08000014,Sefton
E02003575,Hightown - Southampton 027,62.94321014,E06000045,Southampton
E02002238,Bankfoot - Bradford 056,62.85823319,E08000032,Bradford
E02004355,Bishop Auckland South - County Durham 058,62.84075198,E06000047,County Durham
E02002852,Braunstone Park West - Leicester 026,62.77123058,E06000016,Leicester
E02002977,Dresden - Stoke-on-Trent 027,62.60032692,E06000021,Stoke-on-Trent
E02001419,Town Centre East & Fingerpost - St. Helens 014,62.59147964,E08000013,St. Helens
E02001129,Failsworth West - Oldham 032,62.59118946,E08000004,Oldham
E02002496,Middlesbrough Central - Middlesbrough 001,62.5879671,E06000002,Middlesbrough
E02001855,Castle Vale - Birmingham 029,62.54155003,E08000025,Birmingham
E02002220,Thornbury - Bradford 038,62.48401804,E08000032,Bradford
E02002414,Beeston Hill & Hunslet Moor - Leeds 085,62.46511411,E08000035,Leeds
E02001331,Knowsley Village & Southdene - Knowsley 005,62.45557898,E08000011,Knowsley
E02001622,Southey Green West - Sheffield 012,62.44712193,E08000039,Sheffield
E02002961,Cobridge & Central Forest - Stoke-on-Trent 011,62.4294792,E06000021,Stoke-on-Trent
E02002379,Seacroft South - Leeds 050,62.41607618,E08000035,Leeds
E02001632,Burngreave & Grimesthorpe - Sheffield 022,62.13980439,E08000039,Sheffield
E02002056,Tibbington - Sandwell 014,62.01718676,E08000028,Sandwell
E02001366,Tuebrook - Liverpool 020,61.92399236,E08000012,Liverpool
E02002245,Mixenden - Calderdale 002,61.91257323,E08000033,Calderdale
E02001356,Norris Green East - Liverpool 010,61.8709376,E08000012,Liverpool
E02001417,Town Centre West - St. Helens 012,61.86645543,E08000013,St. Helens
E02003997,Botcherby & Harraby - Carlisle 011,61.84742925,E06000063,Cumberland
E02001649,Woodthorpe - Sheffield 039,61.83163166,E08000039,Sheffield
E02005557,North Lynn - King's Lynn and West Norfolk 007,61.81277051,E07000146,King's Lynn and West Norfolk
E02001954,Hawkesley - Birmingham 128,61.72414835,E08000025,Birmingham
E02002118,Bloxwich North West - Walsall 009,61.59519308,E08000030,Walsall
E02002756,Scunthorpe Central & Crosby - North Lincolnshire 008,61.56993182,E06000013,North Lincolnshire
E02001617,Shiregreen North - Sheffield 007,61.55907779,E08000039,Sheffield
E02004004,"Mirehouse, Kells & Woodhouse - Copeland 005",61.52305693,E06000063,Cumberland
E02002861,Saffron Lane - Leicester 035,61.42689858,E06000016,Leicester
E02005248,Nelson Bradley - Pendle 009,61.37838876,E07000122,Pendle
E02001416,Broad Oak - St. Helens 011,61.37728285,E08000013,St. Helens
E02002051,Ocker Hill - Sandwell 009,61.37510099,E08000028,Sandwell
E02001116,Salem - Oldham 019,61.36024774,E08000004,Oldham
E02001620,Shiregreen South - Sheffield 010,61.33041362,E08000039,Sheffield
E02002869,Bulwell North - Nottingham 002,61.30543494,E06000018,Nottingham
E02005317,Skelmersdale South East - West Lancashire 014,61.26572813,E07000127,West Lancashire
E02001149,Heywood Town - Rochdale 018,61.19295926,E08000005,Rochdale
E02004340,Shildon - County Durham 059,61.15560307,E06000047,County Durham
E02006775,Birchen Coppice - Wyre Forest 009,61.01611035,E07000239,Wyre Forest
E02002722,Withernsea East & Patrington - East Riding of Yorkshire 039,60.93960978,E06000011,East Riding of Yorkshire
E02005546,Gorleston North - Great Yarmouth 009,60.93039203,E07000145,Great Yarmouth
E02003056,Knowle West - Bristol 045,60.90983171,E06000023,"Bristol, City of"
E02004351,Coundon North - County Durham 051,60.81587871,E06000047,County Durham
E02005177,Queensgate - Burnley 002,60.77745657,E07000117,Burnley
E02001153,Langley & Wood Side - Rochdale 022,60.720585,E08000005,Rochdale
E02002577,Hough Green - Halton 004,60.57214168,E06000006,Halton
E02002953,Bradeley & Chell Heath - Stoke-on-Trent 003,60.52888069,E06000021,Stoke-on-Trent
E02001475,Leasowe South & Moreton East - Wirral 009,60.50951065,E08000015,Wirral
E02002376,Gipton North - Leeds 047,60.50658663,E08000035,Leeds
E02001525,Worsbrough Common - Barnsley 017,60.46407488,E08000038,Barnsley
E02001692,Mount Pleasant & Deckham East - Gateshead 011,60.44469777,E08000037,Gateshead
E02004770,West Leigh - Havant 009,60.43727676,E07000090,Havant
E02003743,Wisbech North - Fenland 002,60.38543362,E07000010,Fenland
E02005431,"Alford, Withern & Willoughby - East Lindsey 008",60.34054877,E07000137,East Lindsey
E02001094,Benchill South & Wythenshawe Central - Manchester 050,60.29545458,E08000003,Manchester
E02002887,Beechdale - Nottingham 020,60.29378732,E06000018,Nottingham
E02006974,Longton West & Sandford Hill - Stoke-on-Trent 035,60.20694692,E06000021,Stoke-on-Trent
E02004376,Central Hastings - Hastings 009,60.19534227,E07000062,Hastings
E02001386,Belle Vale - Liverpool 040,60.18830343,E08000012,Liverpool
E02005826,Kirkby Central - Ashfield 008,60.08418487,E07000170,Ashfield
E02001354,Walton East - Liverpool 008,60.06126097,E08000012,Liverpool
E02002400,Armley & New Wortley - Leeds 071,59.93454537,E08000035,Leeds
E02001061,Openshaw & Gorton North - Manchester 017,59.91302768,E08000003,Manchester
E02001476,Poulton - Wirral 010,59.90256186,E08000015,Wirral
E02002950,Sutton Hill - Telford and Wrekin 023,59.89187135,E06000020,Telford and Wrekin
E02001585,Rawmarsh South - Rotherham 008,59.8787216,E08000018,Rotherham
E02002623,"Witton, Mill Hill & Hollin Bank - Blackburn with Darwen 009",59.85480443,E06000008,Blackburn with Darwen
E02001795,Southwick - Sunderland 005,59.8335361,E08000024,Sunderland
E02004302,Stanley West & Annfield Plain - County Durham 009,59.78997308,E06000047,County Durham
E02002818,Normanton South - Derby 023,59.76755991,E06000015,Derby
E02005497,Gainsborough East - West Lindsey 006,59.73128976,E07000142,West Lindsey
E02002570,Bank Top - Darlington 012,59.65902304,E06000005,Darlington
E02004331,Thornley & Wheatley Hill - County Durham 040,59.63457482,E06000047,County Durham
E02002401,Halton Moor - Leeds 072,59.59844024,E08000035,Leeds
E02002127,Walsall Ryecroft - Walsall 018,59.55457801,E08000030,Walsall
E02007000,Werneth - Oldham 036,59.53484951,E08000004,Oldham
E02002393,Lincoln Green & St James - Leeds 064,59.51605689,E08000035,Leeds
E02003742,"Leverington, Gorefield & Tydd St Giles - Fenland 001",59.51508976,E07000010,Fenland
E02001802,Pallion North - Sunderland 012,59.34878327,E08000024,Sunderland
E02006303,Gunton West - Waveney 002,59.33446728,E07000244,East Suffolk
E02002947,Brookside - Telford and Wrekin 020,59.21337994,E06000020,Telford and Wrekin
E02005261,Ribbleton - Preston 009,59.14949629,E07000123,Preston
E02005711,Blyth Isabella - Northumberland 024,59.11265834,E06000057,Northumberland
E02001837,Kingstanding South East - Birmingham 011,59.10412661,E08000025,Birmingham
E02002872,Bulwell West - Nottingham 005,59.09340437,E06000018,Nottingham
E02001432,Southport Waterfront - Sefton 004,59.0869512,E08000014,Sefton
E02002878,Broxtowe & Cinderhill - Nottingham 011,58.9475254,E06000018,Nottingham
E02001067,Gorton South - Manchester 023,58.86961699,E08000003,Manchester
E02006834,Top Valley East - Nottingham 038,58.80974408,E06000018,Nottingham
E02001064,Belle Vue & West Gorton - Manchester 020,58.75747666,E08000003,Manchester
E02003515,Whitehawk - Brighton and Hove 025,58.66503819,E06000043,Brighton and Hove
E02001543,Carcroft - Doncaster 005,58.60702402,E08000017,Doncaster
E02002829,Stocking Farm & Mowmacre - Leicester 003,58.46418625,E06000016,Leicester
E02004586,Clacton East - Tendring 014,58.40805869,E07000076,Tendring
E02001146,Deeplish - Rochdale 015,58.36449476,E08000005,Rochdale
E02002389,Gipton South & Killingbeck Park - Leeds 060,58.29964446,E08000035,Leeds
E02001897,Sparkbrook North - Birmingham 071,58.25805499,E08000025,Birmingham
E02004578,Walton & Frinton Coastal - Tendring 006,58.1822816,E07000076,Tendring
E02002212,Chellow Heights - Bradford 030,58.1114314,E08000032,Bradford
E02001530,Goldthorpe - Barnsley 022,58.11114786,E08000038,Barnsley
E02003594,Sandown & Brading - Isle of Wight 014,58.08763645,E06000046,Isle of Wight
E02005051,Buckland & St Radigunds - Dover 011,58.08056715,E07000108,Dover
E02001139,Wardleworth & Newbold Brow - Rochdale 008,57.97865642,E08000005,Rochdale
E02001813,Thorney Close & Plains Farm - Sunderland 023,57.87496393,E08000024,Sunderland
E02004748,Gosport Town - Gosport 008,57.77777561,E07000088,Gosport
E02005216,Church - Hyndburn 005,57.6805072,E07000120,Hyndburn
E02001588,Kimberworth Park - Rotherham 011,57.58547029,E08000018,Rotherham
E02002215,Toller Lane & Infirmary - Bradford 033,57.55367183,E08000032,Bradford
E02001964,Henley Green & Wood End - Coventry 007,57.50235305,E08000026,Coventry
E02001381,Wavertree West - Liverpool 035,57.49309338,E08000012,Liverpool
E02001333,Prescot - Knowsley 007,57.46796103,E08000011,Knowsley
E02004767,Barncroft & Warren Park - Havant 006,57.39831278,E07000090,Havant
E02002175,Bilston Lunt & Loxdale - Wolverhampton 027,57.33774999,E08000031,Wolverhampton
E02003167,Paignton Central - Torbay 014,57.33773962,E06000027,Torbay
E02003942,Bodmin West - Cornwall 015,57.23061232,E06000052,Cornwall
E02005800,Scarborough Town & North Bay - Scarborough 006,57.19129482,E06000065,North Yorkshire
E02002248,Wheatley & Ovenden West - Calderdale 005,57.18296161,E08000033,Calderdale
E02001025,Fairfield & Jericho - Bury 007,57.15906354,E08000002,Bury
E02002009,Kates Hill - Dudley 010,57.1429394,E08000027,Dudley
E02006881,Rose Hill & Burnley Wood - Burnley 014,57.13724905,E07000117,Burnley
E02001568,Mexborough East - Doncaster 030,57.01596428,E08000017,Doncaster
E02003745,"Wisbech St Mary, Waldersea & Christchurch - Fenland 004",56.98962197,E07000010,Fenland
E02006309,Pakefield North - Waveney 008,56.94865315,E07000244,East Suffolk
E02004771,Stockheath Common - Havant 010,56.84531775,E07000090,Havant
E02007052,Heigham Grove & St Augustines - Norwich 016,56.83481382,E07000148,Norwich
E02002622,Shadsworth & Intack - Blackburn with Darwen 008,56.79879696,E06000008,Blackburn with Darwen
E02002515,Redcar Town & Coatham - Redcar and Cleveland 001,56.7894708,E06000003,Redcar and Cleveland
E02004031,Somercotes & Pye Bridge - Amber Valley 003,56.75012681,E07000032,Amber Valley
E02003588,Newport East & Parkhurst East - Isle of Wight 008,56.70103038,E06000046,Isle of Wight
E02002005,Dudley Priory & Wrens Nest - Dudley 006,56.66472048,E08000027,Dudley
E02001255,Hattersley - Tameside 027,56.60869898,E08000008,Tameside
E02002490,Foggy Furze - Hartlepool 008,56.57857587,E06000001,Hartlepool
E02001659,Woodhouse West - Sheffield 049,56.54645508,E08000039,Sheffield
E02001951,Frankley - Birmingham 125,56.5346555,E08000025,Birmingham
E02003980,Orsmgill & Hindpool - Barrow-in-Furness 004,56.49583321,E06000064,Westmorland and Furness
E02001113,Busk - Oldham 016,56.41774649,E08000004,Oldham
E02003061,Highridge - Bristol 050,56.36960743,E06000023,"Bristol, City of"
E02001143,Kingsway - Rochdale 012,56.21388063,E08000005,Rochdale
E02004326,Shotton & Haswell - County Durham 034,56.19320285,E06000047,County Durham
E02001389,Princes Park - Liverpool 043,56.18467301,E08000012,Liverpool
E02005418,Fenside & Lister Way - Boston 002,56.17598744,E07000136,Boston
E02001234,Smallshaw - Tameside 006,56.13278029,E08000008,Tameside
E02002862,Eyres Monsell - Leicester 036,56.11378666,E06000016,Leicester
E02006068,Bridgwater North - Sedgemoor 008,56.04415265,E06000066,Somerset
E02001010,Farnworth North - Bolton 027,56.00518923,E08000001,Bolton
E02001628,Tinsley & Carbrook - Sheffield 018,55.99313485,E08000039,Sheffield
E02001497,Bebington New Ferry - Wirral 031,55.9525834,E08000015,Wirral
E02002954,Norton - Stoke-on-Trent 004,55.87749441,E06000021,Stoke-on-Trent
E02003995,Raffles & Morton - Carlisle 009,55.85023616,E06000063,Cumberland
E02002016,Brockmoor & Woodside - Dudley 017,55.83853488,E08000027,Dudley
E02001567,Balby South - Doncaster 029,55.78179165,E08000017,Doncaster
E02005448,Birchwood West - Lincoln 007,55.77460151,E07000138,Lincoln
E02005179,Padiham - Burnley 004,55.73388161,E07000117,Burnley
E02001147,Balderstone & Kirkholt - Rochdale 016,55.68916461,E08000005,Rochdale
E02002226,Shearbridge & University - Bradford 044,55.6767457,E08000032,Bradford
E02002981,Meir South & Lightwood - Stoke-on-Trent 031,55.65309334,E06000021,Stoke-on-Trent
E02002189,Keighley Utley - Bradford 007,55.60730141,E08000032,Bradford
E02001734,Benwell - Newcastle upon Tyne 027,55.57919387,E08000021,Newcastle upon Tyne
E02001346,Halewood South - Knowsley 020,55.57323341,E08000011,Knowsley
E02002682,Gypsyville - Kingston upon Hull 031,55.43057865,E06000010,"Kingston upon Hull, City of"
E02002687,Bridlington Central - East Riding of Yorkshire 004,55.38021514,E06000011,East Riding of Yorkshire
E02003587,Ryde South - Isle of Wight 007,55.37858193,E06000046,Isle of Wight
E02005801,Barrowcliff & Northstead - Scarborough 007,55.28322478,E06000065,North Yorkshire
E02001034,Radcliffe - Bury 016,55.27000833,E08000002,Bury
E02003227,Walcot East - Swindon 016,55.25953565,E06000030,Swindon
E02002500,Linthorpe East & Albert Park - Middlesbrough 005,55.24327599,E06000002,Middlesbrough
E02003596,Shanklin Central & Lake - Isle of Wight 016,55.17593939,E06000046,Isle of Wight
E02002491,Rift House & Summerhill - Hartlepool 009,55.17059075,E06000001,Hartlepool
E02003560,Redbridge & Millbrook West - Southampton 012,55.14090388,E06000045,Southampton
E02001880,Glebe Farm - Birmingham 054,55.13301562,E08000025,Birmingham
E02002190,Keighley Central & East - Bradford 008,55.10911941,E08000032,Bradford
E02003538,Fratton Kingston - Portsmouth 015,55.10648979,E06000044,Portsmouth
E02005266,St Matthew's - Preston 014,55.0147976,E07000123,Preston
E02002482,South Kirkby - Wakefield 045,54.97611456,E08000036,Wakefield
E02002280,Batley Central - Kirklees 010,54.95945991,E08000034,Kirklees
E02001059,"Beswick, Eastlands & Openshaw Park - Manchester 015",54.93456263,E08000003,Manchester
E02006114,Minehead Outer & Porlock - West Somerset 002,54.88248796,E06000066,Somerset
E02001866,Lozells West - Birmingham 040,54.88046233,E08000025,Birmingham
E02003998,Currock & Upperby - Carlisle 012,54.86771677,E06000063,Cumberland
E02002634,Churchtown - Blackpool 002,54.84883047,E06000009,Blackpool
E02003246,Millfield & Bourges Boulevard - Peterborough 010,54.84801939,E06000031,Peterborough
E02001339,Whiston South - Knowsley 013,54.84497934,E08000011,Knowsley
E02005887,Mansfield Town Centre & Broomhill - Mansfield 008,54.81775516,E07000174,Mansfield
E02001341,Huyton East - Knowsley 015,54.80789471,E08000011,Knowsley
E02002588,Halton Lea & Brookvale - Halton 015,54.78584954,E06000006,Halton
E02002661,Longhill - Kingston upon Hull 010,54.77413243,E06000010,"Kingston upon Hull, City of"
E02001016,Highfield & New Bury - Bolton 033,54.77083972,E08000001,Bolton
E02001996,Willenhall - Coventry 039,54.71801004,E08000026,Coventry
E02005585,Mile Cross - Norwich 002,54.70286032,E07000148,Norwich
E02005544,Southtown & Cobholm - Great Yarmouth 007,54.62534031,E07000145,Great Yarmouth
E02001316,Leigh Central - Wigan 030,54.59028059,E08000010,Wigan
E02003573,Thornhill - Southampton 025,54.55858459,E06000045,Southampton
E02001008,Lever Edge - Bolton 025,54.54872144,E08000001,Bolton
E02002130,Leamore - Walsall 021,54.44191165,E08000030,Walsall
E02000994,Halliwell & Brownlow Fold - Bolton 011,54.43307264,E08000001,Bolton
E02004582,Clacton North - Tendring 010,54.37086674,E07000076,Tendring
E02002970,Fenton - Stoke-on-Trent 020,54.35423043,E06000021,Stoke-on-Trent
E02001693,Felling South - Gateshead 012,54.22741233,E08000037,Gateshead
E02002620,Central Blackburn - Blackburn with Darwen 006,54.22410419,E06000008,Blackburn with Darwen
E02001702,Beacon Lough & Wrekenton - Gateshead 021,54.07168831,E08000037,Gateshead
E02002476,Kinsley & Fitzwilliam - Wakefield 039,54.07023065,E08000036,Wakefield
E02001319,Leigh West - Wigan 033,54.06630471,E08000010,Wigan
E02004301,Stanley South - County Durham 008,54.06349476,E06000047,County Durham
E02002854,Braunstone Park East - Leicester 028,54.04960001,E06000016,Leicester
E02001045,Boothroyden & Higher Blackley - Manchester 001,54.04662529,E08000003,Manchester
E02002218,Allerton - Bradford 036,54.04577477,E08000032,Bradford
E02003924,Camborne West - Cornwall 053,54.01516281,E06000052,Cornwall
E02002208,Eccleshill - Bradford 026,53.96544854,E08000032,Bradford
E02001529,Worsbrough - Barnsley 021,53.94025962,E08000038,Barnsley
E02002964,Townsend & Eaton Park - Stoke-on-Trent 014,53.89431044,E06000021,Stoke-on-Trent
E02002562,Rise Carr - Darlington 004,53.88658568,E06000005,Darlington
E02005736,Ashington East - Northumberland 013,53.87072254,E06000057,Northumberland
E02003552,Coxford & Lords Hill - Southampton 004,53.81701455,E06000045,Southampton
E02002885,Hyson Green - Nottingham 018,53.68612926,E06000018,Nottingham
E02002086,Chelmsley Wood West - Solihull 006,53.67235724,E08000029,Solihull
E02001124,Chadderton South East - Oldham 027,53.62767106,E08000004,Oldham
E02001799,Concord and Sulgrave - Sunderland 009,53.54979379,E08000024,Sunderland
E02003014,Lawrence Weston - Bristol 003,53.52309834,E06000023,"Bristol, City of"
E02004336,Ferryhill East & Cornforth - County Durham 050,53.47849442,E06000047,County Durham
E02006770,Kidderminster Town - Wyre Forest 004,53.47331792,E07000239,Wyre Forest
E02001050,Hapurhey North - Manchester 006,53.43138158,E08000003,Manchester
E02001774,Jarrow Town - South Tyneside 007,53.37211894,E08000023,South Tyneside
E02004175,Ilfracombe East - North Devon 001,53.35638973,E07000043,North Devon
E02001874,Washwood Heath - Birmingham 048,53.33009832,E08000025,Birmingham
E02005417,Leake & Butterwick - Boston 001,53.31666914,E07000136,Boston
E02001182,Barton upon Irwell - Salford 026,53.29517378,E08000006,Salford
E02002438,Ferry Fryston - Wakefield 001,53.22887159,E08000036,Wakefield
E02001303,Atherton North - Wigan 017,53.15233353,E08000010,Wigan
E02003243,Paston - Peterborough 007,53.06130845,E06000031,Peterborough
E02001236,Stalybridge North - Tameside 008,53.02098737,E08000008,Tameside
E02006115,"Watchet, Washford & Carhampton - West Somerset 003",52.90467073,E06000066,Somerset
E02001889,Little Bromwich - Birmingham 063,52.8659372,E08000025,Birmingham
E02001895,Sheldon North - Birmingham 069,52.82376488,E08000025,Birmingham
E02002369,Hollin Park & Fearnville - Leeds 040,52.76845564,E08000035,Leeds
E02001466,Bootle East - Sefton 038,52.74037112,E08000014,Sefton
E02001046,Blackley - Manchester 002,52.70857033,E08000003,Manchester
E02002641,Queenstown & Layton - Blackpool 009,52.68657116,E06000009,Blackpool
E02002088,Chelmsley Wood East - Solihull 008,52.63064968,E08000029,Solihull
E02006819,Kirby Frith - Leicester 039,52.63011051,E06000016,Leicester
E02001860,Handsworth West - Birmingham 034,52.55724321,E08000025,Birmingham
E02004744,Rowner - Gosport 004,52.51896895,E07000088,Gosport
E02005218,Oswaldtwistle - Hyndburn 007,52.51141529,E07000120,Hyndburn
E02001140,Spotland Bridge - Rochdale 009,52.46888106,E08000005,Rochdale
E02003245,North Bretton & Westwood - Peterborough 009,52.46241281,E06000031,Peterborough
E02001816,Lakeside & Farrington - Sunderland 026,52.46133488,E08000024,Sunderland
E02001338,Huyton Farm - Knowsley 012,52.43958564,E08000011,Knowsley
E02006983,Miles Platting & New Islington North - Manchester 061,52.42782167,E08000003,Manchester
E02004047,Creswell & Hodthorpe - Bolsover 003,52.39239487,E07000033,Bolsover
E02001689,Bensham North - Gateshead 008,52.37744005,E08000037,Gateshead
E02001047,Charlestown - Manchester 003,52.32112324,E08000003,Manchester
E02002546,Eastbourne & Newham Grange - Stockton-on-Tees 012,52.27913756,E06000004,Stockton-on-Tees
E02001200,"Central Stockport, Portwood & Shaw Heath - Stockport 014",52.26167053,E08000007,Stockport
E02001637,Darnall - Sheffield 027,52.2509092,E08000039,Sheffield
E02002387,Bramley Park South - Leeds 058,52.2417676,E08000035,Leeds
E02002241,Buttershaw - Bradford 059,52.1916464,E08000032,Bradford
E02002211,Heaton Highgate - Bradford 029,52.15175153,E08000032,Bradford
E02002636,Warbreck & Bipsham Road - Blackpool 004,52.13661774,E06000009,Blackpool
E02001779,Simonside - South Tyneside 012,52.03195186,E08000023,South Tyneside
E02002764,Scunthorpe Westcliff - North Lincolnshire 016,52.01822857,E06000013,North Lincolnshire
E02001661,Heeley & Newfield Green - Sheffield 051,51.96296898,E08000039,Sheffield
E02005436,Spilsby & Burgh le Marsh - East Lindsey 013,51.93460115,E07000137,East Lindsey
E02006117,"Dunster, Dulverton & Exmoor - West Somerset 005",51.93132227,E06000066,Somerset
E02001085,Burnage South - Manchester 041,51.91232782,E08000003,Manchester
E02002740,Littlefield South & Grange - North East Lincolnshire 015,51.85373841,E06000012,North East Lincolnshire
E02001783,Biddick Hill - South Tyneside 016,51.78304979,E08000023,South Tyneside
E02003084,Weston Town - North Somerset 020,51.77599957,E06000024,North Somerset
E02005215,Accrington North East - Hyndburn 004,51.7679774,E07000120,Hyndburn
E02004584,Holland-on-Sea - Tendring 012,51.73879885,E07000076,Tendring
E02002140,Pleck - Walsall 031,51.72936248,E08000030,Walsall
E02001881,Belchers Lane & Eastfield Road - Birmingham 055,51.66580049,E08000025,Birmingham
E02003257,Orton Malborne & Goldhay - Peterborough 021,51.61087295,E06000031,Peterborough
E02005052,Dover East - Dover 012,51.60259514,E07000108,Dover
E02005880,Church Warsop & Meden Vale - Mansfield 001,51.58642006,E07000174,Mansfield
E02005231,Skerton & Vale - Lancaster 011,51.52539914,E07000121,Lancaster
E02005230,Morecambe Westgate - Lancaster 010,51.51255292,E07000121,Lancaster
E02001150,Heywood Heap Bridge & Darnhill - Rochdale 019,51.49856975,E08000005,Rochdale
E02001541,Thorne - Doncaster 003,51.47413439,E08000017,Doncaster
E02001372,Dovecot - Liverpool 026,51.46950442,E08000012,Liverpool
E02006915,Strangeways - Manchester 058,51.45362748,E08000003,Manchester
E02003525,Wymering - Portsmouth 002,51.43134715,E06000044,Portsmouth
E02001373,Fairfield East - Liverpool 027,51.41862807,E08000012,Liverpool
E02001396,Dingle - Liverpool 050,51.33968441,E08000012,Liverpool
E02002139,Walsall Central - Walsall 030,51.31607371,E08000030,Walsall
E02001065,Abbey Hey - Manchester 021,51.31379712,E08000003,Manchester
E02001403,Garston - Liverpool 057,51.2980921,E08000012,Liverpool
E02001826,Hetton-le-Hole South - Sunderland 036,51.25322042,E08000024,Sunderland
E02001093,Benchill North & Sharston - Manchester 049,51.25266846,E08000003,Manchester
E02002952,Goldenhill & Sandyford - Stoke-on-Trent 002,51.23030268,E06000021,Stoke-on-Trent
E02002815,Normanton North & Peartree - Derby 020,51.21755419,E06000015,Derby
E02003147,"Devonport, Mount Wise & Morice Town - Plymouth 026",51.20533179,E06000026,Plymouth
E02002880,Aspley - Nottingham 013,51.1615267,E06000018,Nottingham
E02002082,Smith's Wood North - Solihull 002,51.16124866,E08000029,Solihull
E02001375,Stoneycroft - Liverpool 029,51.15207007,E08000012,Liverpool
E02001801,Millfield - Sunderland 011,51.14503858,E08000024,Sunderland
E02001160,Little Hulton South - Salford 004,51.14417396,E08000006,Salford
E02005517,Thetford North - Breckland 015,51.1154922,E07000143,Breckland
E02001491,Woodchurch - Wirral 025,51.07985628,E08000015,Wirral
E02001310,Platt Bridge & Spring View - Wigan 024,51.04842052,E08000010,Wigan
E02003244,Dogsthorpe - Peterborough 008,50.97356886,E06000031,Peterborough
E02001840,Perry Common - College Road - Birmingham 014,50.91587641,E08000025,Birmingham
E02006102,Taunton Pyrland & Priorswood - Taunton Deane 004,50.8953951,E06000066,Somerset
E02001767,Wallsend West - North Tyneside 030,50.88574975,E08000022,North Tyneside
E02002231,Scholemoor - Bradford 049,50.87300662,E08000032,Bradford
E02004048,Bolsover North & Shuttlewood - Bolsover 004,50.80214137,E07000033,Bolsover
E02002166,East Park - Wolverhampton 018,50.70589172,E08000031,Wolverhampton
E02006245,Whitton - Ipswich 001,50.68402219,E07000202,Ipswich
E02005710,Blyth Town - Northumberland 023,50.6598556,E06000057,Northumberland
E02003328,Chatham Central and Rochester Riverside - Medway 015,50.65476533,E06000035,Medway
E02003570,Newtown & Nicholstown - Southampton 022,50.63518437,E06000045,Southampton
E02001781,Brockley Whins - South Tyneside 014,50.61248262,E08000023,South Tyneside
E02005582,Stalham & Sea Palling - North Norfolk 013,50.60103334,E07000147,North Norfolk
E02001760,Chirton - North Tyneside 023,50.60060515,E08000022,North Tyneside
E02004349,Crook North & Tow Low - County Durham 045,50.55487653,E06000047,County Durham
E02001879,Summerfield - Birmingham 053,50.4621271,E08000025,Birmingham
E02001961,Bell Green - Coventry 004,50.41356673,E08000026,Coventry
E02002542,Roseworth - Stockton-on-Tees 008,50.40725754,E06000004,Stockton-on-Tees
E02002579,Ditton - Halton 006,50.34572655,E06000006,Halton
E02003292,Kursaal - Southend-on-Sea 014,50.33719175,E06000033,Southend-on-Sea
E02002057,Tipton - Sandwell 015,50.31585723,E08000028,Sandwell
E02005181,Whittlefield & Rose Grove - Burnley 006,50.22592237,E07000117,Burnley
E02002070,Smethwick South - Sandwell 028,50.21643269,E08000028,Sandwell
E02001179,Langworthy Buile Hill - Salford 023,50.21522914,E08000006,Salford
E02003589,Newport Central & Parkhurst West - Isle of Wight 009,50.16757275,E06000046,Isle of Wight
E02002367,Meanwood South & Sugarwell - Leeds 038,50.14576385,E08000035,Leeds
E02001460,Seaforth North - Sefton 032,50.09906314,E08000014,Sefton
E02001313,Leigh North - Wigan 027,50.08102119,E08000010,Wigan
E02005321,Fleetwood Rossall & Chatsworth - Wyre 003,50.02548733,E07000128,Wyre
E02005548,Gorleston West - Great Yarmouth 011,50.01887984,E07000145,Great Yarmouth
E02003333,Luton - Medway 020,50.00061963,E06000035,Medway
E02002519,Redcar Lakes South - Redcar and Cleveland 005,49.97699406,E06000003,Redcar and Cleveland
E02001362,Muirhead Avenue - Liverpool 016,49.96714043,E08000012,Liverpool
E02002629,East Darwen - Blackburn with Darwen 015,49.96343085,E06000008,Blackburn with Darwen
E02002651,Squires Gate - Blackpool 019,49.92745564,E06000009,Blackpool
E02002399,Osmondthorpe & Neville Hill - Leeds 070,49.86932369,E08000035,Leeds
E02002012,Russell's Hall - Dudley 013,49.85012002,E08000027,Dudley
E02002143,Palfrey - Walsall 034,49.76028463,E08000030,Walsall
E02004371,Ore - Hastings 004,49.74031635,E07000062,Hastings
E02002637,Hoohill - Blackpool 005,49.69869422,E06000009,Blackpool
E02001241,Ashton Central - Tameside 013,49.62545643,E08000008,Tameside
E02005563,"Marshland, Walpole & Walton - King's Lynn and West Norfolk 013",49.54740461,E07000146,King's Lynn and West Norfolk
E02001463,Orrell - Sefton 035,49.53644627,E08000014,Sefton
E02005445,"Monks Road, St Giles & Greetwell - Lincoln 004",49.52367903,E07000138,Lincoln
E02002152,Bushbury Hill - Wolverhampton 004,49.50753733,E08000031,Wolverhampton
E02004051,"Langwith, Shirebrook South & Pleasley - Bolsover 007",49.50007602,E07000033,Bolsover
E02001871,Buckland End - Birmingham 045,49.48837444,E08000025,Birmingham
E02006975,Portsea - Portsmouth 027,49.4697576,E06000044,Portsmouth
E02001573,Conisbrough South - Doncaster 035,49.46348779,E08000017,Doncaster
E02004585,Clacton Bocking's Elm - Tendring 013,49.4572118,E07000076,Tendring
E02005566,"Upwell, Delph & Emneth - King's Lynn and West Norfolk 016",49.4443043,E07000146,King's Lynn and West Norfolk
E02002289,Dewsbury Moor Lower & Westtown - Kirklees 019,49.42463295,E08000034,Kirklees
E02003925,Camborne South - Cornwall 055,49.36107958,E06000052,Cornwall
E02002377,Harehills North - Leeds 048,49.35949571,E08000035,Leeds
E02003949,Penzance Quay - Cornwall 068,49.32862649,E06000052,Cornwall
E02002021,Brierley Hill - Dudley 022,49.26054986,E08000027,Dudley
E02006989,Victoria Park - Plymouth 033,49.23063431,E06000026,Plymouth
E02004284,"Weymouth Town, Melcombe Regis & Rodwell - Weymouth and Portland 004",49.21156653,E06000059,Dorset
E02001004,Rumworth North - Bolton 021,49.16185405,E08000001,Bolton
E02006065,Highbridge - Sedgemoor 005,49.13037077,E06000066,Somerset
E02001883,Kitts Green - Birmingham 057,49.11812664,E08000025,Birmingham
E02002203,Windhill - Bradford 021,49.10629772,E08000032,Bradford
E02001114,Chadderton Central - Oldham 017,49.03494364,E08000004,Oldham
E02002662,Ings - Kingston upon Hull 011,49.01060232,E06000010,"Kingston upon Hull, City of"
E02002194,Keighley Exley Head - Bradford 012,49.00596661,E08000032,Bradford
E02002155,Low Hill - Wolverhampton 007,48.94037052,E08000031,Wolverhampton
E02002010,New Dock & Eve Hill - Dudley 011,48.93776639,E08000027,Dudley
E02001941,Yardley Wood West - Birmingham 115,48.92164656,E08000025,Birmingham
E02003748,March East - Fenland 007,48.92047149,E07000010,Fenland
E02001872,Shard End & Kingfisher - Birmingham 046,48.90322708,E08000025,Birmingham
E02003597,"Niton, Shorwell & Godshill - Isle of Wight 017",48.85456266,E06000046,Isle of Wight
E02003586,Ryde West & Havenstreet - Isle of Wight 006,48.85353182,E06000046,Isle of Wight
E02001945,Allens Cross - Birmingham 119,48.84720177,E08000025,Birmingham
E02005643,Kettering Avondale Grange - Kettering 005,48.84075155,E06000061,North Northamptonshire
E02002635,Norbreck & Bipsham - Blackpool 003,48.8340802,E06000009,Blackpool
E02004050,Shirebrook North - Bolsover 006,48.8181224,E07000033,Bolsover
E02001865,Handsworth South - Birmingham 039,48.79293943,E08000025,Birmingham
E02005246,Colne Waterside - Pendle 007,48.79097127,E07000122,Pendle
E02003250,Peterborough Central - Peterborough 014,48.78379362,E06000031,Peterborough
E02006935,Thatto Heath - St. Helens 024,48.74054676,E08000013,St. Helens
E02002017,Netherton - Dudley 018,48.65038857,E08000027,Dudley
E02004067,Boythorpe & Birdholme - Chesterfield 013,48.60638469,E07000034,Chesterfield
E02003533,North End West & Whale Island - Portsmouth 010,48.58895258,E06000044,Portsmouth
E02001655,Richmond & Stradbroke - Sheffield 045,48.56144923,E08000039,Sheffield
E02001718,Blakelaw - Newcastle upon Tyne 011,48.54119722,E08000021,Newcastle upon Tyne
E02001275,Partington - Trafford 017,48.50494738,E08000009,Trafford
E02004113,Grassmoor & Holmewood - North East Derbyshire 009,48.42208811,E07000038,North East Derbyshire
E02001015,Farnworth South - Bolton 032,48.37229741,E08000001,Bolton
E02005617,Corby Kingswood - Corby 006,48.32283942,E06000061,North Northamptonshire
E02002530,"Boosbeck, Lingdale & Easington - Redcar and Cleveland 016",48.31490599,E06000003,Redcar and Cleveland
E02002237,Horton Bank - Bradford 055,48.28488637,E08000032,Bradford
E02003055,Knowle - Bristol 044,48.27997695,E06000023,"Bristol, City of"
E02007079,North Bransholme - Kingston upon Hull 034,48.2159448,E06000010,"Kingston upon Hull, City of"
E02002243,Wyke - Bradford 061,48.18699709,E08000032,Bradford
E02002958,Smallthorne & Sneyd Green - Stoke-on-Trent 008,48.14248135,E06000021,Stoke-on-Trent
E02004334,Trimdon & Fishburn - County Durham 048,48.11655204,E06000047,County Durham
E02002551,Thornaby North - Stockton-on-Tees 017,48.10941702,E06000004,Stockton-on-Tees
E02001804,South Hylton - Sunderland 014,48.0658774,E08000024,Sunderland
E02001910,Balsall Heath West & Kingswood Road - Birmingham 084,48.03772224,E08000025,Birmingham
E02006222,Belgrave - Tamworth 006,48.03043715,E07000199,Tamworth
E02005114,Lydd & Dungeness - Shepway 013,48.02159736,E07000112,Folkestone and Hythe
E02001457,Netherton South - Sefton 029,48.01008665,E08000014,Sefton
E02005472,Long Sutton East & Sutton Bridge - South Holland 008,47.96435543,E07000140,South Holland
E02004352,Bishop Auckland North & Coundon Grange - County Durham 055,47.93936029,E06000047,County Durham
E02001005,Springfield & Great Lever - Bolton 022,47.92682769,E08000001,Bolton
E02002181,Bradley - Wolverhampton 033,47.90862541,E08000031,Wolverhampton
E02002763,Scunthorpe Lakeside - North Lincolnshire 015,47.86577758,E06000013,North Lincolnshire
E02002513,Stainton & Hemlington - Middlesbrough 018,47.86350152,E06000002,Middlesbrough
E02005313,Skelmersdale Central - West Lancashire 010,47.81588688,E07000127,West Lancashire
E02002004,Woodsetton - Dudley 005,47.80133035,E08000027,Dudley
E02002823,Boulton - Derby 028,47.77460373,E06000015,Derby
E02005538,Hemsby & Ormesby - Great Yarmouth 001,47.66328898,E07000145,Great Yarmouth
E02001857,Gravelly Hill & South Erdington - Birmingham 031,47.63893296,E08000025,Birmingham
E02001514,Grimethorpe & Brierley - Barnsley 006,47.53761989,E08000038,Barnsley
E02002423,Belle Isle South - Leeds 094,47.53478446,E08000035,Leeds
E02002455,Pontefract South West - Wakefield 018,47.49143768,E08000036,Wakefield
E02001148,Castleton & Trub - Rochdale 017,47.47490142,E08000005,Rochdale
E02002299,Huddersfield Leeds Road & Fartown - Kirklees 029,47.46126473,E08000034,Kirklees
E02001544,Hatfield West - Doncaster 006,47.43843891,E08000017,Doncaster
E02000993,Hall I' th' Wood - Bolton 010,47.43580572,E08000001,Bolton
E02006990,Stonehouse - Plymouth 034,47.42299776,E06000026,Plymouth
E02001556,Intake - Doncaster 018,47.3911127,E08000017,Doncaster
E02001952,Turves Green - Birmingham 126,47.36416803,E08000025,Birmingham
E02004375,Braybrooke & Bohemia - Hastings 008,47.36370896,E07000062,Hastings
E02004288,Underhill & The Grove - Weymouth and Portland 008,47.29976682,E06000059,Dorset
E02001778,West Harton - South Tyneside 011,47.29275188,E08000023,South Tyneside
E02004226,Winkleigh & High Bickington - Torridge 007,47.20965325,E07000046,Torridge
E02005576,"Mundesley, Trunch & Bacton - North Norfolk 007",47.19044193,E07000147,North Norfolk
E02005819,Stanton Hill & Skegby - Ashfield 001,47.18946123,E07000170,Ashfield
E02002142,Darlaston East - Walsall 033,47.16067827,E08000030,Walsall
E02002147,Darlaston West - Walsall 038,47.15043599,E08000030,Walsall
E02001026,Fernhill & Pimhole - Bury 008,47.14804044,E08000002,Bury
E02002370,Swarcliffe - Leeds 041,47.09699483,E08000035,Leeds
E02002982,Newstead & Blurton South - Stoke-on-Trent 032,47.09373934,E06000021,Stoke-on-Trent
E02001927,Weoley Castle - Birmingham 101,47.02187947,E08000025,Birmingham
E02006738,King George's Field - Worcester 005,46.99493654,E07000237,Worcester
E02004377,West St Leonards - Hastings 010,46.93385889,E07000062,Hastings
E02003983,Abbotsmead & Salthouse - Barrow-in-Furness 007,46.84872296,E06000064,Westmorland and Furness
E02004300,Catchgate & Dipton - County Durham 006,46.83284766,E06000047,County Durham
E02002411,Holbeck - Leeds 082,46.82890423,E08000035,Leeds
E02002626,Meadowhead - Blackburn with Darwen 012,46.81757197,E06000008,Blackburn with Darwen
E02006985,Longsight East - Manchester 063,46.8091688,E08000003,Manchester
E02003592,Yarmouth & Freshwater - Isle of Wight 012,46.78548616,E06000046,Isle of Wight
E02002448,Ferrybridge & West Knottingley - Wakefield 011,46.7704047,E08000036,Wakefield
E02002671,Southcoates Central & Docks - Kingston upon Hull 020,46.72182414,E06000010,"Kingston upon Hull, City of"
E02005105,Folkestone Foord - Shepway 004,46.71654818,E07000112,Folkestone and Hythe
E02001337,Mosscroft & Bakers Green - Knowsley 011,46.70044443,E08000011,Knowsley
E02001848,Upper Witton - Birmingham 022,46.67411377,E08000025,Birmingham
E02004442,Barstable - Basildon 019,46.66762627,E07000066,Basildon
E02003154,Watcombe - Torbay 001,46.66408594,E06000027,Torbay
E02003125,Ernesettle - Plymouth 004,46.65821562,E06000026,Plymouth
E02004056,Staveley & Norbriggs - Chesterfield 002,46.61213322,E07000034,Chesterfield
E02001167,Kersal Dale - Salford 011,46.56130062,E08000006,Salford
E02005569,"Southery, Feltwell & Hockwold - King's Lynn and West Norfolk 019",46.55171473,E07000146,King's Lynn and West Norfolk
E02007102,Arthurs Hill - Newcastle upon Tyne 039,46.52645259,E08000021,Newcastle upon Tyne
E02005183,Brunshaw & Brownside - Burnley 008,46.51388495,E07000117,Burnley
E02001378,Wavertree East - Liverpool 032,46.51036118,E08000012,Liverpool
E02001888,Kent's Moat - Birmingham 062,46.5094609,E08000025,Birmingham
E02006107,Taunton Holway & Lambrook - Taunton Deane 009,46.47859114,E06000066,Somerset
E02005822,Sutton Forest Side & New Cross - Ashfield 004,46.44092194,E07000170,Ashfield
E02006552,Littlehampton West and River - Arun 011,46.40749657,E07000224,Arun
E02002060,Greets Green West - Sandwell 018,46.38653828,E08000028,Sandwell
E02001877,Saltley East - Birmingham 051,46.34941385,E08000025,Birmingham
E02006780,Stourport Areley Kings - Wyre Forest 014,46.31373905,E07000239,Wyre Forest
E02001892,Yardley Fields - Birmingham 066,46.30369997,E08000025,Birmingham
E02006827,Heanor South & Shipley Park - Amber Valley 017,46.29524007,E07000032,Amber Valley
E02001051,Moston West - Manchester 007,46.25910692,E08000003,Manchester
E02001540,"Askern, Campsall & Norton - Doncaster 002",46.25904942,E08000017,Doncaster
E02002881,Bilborough North - Nottingham 014,46.24221161,E06000018,Nottingham
E02002052,Stone Cross & Hateley Heath - Sandwell 010,46.23045211,E08000028,Sandwell
E02003157,Upton & Hele - Torbay 004,46.21588475,E06000027,Torbay
E02001732,Scotswood - Newcastle upon Tyne 025,46.21495522,E08000021,Newcastle upon Tyne
E02005551,Hunstanton - King's Lynn and West Norfolk 001,46.1830382,E07000146,King's Lynn and West Norfolk
E02002808,Cathedral Quarter & California - Derby 013,46.15810708,E06000015,Derby
E02002047,Wednesbury - Sandwell 005,46.1390495,E08000028,Sandwell
E02002537,Billingham East & Haverton Hill - Stockton-on-Tees 003,46.13587389,E06000004,Stockton-on-Tees
E02002251,Central Halifax & Boothtown - Calderdale 008,46.12857878,E08000033,Calderdale
E02002480,Moorthorpe - Wakefield 043,46.08094629,E08000036,Wakefield
E02006889,Barton Hill - Bristol 056,46.07380574,E06000023,"Bristol, City of"
E02002457,Eastmoor - Wakefield 020,46.06414606,E08000036,Wakefield
E02004228,"Shebbear, Cookworthy & Broadheath - Torridge 009",46.03264681,E07000046,Torridge
E02007001,Coppice - Oldham 037,46.01961807,E08000004,Oldham
E02001859,Birchfield East - Birmingham 033,45.99824783,E08000025,Birmingham
E02004441,Eversley - Basildon 018,45.9786095,E07000066,Basildon
E02002318,"Primrose Hill, Newsome & Berry Brow - Kirklees 048",45.97073797,E08000034,Kirklees
E02001711,Woolsington & Airport - Newcastle upon Tyne 004,45.94160742,E08000021,Newcastle upon Tyne
E02001653,Norfolk Park - Sheffield 043,45.90601412,E08000039,Sheffield
E02005119,Queenborough - Swale 005,45.90400659,E07000113,Swale
E02005257,Ingol - Preston 005,45.87817392,E07000123,Preston
E02006813,Anlaby Park & Pickering - Kingston upon Hull 033,45.87056596,E06000010,"Kingston upon Hull, City of"
E02004000,Parton & Distington - Copeland 001,45.8704547,E06000063,Cumberland
E02004227,"Holsworthy, Bradworthy & Welcombe - Torridge 008",45.84831548,E07000046,Torridge
E02002287,Dewsbury Central & Westborough - Kirklees 017,45.8177527,E08000034,Kirklees
E02001347,Fazakerley North - Liverpool 001,45.80949969,E08000012,Liverpool
E02004574,Harwich Parkeston - Tendring 002,45.78761434,E07000076,Tendring
E02002633,Little Bipsham & Anchorsholme - Blackpool 001,45.77131385,E06000009,Blackpool
E02002036,Lye & Wynall - Dudley 037,45.73787052,E08000027,Dudley
E02005587,Heartsease & Pilling Park - Norwich 004,45.65855968,E07000148,Norwich
E02002115,Little Bloxwich - Walsall 006,45.65785274,E08000030,Walsall
E02002503,Newport & Maze Park - Middlesbrough 008,45.63232979,E06000002,Middlesbrough
E02002164,Waterloo Road - Wolverhampton 016,45.62652788,E08000031,Wolverhampton
E02001256,Hyde South - Tameside 028,45.52633817,E08000008,Tameside
E02002375,Bramley Fall - Leeds 046,45.51934135,E08000035,Leeds
E02005419,Boston Central & North - Boston 003,45.50122341,E07000136,Boston
E02003941,Bodmin East - Cornwall 014,45.49658876,E06000052,Cornwall
E02001856,Brookvale - Birmingham 030,45.4922102,E08000025,Birmingham
E02003335,Chatham South East - Medway 022,45.46030288,E06000035,Medway
E02001485,Noctorum North & Upton East - Wirral 019,45.43482069,E08000015,Wirral
E02002019,Dudley Wood & Saltwells - Dudley 020,45.39638274,E08000027,Dudley
E02002132,Bentley - Walsall 023,45.39606366,E08000030,Walsall
E02002666,Newland South - Kingston upon Hull 015,45.37987288,E06000010,"Kingston upon Hull, City of"
E02005061,Westcourt - Gravesham 007,45.356459,E07000109,Gravesham
E02001009,Daubhill & Fernhill Gate - Bolton 026,45.35286624,E08000001,Bolton
E02004001,Whitehaven Harbour & Corkickle - Copeland 002,45.3415811,E06000063,Cumberland
E02001869,Nechells - Birmingham 043,45.31970222,E08000025,Birmingham
E02002135,Walsall West - Walsall 026,45.30429137,E08000030,Walsall
E02005806,"Eastfield, Crossgates & Seamer - Scarborough 012",45.27706328,E06000065,North Yorkshire
E02006900,Bordesley - Birmingham 139,45.27472057,E08000025,Birmingham
E02005740,Bedlington Station & Sleekburn - Northumberland 020,45.25748543,E06000057,Northumberland
E02002253,Pellon West & Highroad Well - Calderdale 010,45.22106365,E08000033,Calderdale
E02005250,Nelson West - Pendle 011,45.19032373,E07000122,Pendle
E02001528,Darfield & Great Houghton - Barnsley 020,45.15658832,E08000038,Barnsley
E02002061,Greets Green East - Sandwell 019,45.15193679,E08000028,Sandwell
E02002644,Stanley Park & Great Marton - Blackpool 012,45.10949209,E06000009,Blackpool
E02001863,Aston Park - Birmingham 037,45.0836854,E08000025,Birmingham
E02001884,Bordesley Green North - Birmingham 058,45.04017336,E08000025,Birmingham
E02002447,Knottingley - Wakefield 010,45.03369121,E08000036,Wakefield
E02001348,Walton Vale - Liverpool 002,45.02704205,E08000012,Liverpool
E02006913,Cheetham Hill - Manchester 056,45.0193459,E08000003,Manchester
E02002293,Ravensthorpe - Kirklees 023,44.99711863,E08000034,Kirklees
E02002257,King Cross - Calderdale 014,44.97113676,E08000033,Calderdale
E02005124,Sittingbourne Central & Milton Regis - Swale 010,44.97034926,E07000113,Swale
E02001468,Wallasey East - Wirral 002,44.95726908,E08000015,Wirral
E02002572,Park East - Darlington 014,44.94515035,E06000005,Darlington
E02001765,Willington Quay - North Tyneside 028,44.92244145,E08000022,North Tyneside
E02003130,St Budeaux - Plymouth 009,44.90249298,E06000026,Plymouth
E02001383,"Chinatown, St James & Georgian Quarter - Liverpool 037",44.86828341,E08000012,Liverpool
E02006097,Chard West - South Somerset 023,44.85621963,E06000066,Somerset
E02002388,Bramley East - Leeds 059,44.84025318,E08000035,Leeds
E02006218,Central Tamworth - Tamworth 002,44.82872563,E07000199,Tamworth
E02001909,Balsall Heath East - Birmingham 083,44.82065455,E08000025,Birmingham
E02004293,Chester-le-Street Town & Pelton Fell - County Durham 011,44.81796501,E06000047,County Durham
E02001882,Stetchford - Birmingham 056,44.81685488,E08000025,Birmingham
E02003499,Bevendean & Moulsecoomb East - Brighton and Hove 009,44.7703408,E06000043,Brighton and Hove
E02001155,Middleton Town & Rhodes - Rochdale 024,44.75717265,E08000005,Rochdale
E02001467,New Brighton - Wirral 001,44.73553216,E08000015,Wirral
E02002932,Donnington - Telford and Wrekin 005,44.70409903,E06000020,Telford and Wrekin
E02001404,Speke West & Airport - Liverpool 058,44.68834896,E08000012,Liverpool
E02005697,Central Wellingborough - Wellingborough 006,44.68495667,E06000061,North Northamptonshire
E02001181,Peel Green - Salford 025,44.66320641,E08000006,Salford
E02001144,Milnrow West - Rochdale 013,44.65658255,E08000005,Rochdale
E02002043,Wood Green & Old Park - Sandwell 001,44.65144261,E08000028,Sandwell
E02001344,Halewood North - Knowsley 018,44.63429546,E08000011,Knowsley
E02003247,Bretton Park - Peterborough 011,44.60168508,E06000031,Peterborough
E02002888,St Ann's East - Nottingham 021,44.56937463,E06000018,Nottingham
E02004374,Old Hastings - Hastings 007,44.54205713,E07000062,Hastings
E02003896,Liskeard - Cornwall 017,44.52577202,E06000052,Cornwall
E02002087,Fordbridge - Solihull 007,44.50104262,E08000029,Solihull
E02002554,Thornaby South - Stockton-on-Tees 020,44.43032334,E06000004,Stockton-on-Tees
E02002907,Leominster South - Herefordshire 003,44.36831597,E06000019,"Herefordshire, County of"
E02001803,Sunderland Central & Deptford - Sunderland 013,44.31403857,E08000024,Sunderland
E02002134,Willenhall Park - Walsall 025,44.30215496,E08000030,Walsall
E02003595,Shanklin West & Newchurch - Isle of Wight 015,44.30084807,E06000046,Isle of Wight
E02001128,Failsworth East - Oldham 031,44.28706233,E08000004,Oldham
E02002111,Brownhills - Walsall 002,44.22910084,E08000030,Walsall
E02001932,Bartley Green & Shenley Fields - Birmingham 106,44.16453989,E08000025,Birmingham
E02007058,Central Darlington & Pierremont - Darlington 016,44.14005163,E06000005,Darlington
E02001861,Birchfield West - Birmingham 035,44.13720911,E08000025,Birmingham
E02000998,Gilnow & Victory - Bolton 015,44.11374803,E08000001,Bolton
E02004373,Silverhill - Hastings 006,44.10803811,E07000062,Hastings
E02005219,Accrington South East - Hyndburn 008,44.10625742,E07000120,Hyndburn
E02002207,Frizinghall & Heaton Grove - Bradford 025,44.10313884,E08000032,Bradford
E02004324,Easington & Hawthorn - County Durham 025,44.07085585,E06000047,County Durham
E02002820,Alvaston & Crewton - Derby 025,44.06928051,E06000015,Derby
E02002239,Bierley & Tong - Bradford 057,44.06790561,E08000032,Bradford
E02003987,Longtown & Border - Carlisle 001,44.06556209,E06000063,Cumberland
E02004357,Hampden Park North - Eastbourne 002,44.01500023,E07000061,Eastbourne
E02002630,Darwen Town - Blackburn with Darwen 016,44.00460873,E06000008,Blackburn with Darwen
E02004182,Barnstaple Central - North Devon 008,43.99070027,E07000043,North Devon
E02005804,Ramshill & South Cliff - Scarborough 010,43.99019949,E06000065,North Yorkshire
E02002062,West Bromwich East & Kenrick Park - Sandwell 020,43.98429539,E08000028,Sandwell
E02007094,Chopwell & High Spen - Gateshead 029,43.96542405,E08000037,Gateshead
E02004291,Pelton & Perkinsville - County Durham 005,43.94741372,E06000047,County Durham
E02001510,Royston East & Carlton - Barnsley 002,43.89618725,E08000038,Barnsley
E02005883,Woodhouse - Mansfield 004,43.88591543,E07000174,Mansfield
E02002544,Norton South - Stockton-on-Tees 010,43.87446985,E06000004,Stockton-on-Tees
E02005112,"Dymchurch, St Mary's Bay & Brookland - Shepway 011",43.8680799,E07000112,Folkestone and Hythe
E02003124,Tamerton Foliot - Plymouth 003,43.86653945,E06000026,Plymouth
E02002071,Rowley East - Sandwell 029,43.86170496,E08000028,Sandwell
E02004003,"Cleator Moor, Frizington & Ennerdale - Copeland 004",43.81984322,E06000063,Cumberland
E02002145,Darlaston Central - Walsall 036,43.81571934,E08000030,Walsall
E02003231,Park North & Park South - Swindon 020,43.80064351,E06000030,Swindon
E02006476,Camp Hill - Nuneaton and Bedworth 002,43.76298959,E07000219,Nuneaton and Bedworth
E02002236,Wibsey St Enoch's - Bradford 054,43.72987002,E08000032,Bradford
E02003325,Gillingham Central - Medway 012,43.7033899,E06000035,Medway
E02002884,Forest Fields - Nottingham 017,43.69265443,E06000018,Nottingham
E02005885,Abbott Road & Pleasley Hill - Mansfield 006,43.68458344,E07000174,Mansfield
E02001811,Pennywell and Grindon - Sunderland 021,43.65420613,E08000024,Sunderland
E02001097,Woodhouse Park & Airport - Manchester 053,43.59609706,E08000003,Manchester
E02001531,Wombwell North - Barnsley 023,43.59086911,E08000038,Barnsley
E02001849,Erdington Town - Birmingham 023,43.58865818,E08000025,Birmingham
E02005426,Louth North & East - East Lindsey 003,43.54639521,E07000137,East Lindsey
E02006869,Birley - Sheffield 076,43.52414023,E08000039,Sheffield
E02004224,Hartland Coast - Torridge 005,43.51998707,E07000046,Torridge
E02005583,"Hoveton, Horning & Potter Heigham - North Norfolk 014",43.48535232,E07000147,North Norfolk
E02006259,Stoke Park - Ipswich 015,43.46971685,E07000202,Ipswich
E02001929,Fox Hollies - Birmingham 103,43.43194233,E08000025,Birmingham
E02003986,Walney Island South & Barrow Island - Barrow-in-Furness 010,43.4257688,E06000064,Westmorland and Furness
E02003799,Blacon South - Cheshire West and Chester 031,43.42555725,E06000050,Cheshire West and Chester
E02005821,Huthwaite - Ashfield 003,43.41205606,E07000170,Ashfield
E02005447,Pelham Bridge & South Common - Lincoln 006,43.39874226,E07000138,Lincoln
E02002256,Todmorden West & Cornholme - Calderdale 013,43.39806373,E08000033,Calderdale
E02003830,Crewe Town & Victoria Avenue - Cheshire East 039,43.37963492,E06000049,Cheshire East
E02002084,Smith's Wood South - Solihull 004,43.37512165,E08000029,Solihull
E02002452,Pontefract North West - Wakefield 015,43.36526968,E08000036,Wakefield
E02002463,Lupset - Wakefield 026,43.36250541,E08000036,Wakefield
E02007061,Parkfield - Stockton-on-Tees 026,43.35633549,E06000004,Stockton-on-Tees
E02004343,Newton Aycliffe East - County Durham 062,43.35079005,E06000047,County Durham
E02005514,"Mundford, Weeting & Forest - Breckland 012",43.30078754,E07000143,Breckland
E02006260,"Gainsborough, Greenwich & Orwell - Ipswich 016",43.28268714,E07000202,Ipswich
E02002171,Bilston North East - Wolverhampton 023,43.27729646,E08000031,Wolverhampton
E02002949,Madeley - Telford and Wrekin 022,43.26387587,E06000020,Telford and Wrekin
E02005881,Market Warsop - Mansfield 002,43.22754057,E07000174,Mansfield
E02001212,Adswood - Stockport 026,43.1787636,E08000007,Stockport
E02001052,Crumpsall South - Manchester 008,43.14603046,E08000003,Manchester
E02005519,Thetford South - Breckland 017,43.13856652,E07000143,Breckland
E02001972,Foleshill East - Coventry 015,43.10064652,E08000026,Coventry
E02006558,Bognor Regis Central - Arun 017,43.09996291,E07000224,Arun
E02006124,Cannock North - Cannock Chase 007,43.07014878,E07000192,Cannock Chase
E02001298,Ince-in-Makerfield - Wigan 012,43.07001084,E08000010,Wigan
E02005509,Swaffham - Breckland 007,43.05473336,E07000143,Breckland
E02002824,Sinfin - Derby 029,43.05190139,E06000015,Derby
E02004583,Brightlingsea & Point Clear - Tendring 011,43.02971112,E07000076,Tendring
E02001937,Billesley Common - Birmingham 111,43.02896242,E08000025,Birmingham
E02004338,Chilton - County Durham 053,43.02780955,E06000047,County Durham
E02005616,Corby Town - Corby 005,42.99629526,E06000061,North Northamptonshire
E02001301,Wigan South - Wigan 015,42.99213855,E08000010,Wigan
E02005104,Folkestone North East - Shepway 003,42.93063339,E07000112,Folkestone and Hythe
E02002409,Farnley West & Gamble Hill - Leeds 080,42.86497025,E08000035,Leeds
E02002903,Clifton West - Nottingham 036,42.85575324,E06000018,Nottingham
E02001074,Fallowfield West & Whalley Range South - Manchester 030,42.81950838,E08000003,Manchester
E02002587,Norton - Halton 014,42.75521368,E06000006,Halton
E02002896,Sneinton - Nottingham 029,42.73653336,E06000018,Nottingham
E02002073,Warley East - Sandwell 031,42.72768735,E08000028,Sandwell
E02006250,Westgate - Ipswich 006,42.69409001,E07000202,Ipswich
E02006830,Cowplain West - Havant 019,42.67724735,E07000090,Havant
E02001152,North Middleton & Stakehill - Rochdale 021,42.66339184,E08000005,Rochdale
E02006256,"Maidenhall, Stoke & Port - Ipswich 012",42.65205036,E07000202,Ipswich
E02002453,Normanton West - Wakefield 016,42.63709016,E08000036,Wakefield
E02001896,Small Heath Park - Birmingham 070,42.63423286,E08000025,Birmingham
E02002921,Hereford South West - Herefordshire 017,42.61908603,E06000019,"Herefordshire, County of"
E02003967,Aspatria & Abbeytown - Allerdale 003,42.61229411,E06000063,Cumberland
E02006986,Levenshulme North & East - Manchester 064,42.61215753,E08000003,Manchester
E02003127,King's Tamerton & West Park - Plymouth 006,42.60592286,E06000026,Plymouth
E02003176,West Howe - Bournemouth 005,42.58851347,E06000058,"Bournemouth, Christchurch and Poole"
E02002467,Agbrigg & Belle Isle - Wakefield 030,42.57272699,E08000036,Wakefield
E02003798,Blacon North - Cheshire West and Chester 029,42.55685361,E06000050,Cheshire West and Chester
E02004220,Appledore & Northam North - Torridge 001,42.55223796,E07000046,Torridge
E02002477,Ryhill & South Hiendley - Wakefield 040,42.54269356,E08000036,Wakefield
E02006029,Shrewsbury Harlescott Grange - Shropshire 015,42.48638527,E06000051,Shropshire
E02003923,Camborne East - Cornwall 052,42.47443425,E06000052,Cornwall
E02002597,Blackbrook - Warrington 008,42.4662238,E06000007,Warrington
E02005572,Cromer - North Norfolk 003,42.45999093,E07000147,North Norfolk
E02001679,Greenhill & Lowedges - Sheffield 069,42.449241,E08000039,Sheffield
E02002049,Princes End & Willingsworth - Sandwell 007,42.4479386,E08000028,Sandwell
E02001873,Winson Green & Gib Heath - Birmingham 047,42.43939923,E08000025,Birmingham
E02005441,"Mareham, Sibsey & New Leake - East Lindsey 018",42.41946302,E07000137,East Lindsey
E02003849,Wolverham & Stanlow - Cheshire West and Chester 011,42.39652773,E06000050,Cheshire West and Chester
E02005135,Salmestone - Thanet 004,42.36355369,E07000114,Thanet
E02002543,Hardwick & Salters Lane - Stockton-on-Tees 009,42.36159974,E06000004,Stockton-on-Tees
E02002286,Dewsbury Moor Upper - Kirklees 016,42.34133706,E08000034,Kirklees
E02003540,Milton - Portsmouth 017,42.33802884,E06000044,Portsmouth
E02002229,Clayton - Bradford 047,42.33479721,E08000032,Bradford
E02004328,Peterlee West - County Durham 035,42.31676608,E06000047,County Durham
E02001519,Lundwood - Barnsley 011,42.30302404,E08000038,Barnsley
E02005589,Earlham - Norwich 006,42.29607601,E07000148,Norwich
E02006159,Kidsgrove Central - Newcastle-under-Lyme 002,42.27389983,E07000195,Newcastle-under-Lyme
E02002439,Castleford Town - Wakefield 002,42.26160981,E08000036,Wakefield
E02006088,Yeovil Milford Park - South Somerset 014,42.17040884,E06000066,Somerset
E02006116,"Williton, Quantock & Stogursey - West Somerset 004",42.15143984,E06000066,Somerset
E02002673,Southcoates West - Kingston upon Hull 022,42.13537299,E06000010,"Kingston upon Hull, City of"
E02003545,Southsea West - Portsmouth 022,42.12447396,E06000044,Portsmouth
E02002525,Eston - Redcar and Cleveland 011,42.09984496,E06000003,Redcar and Cleveland
E02004335,Spennymoor East & Ferryhill West - County Durham 049,42.07837269,E06000047,County Durham
E02001903,Sparkbrook South - Birmingham 077,42.05730218,E08000025,Birmingham
E02005423,"Kirkton, Frampton & Algarkirk - Boston 007",42.0461467,E07000136,Boston
E02001562,Cantley Park - Doncaster 024,42.01710947,E08000017,Doncaster
E02001603,Thurcroft - Rotherham 026,42.00263332,E08000018,Rotherham
E02002123,New Invention - Walsall 014,41.99936523,E08000030,Walsall
E02005561,"Town, South Lynn & West Lynn - King's Lynn and West Norfolk 011",41.96252192,E07000146,King's Lynn and West Norfolk
E02002677,Drypool & Victoria Dock - Kingston upon Hull 026,41.94932262,E06000010,"Kingston upon Hull, City of"
E02005316,Skelmersdale East - West Lancashire 013,41.93920963,E07000127,West Lancashire
E02002313,Lockwood - Kirklees 043,41.89232,E08000034,Kirklees
E02002170,Bilston North West - Wolverhampton 022,41.82795053,E08000031,Wolverhampton
E02005214,Rishton - Hyndburn 003,41.8188123,E07000120,Hyndburn
E02002440,Airedale - Wakefield 003,41.80978378,E08000036,Wakefield
E02006960,"University, Crescent & Adelphi Street - Salford 034",41.80812314,E08000006,Salford
E02002080,Cradley Heath - Sandwell 038,41.72148482,E08000028,Sandwell
E02001606,Dinnington - Rotherham 029,41.71709506,E08000018,Rotherham
E02005420,Skirbeck - Boston 004,41.68613876,E07000136,Boston
E02005696,Queensway - Wellingborough 005,41.66445632,E06000061,North Northamptonshire
E02005851,Eastwood Town - Broxtowe 002,41.65754703,E07000172,Broxtowe
E02002481,South Elmsall - Wakefield 044,41.6533465,E08000036,Wakefield
E02003972,Workington North & Seaton - Allerdale 008,41.64419208,E06000063,Cumberland
E02002159,Park Lane - Wolverhampton 011,41.63056385,E08000031,Wolverhampton
E02002619,Wensley Fold - Blackburn with Darwen 005,41.60039765,E06000008,Blackburn with Darwen
E02001164,Clifton Green & Pendlebury East - Salford 008,41.59683641,E08000006,Salford
E02001662,Intake - Sheffield 052,41.59494069,E08000039,Sheffield
E02001969,Radford West - Coventry 012,41.58578905,E08000026,Coventry
E02002404,East End Park & Richmond Hill - Leeds 075,41.54817406,E08000035,Leeds
E02004742,Bridgemary South - Gosport 002,41.52872131,E07000088,Gosport
E02005466,"Long Sutton West, Gedney & Holbeach Hurn - South Holland 002",41.50560271,E07000140,South Holland
E02003827,Crewe Coppenhall & Underwood - Cheshire East 036,41.46385668,E06000049,Cheshire East
E02006481,Stockingford - Nuneaton and Bedworth 007,41.45478296,E07000219,Nuneaton and Bedworth
E02005432,Little Cawthorpe & South Wolds - East Lindsey 009,41.43413127,E07000137,East Lindsey
E02002168,Wolverhampton Central - Wolverhampton 020,41.35973645,E08000031,Wolverhampton
E02005588,Bowthorpe & West Earlham - Norwich 005,41.35162885,E07000148,Norwich
E02002670,Bricknell West - Kingston upon Hull 019,41.35136881,E06000010,"Kingston upon Hull, City of"
E02005326,Cleveleys West - Wyre 008,41.33452252,E07000128,Wyre
E02005825,East Kirkby - Ashfield 007,41.2957327,E07000170,Ashfield
E02003135,Keyham - Plymouth 014,41.25945815,E06000026,Plymouth
E02001862,Middlemore - Birmingham 036,41.23367657,E08000025,Birmingham
E02001786,Whiteleas - South Tyneside 019,41.23305124,E08000023,South Tyneside
E02001159,Walkden North East - Salford 003,41.22769511,E08000006,Salford
E02005553,Heacham & Snettisham - King's Lynn and West Norfolk 003,41.19141788,E07000146,King's Lynn and West Norfolk
E02005212,Great Harwood - Hyndburn 001,41.16541762,E07000120,Hyndburn
E02007074,St Marys - Southampton 033,41.16406578,E06000045,Southampton
E02002951,Great Chell & Packmoor - Stoke-on-Trent 001,41.1638466,E06000021,Stoke-on-Trent
E02001075,Levenshulme Central - Manchester 031,41.1590613,E08000003,Manchester
E02007059,"Harbour, Victoria & Wooler Road - Hartlepool 015",41.15301715,E06000001,Hartlepool
E02003323,Gillingham North East - Medway 010,41.14465254,E06000035,Medway
E02005023,Canterbury Barracks - Canterbury 014,41.12382963,E07000106,Canterbury
E02001232,Hurst Cross - Tameside 004,41.12085,E08000008,Tameside
E02006247,Whitehouse - Ipswich 003,41.11439263,E07000202,Ipswich
E02001911,Quinton East - Birmingham 085,41.10512815,E08000025,Birmingham
E02003888,Winsford Central - Cheshire West and Chester 038,41.09423563,E06000050,Cheshire West and Chester
E02001233,Ashton Waterloo - Tameside 005,41.08394617,E08000008,Tameside
E02002571,Firthmoor - Darlington 013,41.08152505,E06000005,Darlington
E02002000,Coseley Wallbrook - Dudley 001,41.07589036,E08000027,Dudley
E02006254,Gipping & Chantry Park - Ipswich 010,41.06660822,E07000202,Ipswich
E02006961,Ordsall West - Salford 035,41.0450543,E08000006,Salford
E02001079,Withington North & Old Moat - Manchester 035,41.02505205,E08000003,Manchester
E02003134,North Prospect - Plymouth 013,41.01563125,E06000026,Plymouth
E02001317,Leigh East & Higher Folds - Wigan 031,40.9883909,E08000010,Wigan
E02001710,Fawdon South - Newcastle upon Tyne 003,40.98823967,E08000021,Newcastle upon Tyne
E02004223,Bideford South & East - Torridge 004,40.97652879,E07000046,Torridge
E02005808,Filey & Hummanby - Scarborough 014,40.96272085,E06000065,North Yorkshire
E02003013,Southmead - Bristol 002,40.94046899,E06000023,"Bristol, City of"
E02003583,East Cowes & Osborne - Isle of Wight 003,40.92256603,E06000046,Isle of Wight
E02003548,Southsea Waverley Road - Portsmouth 025,40.90083706,E06000044,Portsmouth
E02004007,Millom & Duddon Valley - Copeland 008,40.89239657,E06000063,Cumberland
E02006089,Yeovil Town - South Somerset 015,40.89180711,E06000066,Somerset
E02005539,"Fleggburgh, Rollesby & Martham - Great Yarmouth 002",40.88982914,E07000145,Great Yarmouth
E02005666,King's Heath & Spencer - Northampton 017,40.88130232,E06000062,West Northamptonshire
E02002966,Shelton & Joiner's Square - Stoke-on-Trent 016,40.8648295,E06000021,Stoke-on-Trent
E02006204,Leek East & Upper Hulme - Staffordshire Moorlands 001,40.86450105,E07000198,Staffordshire Moorlands
E02006487,Bedworth Town - Nuneaton and Bedworth 013,40.85471483,E07000219,Nuneaton and Bedworth
E02001684,"Pelaw, Felling Shore & Bill Quay - Gateshead 003",40.81610864,E08000037,Gateshead
E02005320,Fleetwood Warren - Wyre 002,40.77046789,E07000128,Wyre
E02006064,Burnham-on-Sea - Sedgemoor 004,40.75416745,E06000066,Somerset
E02002085,Kingshurst - Solihull 005,40.7478244,E08000029,Solihull
E02003218,Pinehurst - Swindon 007,40.74525363,E06000030,Swindon
E02003590,Bembridge & Nettlestone - Isle of Wight 010,40.72587515,E06000046,Isle of Wight
E02006113,Minehead Town - West Somerset 001,40.72379558,E06000066,Somerset
E02002650,Common Edge - Blackpool 018,40.67381314,E06000009,Blackpool
E02002464,Featherstone - Wakefield 027,40.665042,E08000036,Wakefield
E02006144,Burton Stapenhill - East Staffordshire 014,40.66305963,E07000193,East Staffordshire
E02001722,Denton - Newcastle upon Tyne 015,40.65730975,E08000021,Newcastle upon Tyne
E02001768,South Shields East - South Tyneside 001,40.63552016,E08000023,South Tyneside
E02003963,St Austell Central - Cornwall 039,40.62918667,E06000052,Cornwall
E02005549,Belton - Great Yarmouth 012,40.62793566,E07000145,Great Yarmouth
E02004646,Matson & Robinswood - Gloucester 011,40.59144883,E07000081,Gloucester
E02002177,Ettingshall - Wolverhampton 029,40.55276726,E08000031,Wolverhampton
E02004210,Teignmouth South - Teignbridge 010,40.54088682,E07000045,Teignbridge
E02006888,Upper Easton - Bristol 055,40.53859241,E06000023,"Bristol, City of"
E02003901,"Lanreath, Pelynt & Polraun - Cornwall 028",40.52365385,E06000052,Cornwall
E02005559,Gaywood Chase & Old Gaywood - King's Lynn and West Norfolk 009,40.49837122,E07000146,King's Lynn and West Norfolk
E02005660,Billing & Riverside - Northampton 011,40.48179928,E06000062,West Northamptonshire
E02004321,Seaham Central & South - County Durham 017,40.4704772,E06000047,County Durham
E02006933,Albert Dock & Queen's Dock - Liverpool 061,40.46428315,E08000012,Liverpool
E02005838,Carlton & Langold - Bassetlaw 004,40.41426248,E07000171,Bassetlaw
E02001825,Hetton-le-Hole North - Sunderland 035,40.41414105,E08000024,Sunderland
E02002621,Audley - Blackburn with Darwen 007,40.38596598,E06000008,Blackburn with Darwen
E02006257,Belstead Hills - Ipswich 013,40.37869672,E07000202,Ipswich
E02001870,Ward End & Bromford West - Birmingham 044,40.36132025,E08000025,Birmingham
E02003826,Crewe North East - Cheshire East 035,40.34833951,E06000049,Cheshire East
E02001516,Cudworth Village - Barnsley 008,40.29916283,E08000038,Barnsley
E02006868,Park Hill & Wybourn - Sheffield 075,40.29071279,E08000039,Sheffield
E02001257,Denton South - Tameside 029,40.27140737,E08000008,Tameside
E02002532,Guisborough North - Redcar and Cleveland 018,40.24931849,E06000003,Redcar and Cleveland
E02004276,Bridport South & West Bay - West Dorset 008,40.24346424,E06000059,Dorset
E02002576,Halton View - Halton 003,40.21136458,E06000006,Halton
E02005425,"Marshchapel, Somercotes & Grimoldby - East Lindsey 002",40.20490065,E07000137,East Lindsey
E02005010,Herne Bay Parade - Canterbury 001,40.17218205,E07000106,Canterbury
E02004482,Canvey Island North West - Castle Point 010,40.16869243,E07000069,Castle Point
E02003249,Fengate & Parnwell - Peterborough 013,40.16131417,E06000031,Peterborough
E02001675,Westfield & Waterthorpe - Sheffield 065,40.15788408,E08000039,Sheffield
E02001798,North Hylton - Sunderland 008,40.15026029,E08000024,Sunderland
E02005405,Agar Nook - North West Leicestershire 009,40.14355221,E07000134,North West Leicestershire
E02000398,Northumberland Park - Haringey 002,40.14100294,E09000014,Haringey
E02001553,Wheatley Hills - Doncaster 015,40.13496097,E08000017,Doncaster
E02001431,Hesketh Park - Sefton 003,40.13470581,E08000014,Sefton
E02003845,Ellesmere Port Town & Rossmore - Cheshire West and Chester 007,40.12650408,E06000050,Cheshire West and Chester
E02005834,Hucknall Westville - Ashfield 016,40.10161544,E07000170,Ashfield
E02001068,Moss Side West - Manchester 024,40.02294931,E08000003,Manchester
E02004580,Frinton West & Kirby - Tendring 008,39.99383322,E07000076,Tendring
E02005925,Banbury Ruscote - Cherwell 005,39.98199442,E07000177,Cherwell
E02006910,South Bank & Teesville - Redcar and Cleveland 022,39.96009407,E06000003,Redcar and Cleveland
E02001246,Newtonmoor - Tameside 018,39.95747466,E08000008,Tameside
E02001981,Hillfields - Coventry 024,39.940699,E08000026,Coventry
E02001095,Newall Green - Manchester 051,39.90662335,E08000003,Manchester
E02001696,Heworth - Gateshead 015,39.89665412,E08000037,Gateshead
E02003968,"Maryport, Dearham & Crosby - Allerdale 004",39.89109965,E06000063,Cumberland
E02002210,Bolton Road & Kings Road - Bradford 028,39.87777302,E08000032,Bradford
E02001557,Belle Vue & Town Fields - Doncaster 019,39.86991226,E08000017,Doncaster
E02002136,Willenhall Town - Walsall 027,39.86422725,E08000030,Walsall
E02005047,Walmer - Dover 007,39.85244654,E07000108,Dover
E02006268,Stowmarket West - Mid Suffolk 008,39.84096185,E07000203,Mid Suffolk
E02007003,Colne North - Pendle 014,39.83808116,E07000122,Pendle
E02003163,Wellswood - Torbay 010,39.83354992,E06000027,Torbay
E02004177,Ilfracombe West - North Devon 003,39.8170004,E07000043,North Devon
E02001377,Edge Hill - Liverpool 031,39.80953321,E08000012,Liverpool
E02005889,Grange Farm & Ladybrook - Mansfield 010,39.78982018,E07000174,Mansfield
E02003293,Southend Central - Southend-on-Sea 015,39.77520838,E06000033,Southend-on-Sea
E02004398,Bexhill North & Sidley - Rother 007,39.76809525,E07000064,Rother
E02003248,Central Park - Peterborough 012,39.74208498,E06000031,Peterborough
E02003846,Little Sutton East - Cheshire West and Chester 008,39.71405331,E06000050,Cheshire West and Chester
E02003561,St Denys - Southampton 013,39.66647291,E06000045,Southampton
E02006238,Brandon - Forest Heath 001,39.65133645,E07000245,West Suffolk
E02006164,Chesterton & Knutton - Newcastle-under-Lyme 007,39.63916616,E07000195,Newcastle-under-Lyme
E02004281,Broadwey & Littlemoor - Weymouth and Portland 001,39.58247323,E06000059,Dorset
E02002225,Thornton - Bradford 043,39.57767464,E08000032,Bradford
E02004643,Tredworth - Gloucester 008,39.54305439,E07000081,Gloucester
E02001533,Bolton-upon-Dearne - Barnsley 025,39.54008071,E08000038,Barnsley
E02002196,Oakworth & Laycock - Bradford 014,39.51644314,E08000032,Bradford
E02006959,Greengate & Blackfriars - Salford 033,39.51216525,E08000006,Salford
E02001106,Royton South East - Oldham 009,39.50891286,E08000004,Oldham
E02003593,Brighstone & Shalfleet - Isle of Wight 013,39.49438514,E06000046,Isle of Wight
E02002760,Scunthorpe Central Park - North Lincolnshire 012,39.47138949,E06000013,North Lincolnshire
E02006066,"Pawlett, Puriton & Woolavington - Sedgemoor 006",39.46844374,E06000066,Somerset
E02003591,Newport South & West - Isle of Wight 011,39.46224493,E06000046,Isle of Wight
E02002059,West Bromwich North - Sandwell 017,39.44740152,E08000028,Sandwell
E02001130,Holt Lane End & Bardsley - Oldham 033,39.43547972,E08000004,Oldham
E02001000,Tonge - Bolton 017,39.42874693,E08000001,Bolton
E02005252,Brierfield & Reedley - Pendle 013,39.42413722,E07000122,Pendle
E02006894,Blakenhall - Wolverhampton 035,39.41448336,E08000031,Wolverhampton
E02004225,Great Torrington - Torridge 006,39.39839996,E07000046,Torridge
E02002479,Hemsworth Town - Wakefield 042,39.3968048,E08000036,Wakefield
E02003546,Eastney - Portsmouth 023,39.35158,E06000044,Portsmouth
E02002128,Short Heath East - Walsall 019,39.34905998,E08000030,Walsall
E02002288,Earlsheaton & Chickenley - Kirklees 018,39.34843971,E08000034,Kirklees
E02001349,Orrell Park - Liverpool 003,39.33765088,E08000012,Liverpool
E02004168,Tiverton West - Mid Devon 005,39.29855285,E07000042,Mid Devon
E02004365,Pier - Eastbourne 010,39.29463672,E07000061,Eastbourne
E02005142,"Westwood, Northwood & Bromstone - Thanet 011",39.29215179,E07000114,Thanet
E02003558,Shirley Warren - Southampton 010,39.28762015,E06000045,Southampton
E02005578,Walsingham & Raynham - North Norfolk 009,39.26571208,E07000147,North Norfolk
E02002669,Newland Avenues - Kingston upon Hull 018,39.25029435,E06000010,"Kingston upon Hull, City of"
E02003956,Roche & Goss Moor - Cornwall 024,39.24935637,E06000052,Cornwall
E02004274,Bridport North - West Dorset 006,39.23693154,E06000059,Dorset
E02001583,Rawmarsh North East - Rotherham 006,39.22338945,E08000018,Rotherham
E02005213,Clayton-le-Moors & Huncoat - Hyndburn 002,39.19227997,E07000120,Hyndburn
E02006041,"Bishop's Castle, Brockton & Chirbury - Shropshire 030",39.19114049,E06000051,Shropshire
E02004317,Brandon & Brancepeth - County Durham 038,39.18119489,E06000047,County Durham
E02003481,Denbigh - Milton Keynes 023,39.1609962,E06000042,Milton Keynes
E02006479,Nuneaton Town Centre - Nuneaton and Bedworth 005,39.1357477,E07000219,Nuneaton and Bedworth
E02005251,Marsden - Pendle 012,39.08051461,E07000122,Pendle
E02002014,Dixons Green - Dudley 015,39.06254435,E08000027,Dudley
E02001107,Chadderton North - Oldham 010,39.05384553,E08000004,Oldham
E02003128,Honicknowle & Manadon - Plymouth 007,39.02153661,E06000026,Plymouth
E02002492,Rossmere & Mill - Hartlepool 010,39.01766134,E06000001,Hartlepool
E02002282,Staincliffe & Healey - Kirklees 012,39.01424473,E08000034,Kirklees
E02002755,Scunthorpe North - North Lincolnshire 007,39.01308028,E06000013,North Lincolnshire
E02002676,Chanterlands Avenue - Kingston upon Hull 025,39.00526307,E06000010,"Kingston upon Hull, City of"
E02005323,Fleetwood South East - Wyre 005,38.95753587,E07000128,Wyre
E02002362,Hawksworth & West Park - Leeds 033,38.93194416,E08000035,Leeds
E02005656,Blackthorn & Lings - Northampton 007,38.91481066,E06000062,West Northamptonshire
E02005540,Caister on Sea - Great Yarmouth 003,38.89846466,E07000145,Great Yarmouth
E02001245,Dukinfield West - Tameside 017,38.87418779,E08000008,Tameside
E02001723,Cowgate - Newcastle upon Tyne 016,38.8621621,E08000021,Newcastle upon Tyne
E02002733,Littlefield North - North East Lincolnshire 008,38.85490562,E06000012,North East Lincolnshire
E02007038,Birches Green & Bromford East - Birmingham 141,38.84660079,E08000025,Birmingham
E02003965,Wigton & Silloth - Allerdale 001,38.84249377,E06000063,Cumberland
E02002214,Haigh Fold - Bradford 032,38.8303312,E08000032,Bradford
E02004741,Bridgemary North - Gosport 001,38.82683404,E07000088,Gosport
E02006069,Bridgwater Town - Sedgemoor 009,38.82074481,E06000066,Somerset
E02001852,Stockland Green - Marsh Hill - Birmingham 026,38.7936087,E08000025,Birmingham
E02002563,Haughton Le Skerne - Darlington 005,38.77497914,E06000005,Darlington
E02002182,Woodcross - Wolverhampton 034,38.77003927,E08000031,Wolverhampton
E02005474,Fleet Hargate & Holbeach St Johns - South Holland 010,38.71766265,E07000140,South Holland
E02005422,"Swineshead, Bicker & Holland Fen - Boston 006",38.71353895,E07000136,Boston
E02004084,Kirk Hallam - Erewash 007,38.70305973,E07000036,Erewash
E02006724,Redditch Town & Abbeydale - Redditch 004,38.70269431,E07000236,Redditch
E02002396,Bramley South & Upper Armley - Leeds 067,38.63355751,E08000035,Leeds
E02006716,Malvern Pickersleigh - Malvern Hills 007,38.60203822,E07000235,Malvern Hills
E02002974,Weston Coyney - Stoke-on-Trent 024,38.59014262,E06000021,Stoke-on-Trent
E02006313,Pakefield South & Kessingland - Waveney 012,38.54658577,E07000244,East Suffolk
E02002567,Albert Hill & Red Hall - Darlington 009,38.54073574,E06000005,Darlington
E02004332,Wingate & Castle Eden - County Durham 043,38.53785735,E06000047,County Durham
E02002066,Oldbury & Rood End - Sandwell 024,38.53319845,E08000028,Sandwell
E02005080,Parkwood & Senacre - Maidstone 013,38.46704258,E07000110,Maidstone
E02005577,"Melton Constable, Briston & Little Snoring - North Norfolk 008",38.46393926,E07000147,North Norfolk
E02003994,Longsowerby & Caldewgate - Carlisle 008,38.45777746,E06000063,Cumberland
E02002075,Blackheath - Sandwell 033,38.4572247,E08000028,Sandwell
E02003555,Maybush - Southampton 007,38.45061208,E06000045,Southampton
E02002371,Chapel Allerton South & Chapeltown - Leeds 042,38.42657441,E08000035,Leeds
E02006119,Rugeley Town - Cannock Chase 002,38.4052648,E07000192,Cannock Chase
E02005117,Minster North - Swale 003,38.40284192,E07000113,Swale
E02001459,Litherland North - Sefton 031,38.39604432,E08000014,Sefton
E02002628,North Darwen - Blackburn with Darwen 014,38.34028726,E06000008,Blackburn with Darwen
E02005571,Wells & Blakeney - North Norfolk 002,38.33786177,E07000147,North Norfolk
E02001175,Winton & Westwood - Salford 019,38.33249692,E08000006,Salford
E02001920,Woodgate Valley - Birmingham 094,38.2962029,E08000025,Birmingham
E02003567,Regents Park & Millbrook East - Southampton 019,38.27586146,E06000045,Southampton
E02001088,Northern Moor - Manchester 044,38.26620193,E08000003,Manchester
E02001814,Grangetown - Sunderland 024,38.25945203,E08000024,Sunderland
E02001418,Earlestown South - St. Helens 013,38.25650183,E08000013,St. Helens
E02003190,Boscombe West - Bournemouth 019,38.25070612,E06000058,"Bournemouth, Christchurch and Poole"
E02001552,Armthorpe North - Doncaster 014,38.22068124,E08000017,Doncaster
E02003535,Fratton North - Portsmouth 012,38.2141757,E06000044,Portsmouth
E02006483,Caldwell & Chilvers Coton - Nuneaton and Bedworth 009,38.203541,E07000219,Nuneaton and Bedworth
E02002419,Beeston West & Cottingley - Leeds 090,38.18510676,E08000035,Leeds
E02004513,Greenstead - Colchester 008,38.16887917,E07000071,Colchester
E02006306,Normanston & Oulton Broad East - Waveney 005,38.1559045,E07000244,East Suffolk
E02001867,Lozells East - Birmingham 041,38.11346157,E08000025,Birmingham
E02002055,Wednesbury South - Sandwell 013,38.10462063,E08000028,Sandwell
E02001973,Stoke Heath - Coventry 016,38.09433151,E08000026,Coventry
E02006258,Priory Heath - Ipswich 014,38.0887396,E07000202,Ipswich
E02004176,Lynton & Combe Martin - North Devon 002,38.07098142,E07000043,North Devon
E02003241,Eye & Thorney - Peterborough 005,38.06902982,E06000031,Peterborough
E02002837,Northfields & Merrydale - Leicester 011,38.05545625,E06000016,Leicester
E02005146,Ramsgate Ellington - Thanet 015,38.03728401,E07000114,Thanet
E02002678,Newington - Kingston upon Hull 027,38.03449495,E06000010,"Kingston upon Hull, City of"
E02003750,March West - Fenland 009,37.96880044,E07000010,Fenland
E02002298,Thornhill - Kirklees 028,37.9677705,E08000034,Kirklees
E02005430,"Wragby, Roughton & Ludford - East Lindsey 007",37.96747848,E07000137,East Lindsey
E02005712,Blyth Newsham - Northumberland 025,37.92480844,E06000057,Northumberland
E02002743,Cleethorpes West - North East Lincolnshire 018,37.91893167,E06000012,North East Lincolnshire
E02001297,Pemberton North - Wigan 011,37.87842721,E08000010,Wigan
E02004313,Gilesgate & Old Durham - County Durham 029,37.85868202,E06000047,County Durham
E02002935,Wrockwardine Wood & Trench - Telford and Wrekin 008,37.83925574,E06000020,Telford and Wrekin
E02006057,Glastonbury Town - Mendip 011,37.83365008,E06000066,Somerset
E02002069,Whiteheath - Sandwell 027,37.8175747,E08000028,Sandwell
E02003948,Penzance North - Cornwall 067,37.81683928,E06000052,Cornwall
E02002625,Queen's Park & Higher Croft - Blackburn with Darwen 011,37.81550319,E06000008,Blackburn with Darwen
E02004745,Priddy's Hard & Brockhurst East - Gosport 005,37.81411455,E07000088,Gosport
E02001699,Windy Nook & Whitehills - Gateshead 018,37.79855849,E08000037,Gateshead
E02005720,"Widdrington, Lynemouth & Hadston - Northumberland 008",37.79125652,E06000057,Northumberland
E02001775,Harton East - South Tyneside 008,37.77948882,E08000023,South Tyneside
E02001908,Sparkhill North - Birmingham 082,37.7322595,E08000025,Birmingham
E02005471,Spalding East - South Holland 007,37.73173311,E07000140,South Holland
E02001202,Edgeley - Stockport 016,37.71387872,E08000007,Stockport
E02001904,Hay Mills & Tyseley - Birmingham 078,37.68734841,E08000025,Birmingham
E02002765,Scunthorpe Ashby - North Lincolnshire 017,37.64561125,E06000013,North Lincolnshire
E02001100,Clough & Shaw Side - Oldham 003,37.62691254,E08000004,Oldham
E02003576,Itchen - Southampton 028,37.61161231,E06000045,Southampton
E02003957,Lostwithiel & Penwithick - Cornwall 027,37.59910526,E06000052,Cornwall
E02001916,Acocks Green West - Birmingham 090,37.59527241,E08000025,Birmingham
E02001579,Wath upon Dearne - Rotherham 002,37.59392602,E08000018,Rotherham
E02002871,Highbury Vale - Nottingham 004,37.56354359,E06000018,Nottingham
E02002077,Old Hill - Sandwell 035,37.54972097,E08000028,Sandwell
E02003902,Torpoint - Cornwall 029,37.52290884,E06000052,Cornwall
E02003566,Harefield - Southampton 018,37.51710757,E06000045,Southampton
E02005558,Terrington & Clenchwarton - King's Lynn and West Norfolk 008,37.51410534,E07000146,King's Lynn and West Norfolk
E02006081,Curry Rivel & Fivehead - South Somerset 007,37.51325896,E06000066,Somerset
E02002883,Thorneywood - Nottingham 016,37.49575749,E06000018,Nottingham
E02004222,Bideford North - Torridge 003,37.48686918,E07000046,Torridge
E02001166,Broughton Park - Salford 010,37.47466291,E08000006,Salford
E02003951,Penzance South & Newlyn - Cornwall 070,37.46120248,E06000052,Cornwall
E02002892,Bilborough South - Nottingham 025,37.45031025,E06000018,Nottingham
E02005268,Frenchwood & Fishwick - Preston 016,37.44309414,E07000123,Preston
E02002595,Hulme - Warrington 006,37.41027226,E06000007,Warrington
E02005552,"Brancaster, Burnham Market & Docking - King's Lynn and West Norfolk 002",37.38895601,E07000146,King's Lynn and West Norfolk
E02004103,Buxton South & East - High Peak 011,37.37018723,E07000037,High Peak
E02002804,Mackworth - Derby 009,37.36723245,E06000015,Derby
E02002842,Newfoundpool - Leicester 016,37.35787057,E06000016,Leicester
E02004438,Basildon Central & Pipps Hill - Basildon 015,37.33816356,E07000066,Basildon
E02006480,Tomkinson Road - Nuneaton and Bedworth 006,37.29032764,E07000219,Nuneaton and Bedworth
E02003313,Tilbury - Thurrock 018,37.28552462,E06000034,Thurrock
E02006474,New Arley & Fillongley - North Warwickshire 007,37.24479012,E07000218,North Warwickshire
E02001177,Weaste & Seedley - Salford 021,37.20863072,E08000006,Salford
E02003571,Central Southampton West - Southampton 023,37.20059429,E06000045,Southampton
E02003288,Victoria - Southend-on-Sea 010,37.19622371,E06000033,Southend-on-Sea
E02005056,Gravesend Town - Gravesham 002,37.17411098,E07000109,Gravesham
E02005658,St David's - Northampton 009,37.16644053,E06000062,West Northamptonshire
E02002058,Great Bridge & Dudley Port - Sandwell 016,37.16460803,E08000028,Sandwell
E02001511,Shafton & Upper Cudworth - Barnsley 003,37.1219362,E08000038,Barnsley
E02006470,Atherstone - North Warwickshire 003,37.06921201,E07000218,North Warwickshire
E02002739,Cleethorpes Beacon Hill - North East Lincolnshire 014,37.04347144,E06000012,North East Lincolnshire
E02001066,Victoria Park - Manchester 022,37.04143732,E08000003,Manchester
E02002509,Easterside - Middlesbrough 014,37.02134461,E06000002,Middlesbrough
E02002006,Upper Gornal & Ruiton - Dudley 007,36.97689692,E08000027,Dudley
E02005584,Catton Grove & Airport - Norwich 001,36.97531499,E07000148,Norwich
E02001992,Ernesford Grange & Stoke Aldermoor - Coventry 035,36.9598817,E08000026,Coventry
E02004402,Bexhill Central - Rother 011,36.95673825,E07000064,Rother
E02003029,Fishponds South - Bristol 018,36.94021347,E06000023,"Bristol, City of"
E02005835,"Harworth, Bircotes & Blyth - Bassetlaw 001",36.89326051,E07000171,Bassetlaw
E02002517,Dormanstown - Redcar and Cleveland 003,36.89219394,E06000003,Redcar and Cleveland
E02001359,Croxteth Park - Liverpool 013,36.88760201,E08000012,Liverpool
E02005510,"Shipdham, Bradenham & Saham Toney - Breckland 008",36.88395079,E07000143,Breckland
E02006805,Holbrooks - Coventry 043,36.86677367,E08000026,Coventry
E02003752,Chatteris - Fenland 011,36.85519079,E07000010,Fenland
E02001616,Ecclesfield South - Sheffield 006,36.8295134,E08000039,Sheffield
E02004053,South Normanton West - Bolsover 009,36.82543227,E07000033,Bolsover
E02001846,Short Heath - Birmingham 020,36.82513975,E08000025,Birmingham
E02003940,"St Breward, Tredethy & Lanivet - Cornwall 011",36.81029793,E06000052,Cornwall
E02001763,Howdon - North Tyneside 026,36.79061813,E08000022,North Tyneside
E02006962,Ordsall East - Salford 036,36.79051641,E08000006,Salford
E02005443,Glebe Park - Lincoln 002,36.78448544,E07000138,Lincoln
E02006842,Gateshead South - Gateshead 028,36.7557867,E08000037,Gateshead
E02002875,Basford Park Lane - Nottingham 008,36.75522923,E06000018,Nottingham
E02003321,Rede Common - Medway 008,36.7524769,E06000035,Medway
E02001427,Bold & Clock Face - St. Helens 022,36.74498792,E08000013,St. Helens
E02004481,Canvey Island Newlands - Castle Point 009,36.7127803,E07000069,Castle Point
E02005706,Berwick-upon-Tweed Town - Northumberland 001,36.70736166,E06000057,Northumberland
E02005568,"Stoke Ferry, Hilgay & Wimbotsham - King's Lynn and West Norfolk 018",36.67463702,E07000146,King's Lynn and West Norfolk
E02005893,Ollerton & Boughton - Newark and Sherwood 001,36.64672458,E07000175,Newark and Sherwood
E02002309,Paddock & Greenhead - Kirklees 039,36.6390145,E08000034,Kirklees
E02004579,Weeley & Thorpe-le-Soken - Tendring 007,36.63711108,E07000076,Tendring
E02003563,Shirley South - Southampton 015,36.62525168,E06000045,Southampton
E02004232,"Lifton, Lamerton & Bridestowe - West Devon 004",36.62406232,E07000047,West Devon
E02001823,Houghton West - Sunderland 033,36.60496009,E08000024,Sunderland
E02001425,Sutton Leach - St. Helens 020,36.59185523,E08000013,St. Helens
E02004791,Holbury South - New Forest 013,36.59097705,E07000091,New Forest
E02002163,Heath Town - Wolverhampton 015,36.58622849,E08000031,Wolverhampton
E02007032,North Walsham East - North Norfolk 015,36.5592835,E07000147,North Norfolk
E02002969,Boothen & Penkhull - Stoke-on-Trent 019,36.55708203,E06000021,Stoke-on-Trent
E02002940,St George's - Telford and Wrekin 013,36.54979022,E06000020,Telford and Wrekin
E02005574,"Overstrand, Roughton & the Runtons - North Norfolk 005",36.50234192,E07000147,North Norfolk
E02001006,Rumworth South - Bolton 023,36.4988515,E08000001,Bolton
E02001704,Easedale Gardens - Gateshead 023,36.47751071,E08000037,Gateshead
E02004419,Hailsham East - Wealden 017,36.47071005,E07000065,Wealden
E02001566,Balby Carr - Doncaster 028,36.45973786,E08000017,Doncaster
E02002305,Rawthorpe - Kirklees 035,36.45906768,E08000034,Kirklees
E02003893,St Neot & St Cleer - Cornwall 012,36.43168767,E06000052,Cornwall
E02002065,Smethwick North & West - Sandwell 023,36.39365767,E08000028,Sandwell
E02002695,Hornsea - East Riding of Yorkshire 012,36.37525534,E06000011,East Riding of Yorkshire
E02001328,Kirkby North West - Knowsley 002,36.36944585,E08000011,Knowsley
E02003141,Ford & Blockhouse Park - Plymouth 020,36.35566302,E06000026,Plymouth
E02003082,Weston Hillside - North Somerset 018,36.3518798,E06000024,North Somerset
E02001715,Kenton - Newcastle upon Tyne 008,36.34628164,E08000021,Newcastle upon Tyne
E02004777,South Hayling - Havant 016,36.31072869,E07000090,Havant
E02001581,Swinton South - Rotherham 004,36.2946904,E08000018,Rotherham
E02004080,Ilkeston Town - Erewash 003,36.28360317,E07000036,Erewash
E02003314,Hoo Peninsula - Medway 001,36.27118416,E06000035,Medway
E02001766,Wallsend East - North Tyneside 029,36.24875079,E08000022,North Tyneside
E02003260,Marsh Farm - Luton 003,36.23184629,E06000032,Luton
E02002941,Oakengates & Ketley - Telford and Wrekin 014,36.23168596,E06000020,Telford and Wrekin
E02001478,Moreton West - Wirral 012,36.22904904,E08000015,Wirral
E02001239,Droylsden Central - Tameside 011,36.19745281,E08000008,Tameside
E02003746,March North - Fenland 005,36.15662504,E07000010,Fenland
E02005565,"Watlington, Wiggenhall & Terrington St John - King's Lynn and West Norfolk 015",36.13733029,E07000146,King's Lynn and West Norfolk
E02002317,Crosland Moor - Kirklees 047,36.12721579,E08000034,Kirklees
E02003149,Cattedown & Prince Rock - Plymouth 028,36.12066624,E06000026,Plymouth
E02002873,Bestwood - Nottingham 006,36.10119602,E06000018,Nottingham
E02006841,Gateshead Town - Gateshead 027,36.08721605,E08000037,Gateshead
E02004439,Laindon Central - Basildon 016,36.06471907,E07000066,Basildon
E02001049,New Moston - Manchester 005,36.05663297,E08000003,Manchester
E02005670,Town Centre & Semilong - Northampton 021,36.04366947,E06000062,West Northamptonshire
E02006815,Thurnby Lodge - Leicester 037,36.03438348,E06000016,Leicester
E02003996,Denton Holme & Harraby Green - Carlisle 010,36.00707128,E06000063,Cumberland
E02005003,Washford & Stanhope - Ashford 008,35.95018611,E07000105,Ashford
E02001183,Patricroft - Salford 027,35.94290642,E08000006,Salford
E02003058,Hengrove - Bristol 047,35.93540614,E06000023,"Bristol, City of"
E02005504,"Whissonsett, Litcham & Narborough - Breckland 002",35.92394455,E07000143,Breckland
E02003547,Old Portsmouth & Southsea Common - Portsmouth 024,35.9038556,E06000044,Portsmouth
E02001546,Hatfield East - Doncaster 008,35.88113491,E08000017,Doncaster
E02001302,Hindley East - Wigan 016,35.86176798,E08000010,Wigan
E02003975,"Harrington, Stainburn & Great Clifton - Allerdale 011",35.85794972,E06000063,Cumberland
E02002153,Ashmore Park - Wolverhampton 005,35.84659331,E08000031,Wolverhampton
E02003922,Pool & Illogan Highway - Cornwall 051,35.84307805,E06000052,Cornwall
E02001875,Hockley & Jewellery Quarter - Birmingham 049,35.83566737,E08000025,Birmingham
E02001977,Naul's Mill & Bishopsgate Green - Coventry 020,35.83050359,E08000026,Coventry
E02002762,Scunthorpe Lincoln Gardens - North Lincolnshire 014,35.82268734,E06000013,North Lincolnshire
E02002581,Hale Bank - Halton 008,35.82224582,E06000006,Halton
E02001928,Woodgate - Birmingham 102,35.81676047,E08000025,Birmingham
E02006125,Cannock North East - Cannock Chase 008,35.80720168,E07000192,Cannock Chase
E02001817,Silksworth - Sunderland 027,35.80669669,E08000024,Sunderland
E02001400,Allerton - Liverpool 054,35.80551893,E08000012,Liverpool
E02003585,Binstead & Wootton - Isle of Wight 005,35.78845111,E06000046,Isle of Wight
E02005468,"Moulton, Weston & Whaplode - South Holland 004",35.78162065,E07000140,South Holland
E02002904,Clifton South - Nottingham 037,35.77860427,E06000018,Nottingham
E02003532,Alexandra Park - Portsmouth 009,35.76416513,E06000044,Portsmouth
E02004356,Langney West - Eastbourne 001,35.75647778,E07000061,Eastbourne
E02003059,Headley Park - Bristol 048,35.74102601,E06000023,"Bristol, City of"
E02001029,Buckley Wells & Fishpool - Bury 011,35.7311234,E08000002,Bury
E02001878,Saltley West - Birmingham 052,35.70855124,E08000025,Birmingham
E02006773,Comberton - Wyre Forest 007,35.70769532,E07000239,Wyre Forest
E02001413,Blackbrook - St. Helens 008,35.66593565,E08000013,St. Helens
E02001728,Lemington - Newcastle upon Tyne 021,35.65779385,E08000021,Newcastle upon Tyne
E02001136,"Healey, Skye & Shawclough - Rochdale 005",35.64786617,E08000005,Rochdale
E02005046,Aylesham & Elvington - Dover 006,35.6172723,E07000108,Dover
E02005902,Newark South West - Newark and Sherwood 010,35.60861262,E07000175,Newark and Sherwood
E02005189,Clayton Brook - Chorley 001,35.60686828,E07000118,Chorley
E02002165,West Park - Wolverhampton 017,35.60528056,E08000031,Wolverhampton
E02005575,"Beeston Regis, Saxthorpe & Aldborough - North Norfolk 006",35.59783482,E07000147,North Norfolk
E02004316,Esh Winning & Ushaw Moor - County Durham 031,35.59073572,E06000047,County Durham
E02005265,Ashton-on-Ribble & Larches - Preston 013,35.55484672,E07000123,Preston
E02003155,St Marychurch & Maidencombe - Torbay 002,35.55168374,E06000027,Torbay
E02004640,Barton - Gloucester 005,35.53377458,E07000081,Gloucester
E02004323,South Murton & South Hetton - County Durham 021,35.51409999,E06000047,County Durham
E02001086,Merseybank & Barlow Moor - Manchester 042,35.51303969,E08000003,Manchester
E02002946,Dawley & Aqueduct - Telford and Wrekin 019,35.49175362,E06000020,Telford and Wrekin
E02004747,Brockhurst - Gosport 007,35.48473966,E07000088,Gosport
E02002022,Hawbush - Dudley 023,35.47899724,E08000027,Dudley
E02006774,Foley Park - Wyre Forest 008,35.46114812,E07000239,Wyre Forest
E02004231,"Chagford, Princetown & Dartmoor - West Devon 003",35.45508662,E07000047,West Devon
E02003919,Redruth North - Cornwall 046,35.44431581,E06000052,Cornwall
E02004094,Hadfield West & Gamesley - High Peak 002,35.43743361,E07000037,High Peak
E02001949,Lifford & Walkers Heath - Birmingham 123,35.42640206,E08000025,Birmingham
E02005698,Brickhill - Wellingborough 007,35.40683803,E06000061,North Northamptonshire
E02006043,Craven Arms & Broadstone - Shropshire 036,35.39879302,E06000051,Shropshire
E02006056,Evercreech & Nunney - Mendip 010,35.3805918,E06000066,Somerset
E02004046,Whitwell & Elmton - Bolsover 002,35.37923059,E07000033,Bolsover
E02002202,Shipley Town - Bradford 020,35.35948426,E08000032,Bradford
E02001384,Wavertree South - Liverpool 038,35.33764625,E08000012,Liverpool
E02006722,Church Hill South - Redditch 002,35.32802671,E07000236,Redditch
E02002809,Spondon South - Derby 014,35.31681718,E06000015,Derby
E02002201,Idle - Bradford 019,35.31578364,E08000032,Bradford
E02002117,Bloxwich Central & North - Walsall 008,35.27394302,E08000030,Walsall
E02003921,St Day & Lanner - Cornwall 050,35.24864534,E06000052,Cornwall
E02005228,Morecambe South West - Lancaster 008,35.22758982,E07000121,Lancaster
E02001582,Rawmarsh North West - Rotherham 005,35.21113363,E08000018,Rotherham
E02002689,"Burton Agnes, Rudston & Langtoft - East Riding of Yorkshire 006",35.14912292,E06000011,East Riding of Yorkshire
E02001062,Ardwick - Manchester 018,35.13357037,E08000003,Manchester
E02002045,Woods & Mesty Croft - Sandwell 003,35.12343819,E08000028,Sandwell
E02004005,Egremont & Moor Row - Copeland 006,35.11116771,E06000063,Cumberland
E02006016,"Woore, Prees & Tilstock - Shropshire 002",35.08567307,E06000051,Shropshire
E02005795,Whitby West - Scarborough 001,35.07374139,E06000065,North Yorkshire
E02003749,"Coates, Benwick & Pondersbridge - Fenland 008",35.07185486,E07000010,Fenland
E02006300,Felixstowe West - Suffolk Coastal 014,35.06850325,E07000244,East Suffolk
E02005259,Brookfield & Holme Slack - Preston 007,35.06398234,E07000123,Preston
E02001986,Tile Hill - Coventry 029,35.0562802,E08000026,Coventry
E02001115,Lees & Hey - Oldham 018,35.05473544,E08000004,Oldham
E02003470,Stacey Bushes & Fullers Slade - Milton Keynes 012,35.03486887,E06000042,Milton Keynes
E02005570,Sheringham - North Norfolk 001,35.0330448,E07000147,North Norfolk
E02002295,Deighton & Brackenhall - Kirklees 025,35.01737288,E08000034,Kirklees
E02001096,Wythenshawe East & Peel Hall - Manchester 052,35.01437186,E08000003,Manchester
E02003932,Poundstock & Kilkhampton - Cornwall 002,34.99977443,E06000052,Cornwall
E02006876,"Leeds Dock, Hunslet & Stourton - Leeds 112",34.99791704,E08000035,Leeds
E02004344,Newton Aycliffe South - County Durham 063,34.97916961,E06000047,County Durham
E02002151,Pendleford - Wolverhampton 003,34.95054716,E08000031,Wolverhampton
E02006094,Stoford & the Cokers - South Somerset 020,34.94065341,E06000066,Somerset
E02004188,"Bishop's Nympton, Witheridge & Chulmleigh - North Devon 014",34.93867832,E07000043,North Devon
E02002995,Twerton - Bath and North East Somerset 011,34.93387389,E06000022,Bath and North East Somerset
E02004484,Canvey Island Leigh Beck - Castle Point 012,34.9141241,E07000069,Castle Point
E02004060,Inkersall Green & Duckmanton - Chesterfield 006,34.90091785,E07000034,Chesterfield
E02005065,Singlewell - Gravesham 011,34.89725318,E07000109,Gravesham
E02001300,Pemberton South - Wigan 014,34.89083885,E08000010,Wigan
E02005573,Holt & Weybourne - North Norfolk 004,34.88250349,E07000147,North Norfolk
E02003170,Brixham Town - Torbay 017,34.87561605,E06000027,Torbay
E02002478,Upton - Wakefield 041,34.87139199,E08000036,Wakefield
E02001962,Little Heath - Coventry 005,34.86973268,E08000026,Coventry
E02001551,Bentley Rise - Doncaster 013,34.86897787,E08000017,Doncaster
E02006545,Wick & Toddington - Arun 004,34.86477626,E07000224,Arun
E02001132,Littleborough North & Calderbook - Rochdale 001,34.86337454,E08000005,Rochdale
E02001824,Houghton Town - Sunderland 034,34.8479056,E08000024,Sunderland
E02006110,Wellington North - Taunton Deane 012,34.83584494,E06000066,Somerset
E02001666,Beighton - Sheffield 056,34.82694156,E08000039,Sheffield
E02002617,Little Harwood - Blackburn with Darwen 003,34.8079558,E06000008,Blackburn with Darwen
E02001473,Liscard - Wirral 007,34.79954845,E08000015,Wirral
E02004358,Langney East - Eastbourne 003,34.78978867,E07000061,Eastbourne
E02001092,Baguley East & Wythenshawe Park - Manchester 048,34.78151607,E08000003,Manchester
E02005554,"Dersingham, Sandringham & Massingham - King's Lynn and West Norfolk 004",34.7772899,E07000146,King's Lynn and West Norfolk
E02001822,Newbottle & Penshaw - Sunderland 032,34.76084668,E08000024,Sunderland
E02005739,Guide Post & Stakeford - Northumberland 017,34.75660955,E06000057,Northumberland
E02003966,"Boltons, Warnell & Solway Coast - Allerdale 002",34.7553204,E06000063,Cumberland
E02003543,Southsea Fawcett Road - Portsmouth 020,34.75318075,E06000044,Portsmouth
E02002441,Castleford West - Wakefield 004,34.74488407,E08000036,Wakefield
E02006311,Beccles - Waveney 010,34.6948476,E07000244,East Suffolk
E02002578,Victoria Park - Halton 005,34.68914847,E06000006,Halton
E02003889,Winsford Over - Cheshire West and Chester 040,34.67424665,E06000050,Cheshire West and Chester
E02001580,Swinton North - Rotherham 003,34.6625722,E08000018,Rotherham
E02004445,Vange & Pitsea - Basildon 022,34.64021439,E07000066,Basildon
E02001624,Brightside & Wincobank - Sheffield 014,34.62135286,E08000039,Sheffield
E02001495,Egerton Park - Wirral 029,34.62087892,E08000015,Wirral
E02005957,Greater Leys - Oxford 018,34.58122442,E07000178,Oxford
E02002074,Warley West - Sandwell 032,34.56125372,E08000028,Sandwell
E02001154,Middleton East - Rochdale 023,34.55896605,E08000005,Rochdale
E02006098,Tatworth & Combe St Nicholas - South Somerset 024,34.55401459,E06000066,Somerset
E02003142,"Efford, Laira & Crabtree - Plymouth 021",34.48410978,E06000026,Plymouth
E02002819,Wilmorton & Alvaston Village - Derby 024,34.47564467,E06000015,Derby
E02004049,Bolsover South & Glapwell - Bolsover 005,34.45937051,E07000033,Bolsover
E02003751,"Doddington, Wimblington & Manea - Fenland 010",34.44992125,E07000010,Fenland
E02003848,Ellesmere Port Pooltown Road - Cheshire West and Chester 010,34.43729131,E06000050,Cheshire West and Chester
E02001185,Higher Irlam - Salford 029,34.4372482,E08000006,Salford
E02006884,Waterfoot & Stacksteads - Rossendale 010,34.42129862,E07000125,Rossendale
E02006044,Clun & Bucknell - Shropshire 037,34.41867515,E06000051,Shropshire
E02001105,Royton South West - Oldham 008,34.40209325,E08000004,Oldham
E02003012,Henbury & Brentry - Bristol 001,34.39296376,E06000023,"Bristol, City of"
E02006684,Trowbridge North - Wiltshire 031,34.39168278,E06000054,Wiltshire
E02005143,Dumpton - Thanet 012,34.37389684,E07000114,Thanet
E02004815,Andover Newbury Road - Test Valley 002,34.37113328,E07000093,Test Valley
E02004766,Waterlooville Central - Havant 005,34.36123519,E07000090,Havant
E02001966,Foleshill West - Coventry 009,34.36049412,E08000026,Coventry
E02002938,Wellington East - Telford and Wrekin 011,34.35414296,E06000020,Telford and Wrekin
E02005043,Deal North & West - Dover 003,34.35318134,E07000108,Dover
E02001721,Throckley & Newburn - Newcastle upon Tyne 014,34.35123006,E08000021,Newcastle upon Tyne
E02004576,Harwich West & South - Tendring 004,34.26612546,E07000076,Tendring
E02006984,New Islington South & Bradford - Manchester 062,34.21971572,E08000003,Manchester
E02001488,Oxton South - Wirral 022,34.20917088,E08000015,Wirral
E02001162,Swinton Newtown - Salford 006,34.20830125,E08000006,Salford
E02001726,Fenham - Newcastle upon Tyne 019,34.19741478,E08000021,Newcastle upon Tyne
E02004167,Tiverton East - Mid Devon 004,34.19062892,E07000042,Mid Devon
E02001022,Walmersley & Limefield - Bury 004,34.18219389,E08000002,Bury
E02002206,Wrose & Bolton Woods - Bradford 024,34.17168804,E08000032,Bradford
E02006771,Bewdley East & Upper Arley - Wyre Forest 005,34.15163602,E07000239,Wyre Forest
E02005842,Retford East - Bassetlaw 008,34.14394194,E07000171,Bassetlaw
E02003915,Falmouth North - Cornwall 062,34.13950225,E06000052,Cornwall
E02004354,Saint Helen Auckland & West Auckland - County Durham 057,34.13314697,E06000047,County Durham
E02006555,South Bersted - Arun 014,34.12081133,E07000224,Arun
E02005138,Westgate - Thanet 007,34.12025477,E07000114,Thanet
E02003530,Hilsea - Portsmouth 007,34.11858506,E06000044,Portsmouth
E02001538,Hoyland - Barnsley 030,34.11696308,E08000038,Barnsley
E02003985,Walney Island North - Barrow-in-Furness 009,34.08662937,E06000064,Westmorland and Furness
E02003171,Higher Brixham - Torbay 018,34.07787689,E06000027,Torbay
E02006806,Ash Green & Keresley End - Nuneaton and Bedworth 018,34.06978063,E07000219,Nuneaton and Bedworth
E02003159,Ellacombe - Torbay 006,34.0562857,E06000027,Torbay
E02004778,Hayling Eastoke - Havant 017,34.04293844,E07000090,Havant
E02001776,Hebburn North - South Tyneside 009,34.03515313,E08000023,South Tyneside
E02006943,Smethwick East - Sandwell 040,34.03439223,E08000028,Sandwell
E02001607,Aston - Rotherham 030,34.01334629,E08000018,Rotherham
E02006219,Amington - Tamworth 003,33.98025697,E07000199,Tamworth
E02003959,Par - Cornwall 031,33.95183228,E06000052,Cornwall
E02001002,Breightmet South & Darcy Lever - Bolton 019,33.94241123,E08000001,Bolton
E02005560,Fairstead & Springwood - King's Lynn and West Norfolk 010,33.94085108,E07000146,King's Lynn and West Norfolk
E02005465,"Donington, Quadring & Gosberton - South Holland 001",33.90943381,E07000140,South Holland
E02002806,New Zealand - Derby 011,33.89761584,E06000015,Derby
E02002758,Scunthorpe Frodingham - North Lincolnshire 010,33.88096629,E06000013,North Lincolnshire
E02005136,Westbrook & Garlinge - Thanet 005,33.86745913,E07000114,Thanet
E02001409,Moss Bank - St. Helens 004,33.85098825,E08000013,St. Helens
E02005708,"Seahouses, Belford & Wooler - Northumberland 003",33.84782277,E06000057,Northumberland
E02003947,West Penwith & St Buryan - Cornwall 065,33.84150605,E06000052,Cornwall
E02004285,Westham South - Weymouth and Portland 005,33.83451042,E06000059,Dorset
E02005654,Overstone Lodge & Rectory Farm - Northampton 005,33.82572266,E06000062,West Northamptonshire
E02005512,"Wayland, Ellingham & Great Hockham - Breckland 010",33.82562003,E07000143,Breckland
E02007039,Greet & Mid Sparkhill - Birmingham 142,33.8187126,E08000025,Birmingham
E02006167,Newcastle West & Cross Heath - Newcastle-under-Lyme 010,33.80439339,E07000195,Newcastle-under-Lyme
E02005269,Preston Town Centre - Preston 017,33.77839916,E07000123,Preston
E02003322,Gillingham North - Medway 009,33.74704251,E06000035,Medway
E02001069,Rusholme West & Moss Side East - Manchester 025,33.71999357,E08000003,Manchester
E02001104,Moorside & Sholver - Oldham 007,33.71998758,E08000004,Oldham
E02005562,"Grimston, Gayton & East Winch - King's Lynn and West Norfolk 012",33.71038406,E07000146,King's Lynn and West Norfolk
E02003564,Bitterne East - Southampton 016,33.69484398,E06000045,Southampton
E02002684,Bridlington North & Bempton - East Riding of Yorkshire 001,33.68030615,E06000011,East Riding of Yorkshire
E02004206,Dawlish South - Teignbridge 006,33.67346667,E07000045,Teignbridge
E02002205,Haworth & Oxenhope - Bradford 023,33.62784461,E08000032,Bradford
E02006938,Central Luton - Luton 023,33.61538299,E06000032,Luton
E02006730,Greenlands - Redditch 010,33.60073825,E07000236,Redditch
E02005045,"Mill Hill, Upper Deal & Northbourne - Dover 005",33.59427077,E07000108,Dover
E02002158,Wednesfield North East - Wolverhampton 010,33.585661,E08000031,Wolverhampton
E02005118,Minster South - Swale 004,33.53969732,E07000113,Swale
E02004348,Stanhope & Weardale - County Durham 042,33.52382582,E06000047,County Durham
E02001858,Handsworth East - Birmingham 032,33.49633684,E08000025,Birmingham
E02001312,Abram & Bickershaw - Wigan 026,33.47865685,E08000010,Wigan
E02002064,Tividale - Sandwell 022,33.46443767,E08000028,Sandwell
E02001048,Crumpsall North & Heaton Park - Manchester 004,33.43377511,E08000003,Manchester
E02004299,Stanley North & East - County Durham 004,33.41532283,E06000047,County Durham
E02001168,Swinton Worsley Road - Salford 012,33.4072375,E08000006,Salford
E02003158,Babbacombe & Plainmoor - Torbay 005,33.40454409,E06000027,Torbay
E02004345,"Evenwood, Cockfield & Staindrop - County Durham 064",33.38821481,E06000047,County Durham
E02007081,Cleethorpes North & Haverstoe - North East Lincolnshire 024,33.37056463,E06000012,North East Lincolnshire
E02003873,Macclesfield South & Lyme Green - Cheshire East 021,33.36507692,E06000049,Cheshire East
E02002891,Bakersfield - Nottingham 024,33.31843776,E06000018,Nottingham
E02002960,Birches Head - Stoke-on-Trent 010,33.25030688,E06000021,Stoke-on-Trent
E02006141,Burton Central - East Staffordshire 011,33.24991305,E07000193,East Staffordshire
E02006015,Whitchurch - Shropshire 001,33.24848606,E06000051,Shropshire
E02001788,Boldon Colliery - South Tyneside 021,33.23717218,E08000023,South Tyneside
E02005280,Bacup - Rossendale 003,33.22303813,E07000125,Rossendale
E02002283,Batley Carr & Mount Pleasant - Kirklees 013,33.2081371,E08000034,Kirklees
E02006067,"Cannington, Combwich & Nether Stowey - Sedgemoor 007",33.19281828,E06000066,Somerset
E02006761,Evesham Central - Wychavon 014,33.18259314,E07000238,Wychavon
E02001784,Primrose - South Tyneside 017,33.16763237,E08000023,South Tyneside
E02002845,North Evington & Rowlatts Hill - Leicester 019,33.16490674,E06000016,Leicester
E02002385,Burley - Leeds 056,33.16399139,E08000035,Leeds
E02003828,Crewe North West - Cheshire East 037,33.15797009,E06000049,Cheshire East
E02005956,Blackbird Leys - Oxford 017,33.13856867,E07000178,Oxford
E02006208,Leek Town - Staffordshire Moorlands 005,33.12703922,E07000198,Staffordshire Moorlands
E02003089,Weston Uphill - North Somerset 025,33.11223713,E06000024,North Somerset
E02003581,Cowes Central - Isle of Wight 001,33.10962532,E06000046,Isle of Wight
E02001654,Woodhouse Mill - Sheffield 044,33.0920679,E08000039,Sheffield
E02003086,Weston Clarence - North Somerset 022,33.08978915,E06000024,North Somerset
E02002585,Runcorn Town & Westfield - Halton 012,33.08950036,E06000006,Halton
E02001099,Wood End - Oldham 002,33.07788671,E08000004,Oldham
E02005469,Pinchbeck & Deeping St Nicholas - South Holland 005,33.07761563,E07000140,South Holland
E02003988,Brampton & Irthing - Carlisle 002,33.07434689,E06000063,Cumberland
E02003934,Camelford & Tresmeer - Cornwall 004,33.05622887,E06000052,Cornwall
E02006087,Yeovil Larkhill - South Somerset 013,33.04590061,E06000066,Somerset
E02005267,St George's - Preston 015,33.02823675,E07000123,Preston
E02001636,"Upperthorpe, Netherthorpe & Langsett - Sheffield 026",33.01980598,E08000039,Sheffield
E02003894,Callington & Pensilva - Cornwall 013,32.99210832,E06000052,Cornwall
E02002976,Hollybush & Blurton North - Stoke-on-Trent 026,32.97561544,E06000021,Stoke-on-Trent
E02005314,Skelmersdale West - West Lancashire 011,32.97432983,E07000127,West Lancashire
E02004296,Sacriston - County Durham 019,32.97253879,E06000047,County Durham
E02000467,Harold Hill East - Havering 004,32.94711912,E09000016,Havering
E02002024,Quarry Bank - Dudley 025,32.93326683,E08000027,Dudley
E02001611,Stocksbridge - Sheffield 001,32.91318285,E08000039,Sheffield
E02003625,Harpur - Bedford 010,32.86609499,E06000055,Bedford
E02003992,Central Carlisle - Carlisle 006,32.86466805,E06000063,Cumberland
E02006916,Hulme Park & St George's - Manchester 059,32.84067475,E08000003,Manchester
E02001176,Eccles - Salford 020,32.84031067,E08000006,Salford
E02005263,Moor Park - Preston 011,32.79518543,E07000123,Preston
E02001955,Longbridge South - Birmingham 129,32.78117527,E08000025,Birmingham
E02003553,Swaythling - Southampton 005,32.78049445,E06000045,Southampton
E02004116,Clay Cross - North East Derbyshire 012,32.74749597,E07000038,North East Derbyshire
E02004434,Felmore & Bowers Gifford - Basildon 011,32.71177651,E07000066,Basildon
E02004359,Hampden Park South - Eastbourne 004,32.71108717,E07000061,Eastbourne
E02000401,Roundway - Haringey 005,32.70015407,E09000014,Haringey
E02002741,Wellow - North East Lincolnshire 016,32.68756924,E06000012,North East Lincolnshire
E02003025,Lockleaze - Bristol 014,32.67217704,E06000023,"Bristol, City of"
E02003534,North End East - Portsmouth 011,32.66260194,E06000044,Portsmouth
E02002252,Norton Tower & Mount Tabor - Calderdale 009,32.65524028,E08000033,Calderdale
E02001161,Clifton - Salford 005,32.65442621,E08000006,Salford
E02005844,Retford South - Bassetlaw 010,32.65424344,E07000171,Bassetlaw
E02001198,Bredbury Green - Stockport 012,32.63981273,E08000007,Stockport
E02006220,Bolehall - Tamworth 004,32.62504048,E07000199,Tamworth
E02005427,Louth Central & South - East Lindsey 004,32.61535942,E07000137,East Lindsey
E02002281,Heckmondwike North - Kirklees 011,32.60943968,E08000034,Kirklees
E02003039,St George - Bristol 028,32.60674747,E06000023,"Bristol, City of"
E02002420,Beeston East - Leeds 091,32.56770877,E08000035,Leeds
E02003899,Mid Saltash - Cornwall 025,32.55470618,E06000052,Cornwall
E02005220,Broadfield & Knuzden - Hyndburn 009,32.55415932,E07000120,Hyndburn
E02006880,Folkestone Central - Shepway 015,32.55011104,E07000112,Folkestone and Hythe
E02004102,Buxton North - High Peak 010,32.54006351,E07000037,High Peak
E02001486,Claughton South & Oxton North - Wirral 020,32.53716109,E08000015,Wirral
E02001193,South Reddish & Heaton Norris - Stockport 007,32.52343723,E08000007,Stockport
E02007105,Ashington West & South - Northumberland 041,32.42648212,E06000057,Northumberland
E02002001,Sedgeley East - Dudley 002,32.40124324,E08000027,Dudley
E02005055,Northfleet North - Gravesham 001,32.40112222,E07000109,Gravesham
E02003933,Crackington & Tintagel - Cornwall 003,32.39232808,E06000052,Cornwall
E02005176,Harle Syke & Lanehead - Burnley 001,32.39221285,E07000117,Burnley
E02006023,"Gobowen, St Martin's & Weston Rhyn - Shropshire 003",32.3910536,E06000051,Shropshire
E02004311,Sherburn & West Rainton - County Durham 027,32.38609662,E06000047,County Durham
E02002277,Upper Batley & Soothill - Kirklees 007,32.35758677,E08000034,Kirklees
E02002161,Whitmore Reans & Dunstall Hill - Wolverhampton 013,32.3418537,E08000031,Wolverhampton
E02001558,"Cadeby, Hickleton & Hampole - Doncaster 020",32.34040781,E08000017,Doncaster
E02003544,Southsea Prince Albert Road - Portsmouth 021,32.32512878,E06000044,Portsmouth
E02002906,Leominster North - Herefordshire 002,32.31242687,E06000019,"Herefordshire, County of"
E02002003,West Coseley - Dudley 004,32.29105737,E08000027,Dudley
E02001571,"Warmsworth, Braithwell & Stainton - Doncaster 033",32.26601938,E08000017,Doncaster
E02003832,Crewe Mill Street & College - Cheshire East 043,32.23178792,E06000049,Cheshire East
E02002079,Brandhall - Sandwell 037,32.22552188,E08000028,Sandwell
E02002516,Redcar Lakes North - Redcar and Cleveland 002,32.21744051,E06000003,Redcar and Cleveland
E02001027,Whitehead Park - Bury 009,32.21003406,E08000002,Bury
E02004187,South Molton - North Devon 013,32.20262285,E07000043,North Devon
E02001435,Southport South - Sefton 007,32.19021,E08000014,Sefton
E02001210,Offerton West - Stockport 024,32.18583138,E08000007,Stockport
E02007040,Sparkhill South - Birmingham 143,32.18437762,E08000025,Birmingham
E02001521,Barnsley Town & Park Road - Barnsley 013,32.17186619,E08000038,Barnsley
E02001394,Mossley Hill West & Sefton Park - Liverpool 048,32.15592526,E08000012,Liverpool
E02002924,Golden Valley - Herefordshire 020,32.1516484,E06000019,"Herefordshire, County of"
E02004307,Langley Park & Satley - County Durham 024,32.12651924,E06000047,County Durham
E02002890,St Ann's West - Nottingham 023,32.12099641,E06000018,Nottingham
E02004337,Spennymoor West - County Durham 052,32.07900972,E06000047,County Durham
E02000278,Turkey Street - Enfield 002,32.0745405,E09000010,Enfield
E02003476,Eaglestone & Fishermead - Milton Keynes 018,32.06531024,E06000042,Milton Keynes
E02005723,Morpeth Central & East - Northumberland 016,32.05684804,E06000057,Northumberland
E02006472,Hartshill & Ansley - North Warwickshire 005,32.04732411,E07000218,North Warwickshire
E02001248,Hyde North - Tameside 020,32.04371961,E08000008,Tameside
E02003537,Baffins - Portsmouth 014,31.98718054,E06000044,Portsmouth
E02005113,New Romney - Shepway 012,31.98370978,E07000112,Folkestone and Hythe
E02001642,Littledale & Handsworth North - Sheffield 032,31.9794957,E08000039,Sheffield
E02002279,"Liversedge, Littletown & Millbridge - Kirklees 009",31.9722383,E08000034,Kirklees
E02001320,Leigh South East - Wigan 034,31.96500333,E08000010,Wigan
E02004054,South Normanton Broadmeadows & Pinxton - Bolsover 010,31.95070009,E07000033,Bolsover
E02001685,Blaydon South - Gateshead 004,31.9443727,E08000037,Gateshead
E02002876,Old Basford - Nottingham 009,31.93210941,E06000018,Nottingham
E02001592,Kimberworth - Rotherham 015,31.91611099,E08000018,Rotherham
E02006950,St Pauls - Bristol 059,31.91565357,E06000023,"Bristol, City of"
E02003936,Altarnun & Stoke Climsland - Cornwall 006,31.90207016,E06000052,Cornwall
E02005580,Fakenham - North Norfolk 011,31.88531885,E07000147,North Norfolk
E02003340,Wayfield - Medway 027,31.86948801,E06000035,Medway
E02003060,Stockwood - Bristol 049,31.86557602,E06000023,"Bristol, City of"
E02006072,"Westonzoyland, Ashcott & Cossington - Sedgemoor 012",31.85033913,E06000066,Somerset
E02002685,Bridlington East & Flamborough - East Riding of Yorkshire 002,31.81273901,E06000011,East Riding of Yorkshire
E02005581,"Felmingham, Worstead & Happisburgh - North Norfolk 012",31.80653402,E07000147,North Norfolk
E02001291,Beech Hill - Wigan 005,31.78249555,E08000010,Wigan
E02002032,Cradley East - Dudley 033,31.77589187,E08000027,Dudley
E02001729,Nunsmoor - Newcastle upon Tyne 022,31.76072535,E08000021,Newcastle upon Tyne
E02006905,Meadows - Nottingham 040,31.75944722,E06000018,Nottingham
E02006772,Habberley - Wyre Forest 006,31.75715064,E07000239,Wyre Forest
E02001727,Walkergate - Newcastle upon Tyne 020,31.75271747,E08000021,Newcastle upon Tyne
E02001254,Denton East - Tameside 026,31.74491743,E08000008,Tameside
E02006013,"Alveley, Claverley & Worfield - Shropshire 034",31.74038769,E06000051,Shropshire
E02006812,Ormesby - Redcar and Cleveland 021,31.72150159,E06000003,Redcar and Cleveland
E02005596,Lakenham & Tuckswood - Norwich 013,31.71379793,E07000148,Norwich
E02003221,Gorse Hill - Swindon 010,31.69056132,E06000030,Swindon
E02003929,"Porthleven, Breage & Praa Sands - Cornwall 072",31.66976472,E06000052,Cornwall
E02006095,Crewkerne - South Somerset 021,31.66761033,E06000066,Somerset
E02006096,Chard North & East - South Somerset 022,31.66015154,E06000066,Somerset
E02006020,Hinstock & Hodnet - Shropshire 009,31.64806864,E06000051,Shropshire
E02002799,Breadsall Hilltop - Derby 004,31.63477312,E06000015,Derby
E02002724,Goole East - East Riding of Yorkshire 041,31.63349644,E06000011,East Riding of Yorkshire
E02002902,Clifton North - Nottingham 035,31.63218154,E06000018,Nottingham
E02007033,North Walsham West - North Norfolk 016,31.62810309,E07000147,North Norfolk
E02001647,Handsworth South - Sheffield 037,31.62631617,E08000039,Sheffield
E02001472,Leasowe - Wirral 006,31.62371954,E08000015,Wirral
E02001787,Fellgate & Hedworth - South Tyneside 020,31.61239456,E08000023,South Tyneside
E02000987,Horwich North - Bolton 004,31.59961242,E08000001,Bolton
E02002454,Wakefield Central - Wakefield 017,31.59252917,E08000036,Wakefield
E02002067,Rowley West - Sandwell 025,31.54186605,E08000028,Sandwell
E02003490,Bletchley South - Milton Keynes 032,31.5347498,E06000042,Milton Keynes
E02000229,New Addington South - Croydon 036,31.53313594,E09000008,Croydon
E02006557,Hawthorn Road - Arun 016,31.52427503,E07000224,Arun
E02004329,Peterlee South - County Durham 037,31.51945281,E06000047,County Durham
E02005088,Swanley West - Sevenoaks 002,31.46823483,E07000111,Sevenoaks
E02003579,Woolston - Southampton 031,31.46177861,E06000045,Southampton
E02004229,"Hatherleigh, Exbourne & North Tawton - West Devon 001",31.45608366,E07000047,West Devon
E02004688,South Ham & West Ham - Basingstoke and Deane 014,31.44430687,E07000084,Basingstoke and Deane
E02003551,Stoneham - Southampton 003,31.4373299,E06000045,Southampton
E02006050,Frome North - Mendip 004,31.41669867,E06000066,Somerset
E02006749,Droitwich Spa West & North - Wychavon 002,31.41237915,E07000238,Wychavon
E02001070,Rusholme East - Manchester 026,31.40209662,E08000003,Manchester
E02001805,Pallion South & High Barnes - Sunderland 015,31.40123156,E08000024,Sunderland
E02001012,Harper Green - Bolton 029,31.36882486,E08000001,Bolton
E02002529,Bankfields - Redcar and Cleveland 015,31.34368016,E06000003,Redcar and Cleveland
E02006206,Biddulph Central - Staffordshire Moorlands 003,31.29416127,E07000198,Staffordshire Moorlands
E02005791,Rillington & Sherburn - Ryedale 004,31.27221859,E06000065,North Yorkshire
E02002657,Bransholme West - Kingston upon Hull 006,31.24291417,E06000010,"Kingston upon Hull, City of"
E02004395,Rye & Winchelsea - Rother 004,31.24112612,E07000064,Rother
E02005434,Horncastle - East Lindsey 011,31.23197461,E07000137,East Lindsey
E02004275,Burton Bradstock & Chideock - West Dorset 007,31.22412114,E06000059,Dorset
E02003277,Farley Hill & Stockwood Park - Luton 020,31.21452097,E06000032,Luton
E02003958,"Trewoon, Coombe & Foxhole - Cornwall 030",31.20630047,E06000052,Cornwall
E02003166,Blatchcombe & Blagdon - Torbay 013,31.20332875,E06000027,Torbay
E02004604,Arle & Hester's Way - Cheltenham 005,31.19779369,E07000078,Cheltenham
E02006794,White Hart Lane - Haringey 037,31.18419757,E09000014,Haringey
E02002849,West End & Westcotes - Leicester 023,31.18409368,E06000016,Leicester
E02005848,"Manton, Clumber & Elkesley - Bassetlaw 014",31.1791945,E07000171,Bassetlaw
E02003520,St James's Street & Queen's Park - Brighton and Hove 030,31.17279924,E06000043,Brighton and Hove
E02003642,Houghton Regis North - Central Bedfordshire 025,31.15403395,E06000056,Central Bedfordshire
E02006944,Smethwick South East - Sandwell 041,31.13316035,E08000028,Sandwell
E02002242,Low Moor - Bradford 060,31.11335242,E08000032,Bradford
E02005703,Alnwick - Northumberland 005,31.1082157,E06000057,Northumberland
E02005802,Scarborough Central - Scarborough 008,31.08342148,E06000065,North Yorkshire
E02002848,Highfields South - Leicester 022,31.08059663,E06000016,Leicester
E02003019,Shirehampton & Avonmouth - Bristol 008,31.07683721,E06000023,"Bristol, City of"
E02004235,"Bere Alston, Buckland Monachorum & Yelverton - West Devon 007",31.07120912,E07000047,West Devon
E02001033,Bank Top & Radcliffe Ees - Bury 015,31.06593923,E08000002,Bury
E02002113,Walsall Wood - Walsall 004,31.05639776,E08000030,Walsall
E02001125,Chadderton South West - Oldham 028,31.02178112,E08000004,Oldham
E02005002,Beaver & Singtleton - Ashford 007,31.01515246,E07000105,Ashford
E02003274,Bury Park - Luton 017,31.01350649,E06000032,Luton
E02003148,"City Centre, Barbican & Sutton Harbour - Plymouth 027",31.00917629,E06000026,Plymouth
E02004058,Dunston - Chesterfield 004,30.99869626,E07000034,Chesterfield
E02003569,Freemantle - Southampton 021,30.99867168,E06000045,Southampton
E02001918,Moseley Village - Birmingham 092,30.98934728,E08000025,Birmingham
E02000402,Tottenham Bruce Castle Park - Haringey 006,30.98308331,E09000014,Haringey
E02006160,Kidsgrove West - Newcastle-under-Lyme 003,30.97899826,E07000195,Newcastle-under-Lyme
E02005829,Selston - Ashfield 011,30.97671831,E07000170,Ashfield
E02000421,Tottenham Green East - Haringey 025,30.95715988,E09000014,Haringey
E02006014,Highley & Ditton Priors - Shropshire 035,30.94306953,E06000051,Shropshire
E02001534,Wombwell South - Barnsley 026,30.93081909,E08000038,Barnsley
E02001691,Bensham South & Saltwell - Gateshead 010,30.92178087,E08000037,Gateshead
E02003935,Launceston - Cornwall 005,30.9197282,E06000052,Cornwall
E02004369,Conquest & St Helens - Hastings 002,30.91393295,E07000062,Hastings
E02002125,Rushall - Walsall 016,30.9090044,E08000030,Walsall
E02004117,"Stonebroom, Shirland & Wessington - North East Derbyshire 013",30.89188859,E07000038,North East Derbyshire
E02000341,Middlepark & Horn Park - Greenwich 029,30.86234484,E09000011,Greenwich
E02002737,Weelsby & Old Clee - North East Lincolnshire 012,30.85584371,E06000012,North East Lincolnshire
E02000988,Astley Bridge & Waters Meeting - Bolton 005,30.84592876,E08000001,Bolton
E02003964,Mevagissey & Polgooth - Cornwall 041,30.81733132,E06000052,Cornwall
E02006200,Highfields & Burton Manor - Stafford 013,30.80643966,E07000197,Stafford
E02003498,Hollingdean & Moulsecoomb West - Brighton and Hove 008,30.80462965,E06000043,Brighton and Hove
E02000408,Tottenham North West - Haringey 012,30.78550243,E09000014,Haringey
E02002133,Walsall North East - Walsall 024,30.76141595,E08000030,Walsall
E02001834,Old Oscott - Birmingham 008,30.75256189,E08000025,Birmingham
E02004029,Alfreton - Amber Valley 001,30.74373814,E07000032,Amber Valley
E02006251,Ipswich Central - Ipswich 007,30.72258331,E07000202,Ipswich
E02006226,Wilnecote West & Hockley - Tamworth 010,30.70860586,E07000199,Tamworth
E02005111,Hythe - Shepway 010,30.70802272,E07000112,Folkestone and Hythe
E02006908,Thorpe Hamlet & Mousehold South - Norwich 015,30.6451986,E07000148,Norwich
E02005303,Seven Stars - South Ribble 017,30.62828419,E07000126,South Ribble
E02002667,Stoneferry & Sutton Fields - Kingston upon Hull 016,30.62711359,E06000010,"Kingston upon Hull, City of"
E02006163,Bradwell - Newcastle-under-Lyme 006,30.61975625,E07000195,Newcastle-under-Lyme
E02003931,Bude & Stratton - Cornwall 001,30.60843923,E06000052,Cornwall
E02001145,Milnrow East & Newhey - Rochdale 014,30.59297215,E08000005,Rochdale
E02002807,Chaddesden Park - Derby 012,30.58275445,E06000015,Derby
E02005674,Cliftonville & Rushmere - Northampton 025,30.58158679,E06000062,West Northamptonshire
E02005796,Esk Valley & Runswick Coast - Scarborough 002,30.57961667,E06000065,North Yorkshire
E02006902,City Centre North & Collyhurst - Manchester 054,30.5606136,E08000003,Manchester
E02004052,"Tibshelf, Newton & Hardwick Park - Bolsover 008",30.55916346,E07000033,Bolsover
E02001188,North Reddish - Stockport 002,30.54176856,E08000007,Stockport
E02002030,Amblecote West & Stambermill - Dudley 031,30.53412072,E08000027,Dudley
E02006304,Oulton - Waveney 003,30.51727021,E07000244,East Suffolk
E02005511,Watton - Breckland 009,30.51522263,E07000143,Breckland
E02003904,Looe & Polperro - Cornwall 037,30.49541149,E06000052,Cornwall
E02001439,Ainsdale East - Sefton 011,30.49193261,E08000014,Sefton
E02006290,Leiston & Aldeburgh - Suffolk Coastal 004,30.4869895,E07000244,East Suffolk
E02005467,Holbeach - South Holland 003,30.4725988,E07000140,South Holland
E02006275,Howard Estate & Northgate - St Edmundsbury 003,30.47033905,E07000245,West Suffolk
E02005452,Bracebridge South & Swallow Beck - Lincoln 011,30.46588974,E07000138,Lincoln
E02002919,Hereford South - Herefordshire 015,30.46574297,E06000019,"Herefordshire, County of"
E02004230,Okehampton - West Devon 002,30.45543038,E07000047,West Devon
E02001613,High Green & Burncross - Sheffield 003,30.4279712,E08000039,Sheffield
E02001915,Acocks Green East - Birmingham 089,30.40283167,E08000025,Birmingham
E02005832,Hucknall Town - Ashfield 014,30.38603583,E07000170,Ashfield
E02004148,Exmouth Littleham - East Devon 020,30.36258796,E07000040,East Devon
E02004234,Horrabridge & Mary Tavy - West Devon 006,30.35131633,E07000047,West Devon
E02001924,Hall Green East - Birmingham 098,30.35020118,E08000025,Birmingham
E02001688,Dunston & Teams - Gateshead 007,30.33941616,E08000037,Gateshead
E02006896,Digbeth - Birmingham 135,30.33474259,E08000025,Birmingham
E02001247,Guide Bridge - Tameside 019,30.33373648,E08000008,Tameside
E02001771,Horsley Hill - South Tyneside 004,30.31893435,E08000023,South Tyneside
E02005715,Cramlington Town & Beaconhill - Northumberland 029,30.31625877,E06000057,Northumberland
E02005567,Downham Market - King's Lynn and West Norfolk 017,30.31613719,E07000146,King's Lynn and West Norfolk
E02003886,Wharton - Cheshire West and Chester 035,30.2916353,E06000050,Cheshire West and Chester
E02006587,Broadfield East - Crawley 013,30.24458485,E07000226,Crawley
E02001131,Failsworth South - Oldham 034,30.24198994,E08000004,Oldham
E02002714,Withernsea West & Keyingham - East Riding of Yorkshire 031,30.22377865,E06000011,East Riding of Yorkshire
E02004304,Delves Lane & Leadgate - County Durham 012,30.21162456,E06000047,County Durham
E02001893,Yardley - Birmingham 067,30.20867863,E08000025,Birmingham
E02002263,"Sowerby, Beechfoot & Luddendenfoot - Calderdale 020",30.18680223,E08000033,Calderdale
E02004399,Bexhill East & Pebsham - Rother 008,30.17763524,E07000064,Rother
E02003253,Fletton - Peterborough 017,30.15685391,E06000031,Peterborough
E02006890,Lower Easton - Bristol 057,30.14951584,E06000023,"Bristol, City of"
E02001921,California - Birmingham 095,30.13584396,E08000025,Birmingham
E02006083,Martock - South Somerset 009,30.13387735,E06000066,Somerset
E02003287,Southchurch - Southend-on-Sea 009,30.09231189,E06000033,Southend-on-Sea
E02003946,"Marazion, St Erth & Gwinear Gwithian - Cornwall 061",30.07987655,E06000052,Cornwall
E02004036,Ripley South & Loscoe - Amber Valley 008,30.07663537,E07000032,Amber Valley
E02006779,Stourport Mitton & Wilden - Wyre Forest 013,30.06335995,E07000239,Wyre Forest
E02001807,"Columbia, Barmston & Teal Farm - Sunderland 017",30.0555634,E08000024,Sunderland
E02003334,Chatham South West - Medway 021,30.05368166,E06000035,Medway
E02004089,Long Eaton Town - Erewash 012,30.01606205,E07000036,Erewash
E02002347,Moor Allerton - Leeds 018,30.01503765,E08000035,Leeds
E02001240,Droylsden West - Tameside 012,30.00395961,E08000008,Tameside
E02005547,Gorleston South & Beach - Great Yarmouth 010,29.99148908,E07000145,Great Yarmouth
E02002272,Birstall - Kirklees 002,29.98602948,E08000034,Kirklees
E02000282,Enfield Wash - Enfield 006,29.94731284,E09000010,Enfield
E02006091,Ham Hill & Merriott - South Somerset 017,29.93569604,E06000066,Somerset
E02005699,Croyland - Wellingborough 008,29.93033282,E06000061,North Northamptonshire
E02007053,City Centre West - Norwich 017,29.90548611,E07000148,Norwich
E02006168,Newcastle Town - Newcastle-under-Lyme 011,29.89907657,E07000195,Newcastle-under-Lyme
E02002734,Yarborough - North East Lincolnshire 009,29.88641607,E06000012,North East Lincolnshire
E02003918,Illogan & Portreath - Cornwall 045,29.87316179,E06000052,Cornwall
E02001039,Besses - Bury 021,29.86053712,E08000002,Bury
E02002602,Bewsey & Dallam - Warrington 013,29.83212656,E06000007,Warrington
E02005406,Coalville - North West Leicestershire 010,29.80658511,E07000134,North West Leicestershire
E02000119,Stonebridge - Brent 027,29.80542476,E09000005,Brent
E02005424,"Holton-le-Clay, Binbrook & Tetney - East Lindsey 001",29.80530627,E07000137,East Lindsey
E02004289,Southwell & Weston - Weymouth and Portland 009,29.79029917,E06000059,Dorset
E02004184,Barnstaple South - North Devon 010,29.77616504,E07000043,North Devon
E02002874,North Sherwood - Nottingham 007,29.75897129,E06000018,Nottingham
E02006550,Littlehampton East - Arun 009,29.73667062,E07000224,Arun
E02005057,Milton & Chalk - Gravesham 003,29.73125619,E07000109,Gravesham
E02000407,Bruce Grove North - Haringey 011,29.72128272,E09000014,Haringey
E02001933,Kings Heath Park & Stirchley East - Birmingham 107,29.71990452,E08000025,Birmingham
E02002844,St Matthews & Highfields North - Leicester 018,29.71823826,E06000016,Leicester
E02002803,Little Chester - Derby 008,29.69713819,E06000015,Derby
E02006315,"Southwold, Reydon & Wrentham - Waveney 014",29.69711191,E07000244,East Suffolk
E02006059,"Pilton, Butleigh & Alhampton - Mendip 013",29.68851987,E06000066,Somerset
E02002146,The Delves - Walsall 037,29.68489628,E08000030,Walsall
E02004221,Westward Ho! & Northam South - Torridge 002,29.68106405,E07000046,Torridge
E02002830,Bradgate Heights & Beaumont Leys - Leicester 004,29.66065737,E06000016,Leicester
E02006316,Halesworth & Wangford - Waveney 015,29.64173291,E07000244,East Suffolk
E02001517,Monk Bretton - Barnsley 009,29.63131658,E08000038,Barnsley
E02005644,Kettering Central East - Kettering 006,29.61748834,E06000061,North Northamptonshire
E02005661,Eastfield - Northampton 012,29.6064979,E06000062,West Northamptonshire
E02003040,Redfield - Bristol 029,29.60442834,E06000023,"Bristol, City of"
E02001820,Shiney Row - Sunderland 030,29.59623774,E08000024,Sunderland
E02005459,Ruskington North & Billinghay - North Kesteven 007,29.58749472,E07000139,North Kesteven
E02005122,"Newington, Halstow & Upchurch - Swale 008",29.58013689,E07000113,Swale
E02004750,Clayhall & Anglesey - Gosport 010,29.55396463,E07000088,Gosport
E02001537,Elsecar - Barnsley 029,29.51467404,E08000038,Barnsley
E02006138,Burton Eton Park - East Staffordshire 008,29.50276555,E07000193,East Staffordshire
E02002301,Birkby - Kirklees 031,29.48365951,E08000034,Kirklees
E02003394,Norcot North - Reading 006,29.4802689,E06000038,Reading
E02005346,Loughborough Lemyngton & Hastings - Charnwood 002,29.45287136,E07000130,Charnwood
E02002825,Chellsaton West & Shelton Lock - Derby 030,29.44624236,E06000015,Derby
E02005446,Wharf & University - Lincoln 005,29.44483122,E07000138,Lincoln
E02004566,Rochford Town & Canewdon - Rochford 004,29.44447302,E07000075,Rochford
E02006887,Temple Meads - Bristol 054,29.43423345,E06000023,"Bristol, City of"
E02006078,Langport & Long Sutton - South Somerset 004,29.4255814,E06000066,Somerset
E02001397,Woolton - Liverpool 051,29.40328424,E08000012,Liverpool
E02002459,Alverthorpe & Flanshaw - Wakefield 022,29.40042419,E08000036,Wakefield
E02006469,"Dordon, Hurley & Wood End - North Warwickshire 002",29.39073563,E07000218,North Warwickshire
E02001943,Brandwood East - Birmingham 117,29.38779682,E08000025,Birmingham
E02004453,Bocking - Braintree 008,29.37690648,E07000067,Braintree
E02002044,Yew Tree & Tamebridge - Sandwell 002,29.3705794,E08000028,Sandwell
E02002514,Coulby Newham - Middlesbrough 019,29.34143641,E06000002,Middlesbrough
E02003954,Newquay West - Cornwall 020,29.33446432,E06000052,Cornwall
E02005664,Kingsley Park & Racecourse - Northampton 015,29.32612313,E06000062,West Northamptonshire
E02005516,"East Harling, Garboldisham & Kenninghall - Breckland 014",29.2669217,E07000143,Breckland
E02002889,"Arboretum, Forest & Trent University - Nottingham 022",29.25914026,E06000018,Nottingham
E02001782,Hebburn South - South Tyneside 015,29.24847849,E08000023,South Tyneside
E02001796,Monkwearmouth - Sunderland 006,29.24492105,E08000024,Sunderland
E02003892,Gunnislake & Calstock - Cornwall 010,29.24201998,E06000052,Cornwall
E02004350,Crook South - County Durham 046,29.23968405,E06000047,County Durham
E02003527,Paulsgrove West & Port Solent - Portsmouth 004,29.23118954,E06000044,Portsmouth
E02002310,Moldgreen & Ravensknowle Park - Kirklees 040,29.19855688,E08000034,Kirklees
E02002129,Short Heath West - Walsall 020,29.18638768,E08000030,Walsall
E02002197,Bingley Town - Bradford 015,29.1717738,E08000032,Bradford
E02003648,Dunstable Manshead - Central Bedfordshire 030,29.16035406,E06000056,Central Bedfordshire
E02002656,Haworth Park - Kingston upon Hull 005,29.14961546,E06000010,"Kingston upon Hull, City of"
E02001509,Royston West - Barnsley 001,29.14599862,E08000038,Barnsley
E02002936,Hadley & Horton - Telford and Wrekin 009,29.12900804,E06000020,Telford and Wrekin
E02002860,Aylestone South - Leicester 034,29.12392991,E06000016,Leicester
E02006686,Trowbridge West - Wiltshire 033,29.11137899,E06000054,Wiltshire
E02003578,Sholing West - Southampton 030,29.10274335,E06000045,Southampton
E02002945,Hollinswood & Randlay - Telford and Wrekin 018,29.09287664,E06000020,Telford and Wrekin
E02002584,Runcorn Halton Road - Halton 011,29.09012429,E06000006,Halton
E02005586,New Catton & Mousehold North - Norwich 003,29.0745241,E07000148,Norwich
E02005884,Yeoman Hill & Maun Valley - Mansfield 005,29.07303015,E07000174,Mansfield
E02004164,"Bampton, Holcombe & Westleigh - Mid Devon 001",29.05879041,E07000042,Mid Devon
E02003319,Strood North & Frindsbury - Medway 006,29.04841747,E06000035,Medway
E02005148,"Nethercourt, Pegwell & Cliffsend - Thanet 017",29.04386513,E07000114,Thanet
E02004055,Old Whittington - Chesterfield 001,29.03937962,E07000034,Chesterfield
E02000749,Custom House - Newham 036,29.03412254,E09000025,Newham
E02001706,Birtley North & Kibblesworth - Gateshead 025,29.03319035,E08000037,Gateshead
E02004240,Somerford - Christchurch 005,29.01117309,E06000058,"Bournemouth, Christchurch and Poole"
E02005803,Falsgrave - Scarborough 009,29.00519359,E06000065,North Yorkshire
E02005130,Teynham & Badlesmere - Swale 016,29.00127476,E07000113,Swale
E02006045,Ludlow Town - Shropshire 038,28.98306696,E06000051,Shropshire
E02003291,Shoeburyness - Southend-on-Sea 013,28.96466493,E06000033,Southend-on-Sea
E02001923,Springfield & Hall Green West - Birmingham 097,28.93969199,E08000025,Birmingham
E02004353,Bishop Auckland Central & West - County Durham 056,28.93362917,E06000047,County Durham
E02005012,Herne Bay South & Greenhill - Canterbury 003,28.93233891,E07000106,Canterbury
E02004214,"Newton Abbot, Town Centre - Teignbridge 014",28.9246225,E07000045,Teignbridge
E02006027,Trefonen & Pant - Shropshire 012,28.92237867,E06000051,Shropshire
E02002973,Oakhill & Trent Vale - Stoke-on-Trent 023,28.88086368,E06000021,Stoke-on-Trent
E02003938,Padstow & St Issey - Cornwall 008,28.87038483,E06000052,Cornwall
E02000306,Edmonton Green - Enfield 030,28.85852748,E09000010,Enfield
E02003332,Gillingham South East - Medway 019,28.84723902,E06000035,Medway
E02003016,Upper Horfield - Bristol 005,28.83092051,E06000023,"Bristol, City of"
E02003906,Perranporth & Goonhavern - Cornwall 033,28.81249504,E06000052,Cornwall
E02005125,Sittingbourne East - Swale 011,28.80589217,E07000113,Swale
E02004639,Central Gloucester & Hempsted - Gloucester 004,28.78416817,E07000081,Gloucester
E02001249,Denton North - Tameside 021,28.77755236,E08000008,Tameside
E02002857,Aylestone North & Saffron Fields - Leicester 031,28.77572549,E06000016,Leicester
E02003950,St Just & Land's End - Cornwall 069,28.77231197,E06000052,Cornwall
E02001043,Prestwich Clough & Rainsough - Bury 025,28.76214685,E08000002,Bury
E02001078,Levenshulme South & Burnage North - Manchester 034,28.75561633,E08000003,Manchester
E02006314,Bungay & the Saints - Waveney 013,28.7541549,E07000244,East Suffolk
E02004183,Barnstaple Sticklepath - North Devon 009,28.7495776,E07000043,North Devon
E02003944,Hayle - Cornwall 057,28.70240964,E06000052,Cornwall
E02003050,Bedminster - Bristol 039,28.70221981,E06000023,"Bristol, City of"
E02006767,"Wolverley, Cookley & Blakedown - Wyre Forest 001",28.68536547,E07000239,Wyre Forest
E02001410,Haydock East - St. Helens 005,28.66289854,E08000013,St. Helens
E02001038,Whitefield East - Bury 020,28.64380764,E08000002,Bury
E02006233,Sudbury - Babergh 007,28.64083704,E07000200,Babergh
E02003808,Lache - Cheshire West and Chester 044,28.62883612,E06000050,Cheshire West and Chester
E02002564,Cockerton & Hopetown - Darlington 006,28.61877591,E06000005,Darlington
E02006680,Melksham South - Wiltshire 022,28.61408908,E06000054,Wiltshire
E02001707,Birtley South - Gateshead 026,28.60269236,E08000037,Gateshead
E02002700,Beverley North - East Riding of Yorkshire 017,28.59820516,E06000011,East Riding of Yorkshire
E02003747,Whittlesey - Fenland 006,28.59729669,E07000010,Fenland
E02003565,Bevois Town - Southampton 017,28.5873147,E06000045,Southampton
E02006162,Audley & Bignall End - Newcastle-under-Lyme 005,28.57473058,E07000195,Newcastle-under-Lyme
E02005837,"Ranskill, Everton & Gringley - Bassetlaw 003",28.56755644,E07000171,Bassetlaw
E02001098,Shaw & Crompton - Oldham 001,28.56235885,E08000004,Oldham
E02000113,St Raphaels - Brent 021,28.55638691,E09000005,Brent
E02002276,"Wilton Park, Carlinghow & Brookroyd - Kirklees 006",28.55617264,E08000034,Kirklees
E02006777,"Bewdley West, Ribbesford & Far Forest - Wyre Forest 011",28.54772953,E07000239,Wyre Forest
E02002390,Cross Gates West & Killingbeck - Leeds 061,28.51988014,E08000035,Leeds
E02004283,Westham North & Radipole - Weymouth and Portland 003,28.51537026,E06000059,Dorset
E02005013,"Hampton, West End & Swalecliffe - Canterbury 004",28.50668415,E07000106,Canterbury
E02006234,Great Cornard - Babergh 008,28.48681667,E07000200,Babergh
E02006778,Stourport Lickhill & Burlish - Wyre Forest 012,28.44140423,E07000239,Wyre Forest
E02005208,St Annes Town - Fylde 006,28.43690621,E07000119,Fylde
E02003326,Gillingham East - Medway 013,28.41530556,E06000035,Medway
E02003930,The Lizard - Cornwall 073,28.41307541,E06000052,Cornwall
E02003943,St Ives & Halsetown - Cornwall 054,28.39297092,E06000052,Cornwall
E02005041,Ash & Wingham - Dover 001,28.39262428,E07000108,Dover
E02005044,Deal East - Dover 004,28.3897918,E07000108,Dover
E02001598,Herringthorpe - Rotherham 021,28.3724115,E08000018,Rotherham
E02004523,Monkwick - Colchester 018,28.36851832,E07000071,Colchester
E02002149,Bushbury - Wolverhampton 001,28.35060889,E08000031,Wolverhampton
E02002658,Sutton North - Kingston upon Hull 007,28.33607514,E06000010,"Kingston upon Hull, City of"
E02006129,Cannock South - Cannock Chase 012,28.3355615,E07000192,Cannock Chase
E02006667,Salisbury Bemerton - Wiltshire 052,28.30452637,E06000054,Wiltshire
E02001550,Scawthorpe - Doncaster 012,28.29737915,E08000017,Doncaster
E02002801,Chaddesden North - Derby 006,28.29481388,E06000015,Derby
E02002154,Oxley Park - Wolverhampton 006,28.29400471,E08000031,Wolverhampton
E02002428,Middleton Town Street - Leeds 099,28.29396661,E08000035,Leeds
E02001398,St Michael's & Otterspool - Liverpool 052,28.28247684,E08000012,Liverpool
E02006494,Town North & Newbold on Avon - Rugby 003,28.26210097,E07000220,Rugby
E02006903,Worksop Kilton - Bassetlaw 016,28.26145191,E07000171,Bassetlaw
E02003937,Trebetherick & Whitecross - Cornwall 007,28.23329798,E06000052,Cornwall
E02006804,Eckington East & Renishaw - North East Derbyshire 014,28.22452432,E07000038,North East Derbyshire
E02001433,Southport High Park - Sefton 005,28.21950712,E08000014,Sefton
E02005473,Spalding South West - South Holland 009,28.2104842,E07000140,South Holland
E02006490,Bedworth Heath - Nuneaton and Bedworth 016,28.20765989,E07000219,Nuneaton and Bedworth
E02002592,Winwick & Burtonwood - Warrington 003,28.19845012,E06000007,Warrington
E02004217,Ashburton & Buckfastleigh - Teignbridge 017,28.19106801,E07000045,Teignbridge
E02001868,Hodge Hill - Birmingham 042,28.18905865,E08000025,Birmingham
E02004057,"New Whittington, Hollingwood & Barrow Hill - Chesterfield 003",28.18905583,E07000034,Chesterfield
E02006793,Upper Edmonton West - Enfield 037,28.18393988,E09000010,Enfield
E02006062,Berrow & Brent Knoll - Sedgemoor 002,28.17806774,E06000066,Somerset
E02003023,Stapleton - Bristol 012,28.17055036,E06000023,"Bristol, City of"
E02000464,Dagnam Park & Noak Hill - Havering 001,28.14742703,E09000016,Havering
E02003307,Chadwell St Mary - Thurrock 012,28.12480075,E06000034,Thurrock
E02005048,Eyethorne & Shepherdswell - Dover 008,28.11470185,E07000108,Dover
E02006897,Five Ways North - Birmingham 136,28.08918044,E08000025,Birmingham
E02000309,Upper Edmonton East & Meridian Water - Enfield 033,28.07481707,E09000010,Enfield
E02003302,South Ockendon - Thurrock 007,28.06702178,E06000034,Thurrock
E02003895,"Dobwalls, Addington & Menheniot - Cornwall 016",28.06613497,E06000052,Cornwall
E02001772,West Park - South Tyneside 005,28.01871839,E08000023,South Tyneside
E02001761,Battle Hill West - North Tyneside 024,27.98262094,E08000022,North Tyneside
E02003024,Fishponds North - Bristol 013,27.97080709,E06000023,"Bristol, City of"
E02001237,Stalybridge East & Swineshaw - Tameside 009,27.96582881,E08000008,Tameside
E02002855,Rowley Fields & Faircharm - Leicester 029,27.96458734,E06000016,Leicester
E02005506,"Dereham West, Necton & Gressenhall - Breckland 004",27.9394389,E07000143,Breckland
E02004387,Newhaven West - Lewes 009,27.92485133,E07000063,Lewes
E02002524,Brotton - Redcar and Cleveland 010,27.91551853,E06000003,Redcar and Cleveland
E02005797,Whitby South & East - Scarborough 003,27.89756272,E06000065,North Yorkshire
E02001818,Ryhope - Sunderland 028,27.89511268,E08000024,Sunderland
E02006077,Somerton - South Somerset 003,27.8868864,E06000066,Somerset
E02002031,Cradley West & Hayes Lane - Dudley 032,27.87250779,E08000027,Dudley
E02000223,New Addington North - Croydon 030,27.85759299,E09000008,Croydon
E02002910,"Kington, Eardisley & Staunton - Herefordshire 006",27.82287012,E06000019,"Herefordshire, County of"
E02000581,Notting Dale - Kensington and Chelsea 005,27.80966656,E09000020,Kensington and Chelsea
E02005813,Selby Town - Selby 005,27.78637583,E06000065,North Yorkshire
E02005145,Minster & St-Nicholas-at-Wade - Thanet 014,27.77113819,E07000114,Thanet
E02001156,Alkrington - Rochdale 025,27.74051458,E08000005,Rochdale
E02003327,Rochester West - Medway 014,27.72893183,E06000035,Medway
E02003542,Southsea Haslemere Road - Portsmouth 019,27.71839921,E06000044,Portsmouth
E02005839,Retford North - Bassetlaw 005,27.70310606,E07000171,Bassetlaw
E02003962,St Austell North & Carclaze - Cornwall 038,27.70075578,E06000052,Cornwall
E02006140,Burton Winshill - East Staffordshire 010,27.68096147,E07000193,East Staffordshire
E02005186,Hapton & Lowerhouse - Burnley 011,27.62092639,E07000117,Burnley
E02002474,Kettlethorpe & Chapelthorpe - Wakefield 037,27.61824212,E08000036,Wakefield
E02006060,Street Village - Mendip 014,27.61823821,E06000066,Somerset
E02004273,"Lyme Regis, Charmouth & Marshwood Vale - West Dorset 005",27.59617312,E06000059,Dorset
E02000213,Selhurst South & West Croydon - Croydon 020,27.58751727,E09000008,Croydon
E02006101,Wiveliscombe & Milverton - Taunton Deane 003,27.58689977,E06000066,Somerset
E02004310,Bearpark & Witton Gilbert - County Durham 026,27.52321728,E06000047,County Durham
E02006010,Much Wenlock & Broseley - Shropshire 029,27.48451241,E06000051,Shropshire
E02005240,Barnoldswick North - Pendle 001,27.46467271,E07000122,Pendle
E02002753,"Burton upon Stather, Alkborough & Gunness - North Lincolnshire 005",27.44560285,E06000013,North Lincolnshire
E02006584,Bewbush - Crawley 010,27.43620733,E07000226,Crawley
E02005224,Bare - Lancaster 004,27.43199322,E07000121,Lancaster
E02005031,Swanscombe - Dartford 004,27.39918928,E07000107,Dartford
E02003834,Crewe Gresty Road - Cheshire East 045,27.39855219,E06000049,Cheshire East
E02001578,Brampton & West Melton - Rotherham 001,27.39298618,E08000018,Rotherham
E02001001,Heaton & Deane - Bolton 018,27.39294489,E08000001,Bolton
E02006012,Bridgnorth East - Shropshire 033,27.38521934,E06000051,Shropshire
E02001163,Walkden South - Salford 007,27.37147955,E08000006,Salford
E02005139,Birchington - Thanet 008,27.36582692,E07000114,Thanet
E02001342,Huyton West & Roby - Knowsley 016,27.36422411,E08000011,Knowsley
E02004630,"Longhope, Westbury & Blakeney - Forest of Dean 005",27.34187351,E07000080,Forest of Dean
E02005847,Worksop Town & South - Bassetlaw 013,27.33978062,E07000171,Bassetlaw
E02003172,Kinson East - Bournemouth 001,27.32435621,E06000058,"Bournemouth, Christchurch and Poole"
E02006489,Bedworth Coalpit Field & Exhall - Nuneaton and Bedworth 015,27.31129527,E07000219,Nuneaton and Bedworth
E02001186,Lower Irlam & Cadishead - Salford 030,27.29871779,E08000006,Salford
E02002843,Spinney Hill Road - Leicester 017,27.29798711,E06000016,Leicester
E02005719,Seaton Delaval & Seghill - Northumberland 032,27.28287436,E06000057,Northumberland
E02005675,Briar Hill & Hunsbury Hill - Northampton 026,27.26856013,E06000062,West Northamptonshire
E02006024,Oswestry East - Shropshire 006,27.26825709,E06000051,Shropshire
E02004393,"Northiam, Peasmarsh & Camber - Rother 002",27.26583978,E07000064,Rother
E02001253,Denton West - Tameside 025,27.25535609,E08000008,Tameside
E02005672,St Michael's Road - Northampton 023,27.25498425,E06000062,West Northamptonshire
E02006111,"Wellington South, Rockwell Green & West Buckland - Taunton Deane 013",27.25067485,E06000066,Somerset
E02003331,Twydall - Medway 018,27.24613616,E06000035,Medway
E02002839,Colchester Road - Leicester 013,27.23682736,E06000016,Leicester
E02005637,Rushden East - East Northamptonshire 009,27.2355422,E06000061,North Northamptonshire
E02006137,Burton Horninglow - East Staffordshire 007,27.22321979,E07000193,East Staffordshire
E02004629,Cinderford - Forest of Dean 004,27.21443512,E07000080,Forest of Dean
E02001808,Barnes Park - Sunderland 018,27.21082276,E08000024,Sunderland
E02002693,"Skipsea, Beeford & Brandesburton - East Riding of Yorkshire 010",27.19565893,E06000011,East Riding of Yorkshire
E02005830,Jacksdale & Underwoood - Ashfield 012,27.19172998,E07000170,Ashfield
E02003843,Little Sutton North & Overpool - Cheshire West and Chester 005,27.19137642,E06000050,Cheshire West and Chester
E02001481,Claughton North - Wirral 015,27.1829159,E08000015,Wirral
E02002752,"Barnetby, Ulceby & Killingholme - North Lincolnshire 004",27.14484968,E06000013,North Lincolnshire
E02005503,"Bawdeswell, Swanton Morley & North Elmham - Breckland 001",27.12984211,E07000143,Breckland
E02001725,Heaton South - Newcastle upon Tyne 018,27.12477493,E08000021,Newcastle upon Tyne
E02005550,Bradwell South & Hopton - Great Yarmouth 013,27.12152892,E07000145,Great Yarmouth
E02002374,Kirkstall - Leeds 045,27.11307932,E08000035,Leeds
E02004033,"Ripley East, Riddings & Ironville - Amber Valley 005",27.10555494,E07000032,Amber Valley
E02006224,Wilnecote East - Tamworth 008,27.10541086,E07000199,Tamworth
E02002072,Langley Green - Sandwell 030,27.1020485,E08000028,Sandwell
E02002553,Thornaby Village - Stockton-on-Tees 019,27.08434661,E06000004,Stockton-on-Tees
E02005653,Thorplands & Round Spinney - Northampton 004,27.08312265,E06000062,West Northamptonshire
E02006084,"South Petherton, Seavington & Kingsbury - South Somerset 010",27.07579301,E06000066,Somerset
E02002410,Wortley - Leeds 081,27.07250696,E08000035,Leeds
E02002729,Great Coates & The Willows - North East Lincolnshire 004,27.07022476,E06000012,North East Lincolnshire
E02005899,Newark North - Newark and Sherwood 007,27.06956856,E07000175,Newark and Sherwood
E02002294,Dewsbury Savile Town & Thornhill Lees - Kirklees 024,27.05087834,E08000034,Kirklees
E02003582,"Cowes West, Gurnard & Northwood - Isle of Wight 002",27.04474483,E06000046,Isle of Wight
E02003572,Bitterne South - Southampton 024,27.02872987,E06000045,Southampton
E02006046,"Cleobury Mortimer, Burford & Ashford Carbonell - Shropshire 039",27.02516992,E06000051,Shropshire
E02002160,Wednesfield Town - Wolverhampton 012,27.01032564,E08000031,Wolverhampton
E02004064,Central Chesterfield & Stonegravels - Chesterfield 010,27.00480711,E07000034,Chesterfield
E02000106,Neasden - Brent 014,27.00413158,E09000005,Brent
E02001429,Crossens - Sefton 001,26.99477831,E08000014,Sefton
E02005869,Arnold Town - Gedling 005,26.99355212,E07000173,Gedling
E02002704,Aldbrough & Sproatley - East Riding of Yorkshire 021,26.98978211,E06000011,East Riding of Yorkshire
E02000995,Doffcocker & Moss Bank - Bolton 012,26.98657818,E08000001,Bolton
E02006287,"Yoxford, Wenhaston & Walberswick - Suffolk Coastal 001",26.98302287,E07000244,East Suffolk
E02002893,Radford - Nottingham 026,26.9822074,E06000018,Nottingham
E02001536,Birdwell - Barnsley 028,26.9743253,E08000038,Barnsley
E02002397,Pudsey North East - Leeds 068,26.94828483,E08000035,Leeds
E02001958,Longford - Coventry 001,26.92766275,E08000026,Coventry
E02001421,West Park - St. Helens 016,26.91917488,E08000013,St. Helens
E02006210,"Ipstones, Warslow & Hamps Valley - Staffordshire Moorlands 007",26.91612111,E07000198,Staffordshire Moorlands
E02006302,"Gunton East, Corton & Somerleyton - Waveney 001",26.9114474,E07000244,East Suffolk
E02006213,"Cheadle North, Alton & Kingsley - Staffordshire Moorlands 010",26.88824979,E07000198,Staffordshire Moorlands
E02006810,Charlemont - Sandwell 039,26.88127201,E08000028,Sandwell
E02000412,Wood Green South - Haringey 016,26.87854741,E09000014,Haringey
E02001420,Newton-le-Willows - St. Helens 015,26.86785791,E08000013,St. Helens
E02006301,Felixstowe Seafront - Suffolk Coastal 015,26.84101511,E07000244,East Suffolk
E02006120,Rugeley South & Brereton - Cannock Chase 003,26.83171668,E07000192,Cannock Chase
E02004139,Sidmouth Sidford - East Devon 011,26.83118546,E07000040,East Devon
E02005444,Cathedral & West Common - Lincoln 003,26.80995597,E07000138,Lincoln
E02003898,St Germans & St Mellion - Cornwall 023,26.8077565,E06000052,Cornwall
E02001345,Halewood Central - Knowsley 019,26.79873486,E08000011,Knowsley
E02004768,Waterlooville East - Havant 007,26.78877729,E07000090,Havant
E02006055,Shepton Mallet - Mendip 009,26.78595997,E06000066,Somerset
E02004449,Halstead Central & West - Braintree 004,26.77289237,E07000067,Braintree
E02003550,Aldermoor & Lordswood - Southampton 002,26.76138154,E06000045,Southampton
E02000558,Finsbury Park West - Islington 005,26.753363,E09000019,Islington
E02002063,North Tividale - Sandwell 021,26.75304245,E08000028,Sandwell
E02002909,Bromyard & Bishop's Frome - Herefordshire 005,26.74704437,E06000019,"Herefordshire, County of"
E02006907,City Centre East - Norwich 014,26.74596584,E07000148,Norwich
E02001914,Moor Green & Cannon Hill - Birmingham 088,26.72789808,E08000025,Birmingham
E02002754,Crowle & Keadby - North Lincolnshire 006,26.7163034,E06000013,North Lincolnshire
E02002007,Lower Gornal & The Straits - Dudley 008,26.71503696,E08000027,Dudley
E02002180,Ettingshall Park - Wolverhampton 032,26.70802514,E08000031,Wolverhampton
E02001596,Wickersley North - Rotherham 019,26.7015715,E08000018,Rotherham
E02000225,New Addington Central - Croydon 032,26.68681693,E09000008,Croydon
E02006723,Batchley & Brockhill - Redditch 003,26.68290491,E07000236,Redditch
E02005058,Perry Street - Gravesham 004,26.66472517,E07000109,Gravesham
E02002822,Sunny Hill - Derby 027,26.66037455,E06000015,Derby
E02003233,Freshbrook South & Toothill - Swindon 022,26.65200527,E06000030,Swindon
E02001165,Swinton West - Salford 009,26.64799229,E08000006,Salford
E02004440,Laindon East & Lee Chapel North - Basildon 017,26.64456183,E07000066,Basildon
E02006017,Ellesmere - Shropshire 004,26.64356561,E06000051,Shropshire
E02006103,Ruishton & North Curry - Taunton Deane 005,26.63773307,E06000066,Somerset
E02004215,"Newton Abbot, Broadlands & Wolborough - Teignbridge 015",26.62838829,E07000045,Teignbridge
E02002609,Latchford - Warrington 020,26.61843262,E06000007,Warrington
E02002504,Linthorpe West - Middlesbrough 009,26.60440054,E06000002,Middlesbrough
E02006155,Burntwood Chasetown - Lichfield 010,26.59269783,E07000194,Lichfield
E02006031,Shrewsbury Greenfields - Shropshire 017,26.56586398,E06000051,Shropshire
E02006032,Shrewsbury Monkmoor - Shropshire 018,26.56292686,E06000051,Shropshire
E02002198,Baildon South - Bradford 016,26.55214738,E08000032,Bradford
E02002618,Bastwell - Blackburn with Darwen 004,26.5501079,E06000008,Blackburn with Darwen
E02001151,Heywood Hopwood & Siddal Moor - Rochdale 020,26.53779195,E08000005,Rochdale
E02006047,"Rode, Mells & Woodlands - Mendip 001",26.52370211,E06000066,Somerset
E02003329,Gillingham South - Medway 016,26.462839,E06000035,Medway
E02004268,Swanage - Purbeck 006,26.44674788,E06000059,Dorset
E02002550,Hartburn - Stockton-on-Tees 016,26.44421874,E06000004,Stockton-on-Tees
E02006180,Featherstone East & Essington - South Staffordshire 007,26.43664712,E07000196,South Staffordshire
E02001084,Withington East - Manchester 040,26.42835621,E08000003,Manchester
E02005717,Holywell & Hartley - Northumberland 030,26.40183449,E06000057,Northumberland
E02005000,Ashford Central - Ashford 005,26.36855002,E07000105,Ashford
E02005820,The Dales & South Skegby - Ashfield 002,26.35454301,E07000170,Ashfield
E02006864,Fishtoft & Wyberton East - Boston 008,26.35291274,E07000136,Boston
E02005475,Crowland & Cowbit - South Holland 011,26.31328558,E07000140,South Holland
E02006822,Bedhampton - Havant 018,26.30220309,E07000090,Havant
E02005279,Haslingden - Rossendale 002,26.29215439,E07000125,Rossendale
E02003976,Keswick & Derwent Valley - Allerdale 012,26.28624362,E06000063,Cumberland
E02004041,Heanor East & Langley Mill - Amber Valley 013,26.28344969,E07000032,Amber Valley
E02005020,Sturry and Fordwich - Canterbury 011,26.28275477,E07000106,Canterbury
E02004173,"Morchard Bishop, Copplestone & Newton St Cyres - Mid Devon 010",26.28071988,E07000042,Mid Devon
E02005449,Boultham & New Boultham - Lincoln 008,26.26023229,E07000138,Lincoln
E02001235,Ashton East - Tameside 007,26.25556814,E08000008,Tameside
E02004303,Consett - County Durham 010,26.25352774,E06000047,County Durham
E02006892,Driffield Central - East Riding of Yorkshire 045,26.25299783,E06000011,East Riding of Yorkshire
E02005798,"Burniston, Sleights & Fylingdales - Scarborough 004",26.25253452,E06000065,North Yorkshire
E02006871,Scale Hall & Torrisholme - Lancaster 020,26.23737556,E07000121,Lancaster
E02001635,Lower Stannington - Sheffield 025,26.23638501,E08000039,Sheffield
E02001527,Dodworth - Barnsley 019,26.20028833,E08000038,Barnsley
E02004125,Swadlincote West - South Derbyshire 008,26.19698853,E07000039,South Derbyshire
E02004061,Newbold - Chesterfield 007,26.18889832,E07000034,Chesterfield
E02004172,"Bow, Lapford & Yeoford - Mid Devon 009",26.18003136,E07000042,Mid Devon
E02001031,Redvales & Hollins - Bury 013,26.15519176,E08000002,Bury
E02004305,"Bridgehill, Castleside & Harehope Hill - County Durham 014",26.15416922,E06000047,County Durham
E02004203,"Moretonhampstead, Lustleigh & East Dartmoor - Teignbridge 003",26.15224163,E07000045,Teignbridge
E02001072,Whalley Range North - Manchester 028,26.14013087,E08000003,Manchester
E02000303,Haslebury South - Enfield 027,26.1380111,E09000010,Enfield
E02003165,Clifton & Maidenway - Torbay 012,26.13399677,E06000027,Torbay
E02005507,Dereham Central & Toftwood - Breckland 005,26.12859645,E07000143,Breckland
E02002789,"Westfield, Chapelfields & Foxwood - York 018",26.124569,E06000014,York
E02001851,Pype Hayes Park - Birmingham 025,26.08233858,E08000025,Birmingham
E02006090,Yeovil Preston Plunkett - South Somerset 016,26.07913807,E06000066,Somerset
E02000686,Beckenham Hill - Lewisham 034,26.07856016,E09000023,Lewisham
E02005849,"Tuxford, Markham & Rampton - Bassetlaw 015",26.07107851,E07000171,Bassetlaw
E02003252,West Town & Woodston - Peterborough 016,26.04723516,E06000031,Peterborough
E02002975,Longton East - Stoke-on-Trent 025,26.03250085,E06000021,Stoke-on-Trent
E02001032,Black Lane - Bury 014,26.02549884,E08000002,Bury
E02001458,Waterloo - Sefton 030,26.02001616,E08000014,Sefton
E02003173,Kinson West - Bournemouth 002,25.98775449,E06000058,"Bournemouth, Christchurch and Poole"
E02005054,Elms Vale & Capel-le-Ferne - Dover 014,25.98555445,E07000108,Dover
E02005613,Corby North - Corby 002,25.96948109,E06000061,North Northamptonshire
E02004271,"Beaminster, Maiden Newton & Halstock - West Dorset 003",25.96668831,E06000059,Dorset
E02001343,"Halsnead, Cronton & Halewood East - Knowsley 017",25.96581567,E08000011,Knowsley
E02007050,"Town Centre, Overdale & Dawley Bank - Telford and Wrekin 024",25.95211518,E06000020,Telford and Wrekin
E02005879,Netherfield & Colwick - Gedling 015,25.94223645,E07000173,Gedling
E02002552,Thornaby Mandale - Stockton-on-Tees 018,25.93459977,E06000004,Stockton-on-Tees
E02006273,Stanton & Barmingham - St Edmundsbury 001,25.903731,E07000245,West Suffolk
E02004130,Honiton North & East - East Devon 002,25.87047559,E07000040,East Devon
E02004631,"Lydbrook, Newland & St Briavels - Forest of Dean 006",25.8668503,E07000080,Forest of Dean
E02006638,Devizes West - Wiltshire 026,25.85087822,E06000054,Wiltshire
E02003242,Walton - Peterborough 006,25.83818716,E06000031,Peterborough
E02004550,Passmores & The High - Harlow 007,25.83263906,E07000073,Harlow
E02006085,Yeovil North East - South Somerset 011,25.8100762,E06000066,Somerset
E02005786,Upper Dales - Richmondshire 005,25.80073291,E06000065,North Yorkshire
E02006139,Burton Shobnall - East Staffordshire 009,25.79042483,E07000193,East Staffordshire
E02001968,Radford East - Coventry 011,25.7823754,E08000026,Coventry
E02003970,West Cockermouth & Great Broughton - Allerdale 006,25.77473369,E06000063,Cumberland
E02001238,Droylsden East - Tameside 010,25.76061094,E08000008,Tameside
E02000140,St Mary Cray North - Bromley 014,25.71265155,E09000006,Bromley
E02002726,Immingham & Habrough - North East Lincolnshire 001,25.70015191,E06000012,North East Lincolnshire
E02003912,Probus & Roseland - Cornwall 048,25.69637237,E06000052,Cornwall
E02002156,Wood End - Wolverhampton 008,25.68728107,E08000031,Wolverhampton
E02005508,"Hockering, Mattishall & Cranworth - Breckland 006",25.67217964,E07000143,Breckland
E02005236,Heysham & Overton - Lancaster 016,25.65578277,E07000121,Lancaster
E02003200,Rossmore - Poole 007,25.65189352,E06000058,"Bournemouth, Christchurch and Poole"
E02002879,New Basford - Nottingham 012,25.64839967,E06000018,Nottingham
E02006710,"Tenbury Wells, Mamble & Clifton - Malvern Hills 001",25.64672564,E07000235,Malvern Hills
E02006784,Downham West - Lewisham 038,25.63321115,E09000023,Lewisham
E02001948,Highter's Heath & Maypole - Birmingham 122,25.61127986,E08000025,Birmingham
E02001780,Cleadon Park - South Tyneside 013,25.60660436,E08000023,South Tyneside
E02001518,Honeywell - Barnsley 010,25.60066237,E08000038,Barnsley
E02005693,Rixon - Wellingborough 002,25.59230658,E06000061,North Northamptonshire
E02002831,Rushey Mead South - Leicester 005,25.59212563,E06000016,Leicester
E02004181,Barnstaple Pilton - North Devon 007,25.58765615,E07000043,North Devon
E02004602,Springbank - Cheltenham 003,25.57221174,E07000078,Cheltenham
E02000135,Anerley North & Penge West - Bromley 009,25.56282006,E09000006,Bromley
E02005728,Haltwhistle & Bardon Mill - Northumberland 037,25.55896304,E06000057,Northumberland
E02000023,Thames View - Barking and Dagenham 022,25.55388122,E09000002,Barking and Dagenham
E02003574,Sholing East - Southampton 026,25.53208552,E06000045,Southampton
E02006048,"Stratton, Holcombe & Highbury - Mendip 002",25.52563623,E06000066,Somerset
E02006018,Market Drayton - Shropshire 005,25.52329779,E06000051,Shropshire
E02003644,Houghton Regis South - Central Bedfordshire 026,25.52008276,E06000056,Central Bedfordshire
E02001335,Whiston North - Knowsley 009,25.5165577,E08000011,Knowsley
E02002939,Wellington West - Telford and Wrekin 012,25.51133796,E06000020,Telford and Wrekin
E02006217,Coton Farm & Perry Crofts - Tamworth 001,25.50964984,E07000199,Tamworth
E02000420,Tottenham Green West - Haringey 024,25.50060296,E09000014,Haringey
E02003015,Monks Park - Bristol 004,25.49359225,E06000023,"Bristol, City of"
E02003628,Queens Park - Bedford 013,25.49096343,E06000055,Bedford
E02006074,Stockmoor & North Petherton - Sedgemoor 014,25.47775537,E06000066,Somerset
E02003926,"Crowan, Wendron & Stithians - Cornwall 059",25.4732724,E06000052,Cornwall
E02006052,"Oakhill, Horrington & Chewton Mendip - Mendip 006",25.46631155,E06000066,Somerset
E02001785,Whitburn & Marsden - South Tyneside 018,25.46236006,E08000023,South Tyneside
E02005615,Corby Lodge Park - Corby 004,25.45323558,E06000061,North Northamptonshire
E02002034,Stourbridge Town & Old Quarter - Dudley 035,25.44970719,E08000027,Dudley
E02003960,Tywardreath & Fowey - Cornwall 035,25.44150093,E06000052,Cornwall
E02001415,Earlestown North - St. Helens 010,25.44146741,E08000013,St. Helens
E02005322,"Preesall, Stalmine & Hambleton - Wyre 004",25.40287325,E07000128,Wyre
E02002312,"Aspley, Longley & University - Kirklees 042",25.37425271,E08000034,Kirklees
E02001739,Fordley - North Tyneside 002,25.36015081,E08000022,North Tyneside
E02005496,Hemswell & Spital - West Lindsey 005,25.35909332,E07000142,West Lindsey
E02003144,Mutley - Plymouth 023,25.34498477,E06000026,Plymouth
E02002846,Dane Hills & Western Park - Leicester 020,25.33143659,E06000016,Leicester
E02006076,Castle Cary & Kenton Mandeville - South Somerset 002,25.32873391,E06000066,Somerset
E02003464,Stantonbury & Bradville - Milton Keynes 006,25.32287853,E06000042,Milton Keynes
E02002304,Edgerton & Marsh - Kirklees 034,25.27047764,E08000034,Kirklees
E02005129,Faversham East - Swale 015,25.26741835,E07000113,Swale
E02005886,Forest Town & Newlands - Mansfield 007,25.24866877,E07000174,Mansfield
E02006019,Wem - Shropshire 008,25.2481216,E06000051,Shropshire
E02004632,Coleford - Forest of Dean 007,25.24345303,E07000080,Forest of Dean
E02006577,Ewhurst & West Green - Crawley 003,25.2410867,E07000226,Crawley
E02004551,Potter Street - Harlow 008,25.24073016,E07000073,Harlow
E02006757,"Wick, Elmley Castle & Fladbury - Wychavon 010",25.22774125,E07000238,Wychavon
E02002138,Walsall East - Walsall 029,25.22184141,E08000030,Walsall
E02003295,West Shoebury - Southend-on-Sea 017,25.21716313,E06000033,Southend-on-Sea
E02003116,Kingswood North East - South Gloucestershire 027,25.21283642,E06000025,South Gloucestershire
E02001664,Gleadless - Sheffield 054,25.19564348,E08000039,Sheffield
E02004780,Totton Calmore - New Forest 002,25.19419953,E07000091,New Forest
E02003123,Southway - Plymouth 002,25.18576475,E06000026,Plymouth
E02004951,Bedwell - Stevenage 008,25.18532958,E07000243,Stevenage
E02006932,Central & Islington - Liverpool 060,25.18223555,E08000012,Liverpool
E02004743,Elson - Gosport 003,25.1719843,E07000088,Gosport
E02006865,Wyberton West & Fen - Boston 009,25.16284354,E07000136,Boston
E02002200,Saltaire & Baildon West - Bradford 018,25.15734019,E08000032,Bradford
E02001142,Springfield Park - Rochdale 011,25.15500309,E08000005,Rochdale
E02005707,Berwick-upon-Tweed West & Holy Island - Northumberland 002,25.13762834,E06000057,Northumberland
E02006586,Broadfield West - Crawley 012,25.13568439,E07000226,Crawley
E02005564,"West Winch, Marham & Shouldham - King's Lynn and West Norfolk 014",25.10247827,E07000146,King's Lynn and West Norfolk
E02006053,Frome South & East - Mendip 007,25.08769623,E06000066,Somerset
E02001294,Wigan Central - Wigan 008,25.08738206,E08000010,Wigan
E02001886,Rotton Park - Birmingham 060,25.08124925,E08000025,Birmingham
E02001353,Croxteth East - Liverpool 007,25.06629812,E08000012,Liverpool
E02003080,Mid Worle - North Somerset 016,25.06063857,E06000024,North Somerset
E02007046,Bybrook - Ashford 015,25.04106348,E07000105,Ashford
E02005704,"Amble, Shilbottle & Swarland - Northumberland 006",25.03920849,E06000057,Northumberland
E02001083,West Didsbury - Manchester 039,25.03402922,E08000003,Manchester
E02004483,Canvey Island South West - Castle Point 011,25.02666095,E07000069,Castle Point
E02004098,New Mills East & Hayfield - High Peak 006,25.01621537,E07000037,High Peak
E02004006,"Thornhill, Gosforth & Seascale - Copeland 007",25.01311417,E06000063,Cumberland
E02005286,Whitworth - Rossendale 009,25.01240286,E07000125,Rossendale
E02006108,Taunton Wilton - Taunton Deane 010,25.00274993,E06000066,Somerset
E02001759,North Shields - North Tyneside 022,25.00196738,E08000022,North Tyneside
E02004521,Old Heath & Rowhedge - Colchester 016,24.96296255,E07000071,Colchester
E02003647,Dunstable Central - Central Bedfordshire 029,24.9575795,E06000056,Central Bedfordshire
E02002240,Queensbury - Bradford 058,24.95554547,E08000032,Bradford
E02002679,East Ella - Kingston upon Hull 028,24.95427918,E06000010,"Kingston upon Hull, City of"
E02000127,Mottingham - Bromley 001,24.94651281,E09000006,Bromley
E02002674,Derringham - Kingston upon Hull 023,24.94446681,E06000010,"Kingston upon Hull, City of"
E02004147,Exmouth Town - East Devon 019,24.93527943,E07000040,East Devon
E02001919,Moseley - Birmingham 093,24.92209794,E08000025,Birmingham
E02004647,Tuffley - Gloucester 012,24.91930587,E07000081,Gloucester
E02003719,Kings Hedges - Cambridge 001,24.91001827,E07000008,Cambridge
E02005049,Kingsdown & St Margaret's-at-Cliffe - Dover 009,24.9009018,E07000108,Dover
E02002384,Woodhouse & Little London - Leeds 055,24.88825012,E08000035,Leeds
E02005131,Boughton & Selling - Swale 017,24.88436564,E07000113,Swale
E02001367,Sandfield Park & Holly Lodge - Liverpool 021,24.88321585,E08000012,Liverpool
E02006725,Winyates Green - Redditch 005,24.87864644,E07000236,Redditch
E02006028,Bomere Heath & Montford Bridge - Shropshire 014,24.87308824,E06000051,Shropshire
E02001752,New York - North Tyneside 015,24.87270295,E08000022,North Tyneside
E02002465,Thornes - Wakefield 028,24.8689241,E08000036,Wakefield
E02004776,Hayling West & North - Havant 015,24.84636539,E07000090,Havant
E02004628,"Mitcheldean, Drybrook & Ruardean - Forest of Dean 003",24.84246022,E07000080,Forest of Dean
E02005727,"Bellingham, Otterburn & Redesdale - Northumberland 019",24.84172617,E06000057,Northumberland
E02001311,Tyldesley North - Wigan 025,24.84036334,E08000010,Wigan
E02005180,Habergham & Ightenhill - Burnley 005,24.83611209,E07000117,Burnley
E02004280,Chickerell & Chesil Bank - West Dorset 012,24.83375694,E06000059,Dorset
E02004133,Axminster - East Devon 005,24.83169239,E07000040,East Devon
E02004545,Mark Hall & Templefields - Harlow 002,24.79827656,E07000073,Harlow
E02000469,Harold Hill West - Havering 006,24.79506159,E09000016,Havering
E02006079,"Wincanton, Cheriton & Charlton Horethorne - South Somerset 005",24.7801725,E06000066,Somerset
E02004775,Central Havant & Langstone - Havant 014,24.7666147,E07000090,Havant
E02006678,Melksham North - Wiltshire 020,24.74275101,E06000054,Wiltshire
E02002119,Shelfield - Walsall 010,24.73157076,E08000030,Walsall
E02002262,Brighouse - Calderdale 019,24.72264396,E08000033,Calderdale
E02002968,Basford & Hartshill - Stoke-on-Trent 018,24.71690633,E06000021,Stoke-on-Trent
E02001939,Bournville West - Birmingham 113,24.69730538,E08000025,Birmingham
E02001800,Albany and Blackfell - Sunderland 010,24.68026389,E08000024,Sunderland
E02006054,Wells Town - Mendip 008,24.67146983,E06000066,Somerset
E02004461,West Witham - Braintree 016,24.66077685,E07000067,Braintree
E02006070,Bridgwater East - Sedgemoor 010,24.65726755,E06000066,Somerset
E02005828,Annesley & Kirkby Woodhouse - Ashfield 010,24.6477782,E07000170,Ashfield
E02003627,Castle & Kingsway - Bedford 012,24.6460397,E06000055,Bedford
E02004287,Wyke Regis - Weymouth and Portland 007,24.60953998,E06000059,Dorset
E02006105,Taunton North Town - Taunton Deane 007,24.60864065,E06000066,Somerset
E02003145,Stoke & Pennycomequick - Plymouth 024,24.59415264,E06000026,Plymouth
E02004250,Ferndown Town - East Dorset 008,24.58193263,E06000059,Dorset
E02001324,Golborne - Wigan 038,24.58102705,E08000010,Wigan
E02002908,"Shobdon, Luston & Bodenham - Herefordshire 004",24.57389865,E06000019,"Herefordshire, County of"
E02003905,"Grampound Road, St Newlyn East and Cubert - Cornwall 032",24.55712769,E06000052,Cornwall
E02001174,Lightoaks - Salford 018,24.54373196,E08000006,Salford
E02003262,Leagrave - Luton 005,24.53552621,E06000032,Luton
E02003217,Moredon - Swindon 006,24.53010232,E06000030,Swindon
E02001449,Hightown & Thornton - Sefton 021,24.5274754,E08000014,Sefton
E02006855,Canterbury Wincheap - Canterbury 019,24.52688882,E07000106,Canterbury
E02005898,Rainworth & Blidworth - Newark and Sherwood 006,24.52377593,E07000175,Newark and Sherwood
E02006949,St Werburghs - Bristol 058,24.52185845,E06000023,"Bristol, City of"
E02002120,Ashmore - Walsall 011,24.50394834,E08000030,Walsall
E02005505,Dereham North & Neatherd - Breckland 003,24.48787089,E07000143,Breckland
E02002114,Pelsall South - Walsall 005,24.48776808,E08000030,Walsall
E02005537,Acle & Reedham - Broadland 018,24.47679318,E07000144,Broadland
E02002213,Cullingworth & Denholme - Bradford 031,24.47665626,E08000032,Bradford
E02001138,Norden East & Bagslate Moor - Rochdale 007,24.46943677,E08000005,Rochdale
E02002025,Shell Corner & Hurst Green - Dudley 026,24.45765263,E08000027,Dudley
E02003051,Windmill Hill - Bristol 040,24.45323043,E06000023,"Bristol, City of"
E02005721,Morpeth North & Pegswood - Northumberland 011,24.43613889,E06000057,Northumberland
E02002380,Bramley Park North - Leeds 051,24.43314909,E08000035,Leeds
E02005882,"Manor, Hornby & Peafields - Mansfield 003",24.43202914,E07000174,Mansfield
E02002311,Golcar - Kirklees 041,24.43044466,E08000034,Kirklees
E02004490,Melbourne - Chelmsford 006,24.42541851,E07000070,Chelmsford
E02001809,Washington Town Centre & Biddick - Sunderland 019,24.42266625,E08000024,Sunderland
E02005556,Gaywood North Bank - King's Lynn and West Norfolk 006,24.40305803,E07000146,King's Lynn and West Norfolk
E02003255,Stanground - Peterborough 019,24.39811491,E06000031,Peterborough
E02001080,Ladybarn - Manchester 036,24.3946675,E08000003,Manchester
E02005870,Daybrook - Gedling 006,24.39412722,E07000173,Gedling
E02006082,"Templecombe, Hentsridge & Milborne Port - South Somerset 008",24.37532616,E06000066,Somerset
E02005123,Borden & The Meads - Swale 009,24.36610408,E07000113,Swale
E02003038,Two Mile Hill - Bristol 027,24.35441079,E06000023,"Bristol, City of"
E02002110,Brownhills West & Clayhanger - Walsall 001,24.35205872,E08000030,Walsall
E02003529,Cosham South - Portsmouth 006,24.34527046,E06000044,Portsmouth
E02002882,Mapperley Park - Nottingham 015,24.3147191,E06000018,Nottingham
E02001577,Tickhill & Wadworth - Doncaster 039,24.30904882,E08000017,Doncaster
E02000062,Brent Cross & Staples Corner - Barnet 039,24.29102704,E09000003,Barnet
E02001091,Baguley West & Brooklands - Manchester 047,24.28308039,E08000003,Manchester
E02003032,Speedwell - Bristol 021,24.28232349,E06000023,"Bristol, City of"
E02002827,Beamont Park - Leicester 001,24.27600924,E06000016,Leicester
E02004111,Arkwright Town & Temple Normanton - North East Derbyshire 007,24.2521589,E07000038,North East Derbyshire
E02006560,Nyetimber & Pagham - Arun 019,24.25162528,E07000224,Arun
E02003900,Saltash Town & Pillmere - Cornwall 026,24.24763584,E06000052,Cornwall
E02005647,Kettering South - Kettering 009,24.24066264,E06000061,North Northamptonshire
E02002759,Brigg & South Ferriby - North Lincolnshire 011,24.22884218,E06000013,North Lincolnshire
E02004073,"Matlock South, Cromford & Winster - Derbyshire Dales 006",24.21171275,E07000035,Derbyshire Dales
E02000145,St Mary Cray East - Bromley 019,24.20262257,E09000006,Bromley
E02002250,Mytholmroyd & Cragg Vale - Calderdale 007,24.19802484,E08000033,Calderdale
E02003903,"Kingsand, Antony & Maryfield - Cornwall 034",24.19283601,E06000052,Cornwall
E02006895,Attwood Green & Park Central - Birmingham 134,24.18329843,E08000025,Birmingham
E02004022,"Coniston, Broughton & Kirkby - South Lakeland 008",24.17514675,E06000064,Westmorland and Furness
E02005019,"Hoath, Hersden & Littlebourne - Canterbury 010",24.1742304,E07000106,Canterbury
E02005414,Wigston Town - Oadby and Wigston 005,24.15995008,E07000135,Oadby and Wigston
E02002054,Hamstead West - Sandwell 012,24.15087041,E08000028,Sandwell
E02004002,"Hensingham, Hillcrest & Aikbank - Copeland 003",24.14888134,E06000063,Cumberland
E02002176,Merryhill South - Wolverhampton 028,24.13383773,E08000031,Wolverhampton
E02003168,Goodrington & Roselands - Torbay 015,24.12288875,E06000027,Torbay
E02000577,Golborne & Swinbrook - Kensington and Chelsea 001,24.11929404,E09000020,Kensington and Chelsea
E02001258,Cheetham Fold & Gee Cross - Tameside 030,24.11339931,E08000008,Tameside
E02002905,"Wigmore, Orleton & Brimfield - Herefordshire 001",24.10159108,E06000019,"Herefordshire, County of"
E02002600,Orford - Warrington 011,24.09715261,E06000007,Warrington
E02006688,Trowbridge South - Wiltshire 036,24.078462,E06000054,Wiltshire
E02000102,Welsh Harp - Brent 010,24.07734295,E09000005,Brent
E02003278,New Town - Luton 021,24.07082909,E06000032,Luton
E02002751,Winterton & Winteringham - North Lincolnshire 003,24.05667661,E06000013,North Lincolnshire
E02001627,"Hillsborough, Owlerton & Wadsley Bridge - Sheffield 017",24.05636936,E08000039,Sheffield
E02000301,Lower Edmonton South - Enfield 025,24.05214858,E09000010,Enfield
E02005197,Chorley East - Chorley 009,24.05047883,E07000118,Chorley
E02002436,Tingley East & East Ardsley - Leeds 107,24.03036349,E08000035,Leeds
E02004997,"Charing, Pluckley & Challock - Ashford 002",23.98879508,E07000105,Ashford
E02004798,New Milton West - New Forest 020,23.97896003,E07000091,New Forest
E02000299,Lower Edmonton North - Enfield 023,23.97407804,E09000010,Enfield
E02001041,Prestwich East - Bury 023,23.97406535,E08000002,Bury
E02000283,Brimsdown Avenue - Enfield 007,23.97252866,E09000010,Enfield
E02001876,North Central & Dartmouth Circus - Birmingham 050,23.96571745,E08000025,Birmingham
E02006547,Yapton & Climping - Arun 006,23.96498966,E07000224,Arun
E02004262,"Milborne, Winterborne & Okeford Fitzpaine - North Dorset 008",23.91949156,E06000059,Dorset
E02001077,Chorlton South - Manchester 033,23.88639319,E08000003,Manchester
E02003324,Strood South & Temple Marsh - Medway 011,23.87322714,E06000035,Medway
E02005480,Grantham South West - South Kesteven 005,23.86407063,E07000141,South Kesteven
E02005470,Spalding North - South Holland 006,23.86191845,E07000140,South Holland
E02003556,Townhill Park - Southampton 008,23.85431153,E06000045,Southampton
E02006099,Bishops Lydeard & Cotford St Luke - Taunton Deane 001,23.84546126,E06000066,Somerset
E02004386,Newhaven Town - Lewes 008,23.83574427,E07000063,Lewes
E02006241,Mildenhall - Forest Heath 004,23.83506671,E07000245,West Suffolk
E02005060,Northfleet South - Gravesham 006,23.83157666,E07000109,Gravesham
E02001935,Shenley Lane - Birmingham 109,23.8313476,E08000025,Birmingham
E02004581,"Alresford, Great Bentley & Thorrington - Tendring 009",23.8188534,E07000076,Tendring
E02003531,Anchorage Park & Copnor - Portsmouth 008,23.80628337,E06000044,Portsmouth
E02006575,Langley Green & Gatwick Airport - Crawley 001,23.75839573,E07000226,Crawley
E02006574,Selsey - Chichester 014,23.75551945,E07000225,Chichester
E02002244,Illingworth & Ogden - Calderdale 001,23.751322,E08000033,Calderdale
E02000014,Dagenham Central - Barking and Dagenham 013,23.74295203,E09000002,Barking and Dagenham
E02001942,Cotteridge - Birmingham 116,23.73435197,E08000025,Birmingham
E02003971,East Cockermouth & Buttermere - Allerdale 007,23.72669465,E06000063,Cumberland
E02003639,Leighton Buzzard Central - Central Bedfordshire 021,23.72402613,E06000056,Central Bedfordshire
E02001703,Rowlands Gill & Lockhaugh - Gateshead 022,23.72031295,E08000037,Gateshead
E02003179,Townsend & Strouden - Bournemouth 008,23.71821171,E06000058,"Bournemouth, Christchurch and Poole"
E02002124,Aldridge Central - Walsall 015,23.70428457,E08000030,Walsall
E02004553,Staple Tye & Latton Bush - Harlow 010,23.68312808,E07000073,Harlow
E02005281,Rawtenstall - Rossendale 004,23.68261192,E07000125,Rossendale
E02004062,Loundsley Green & Holme Hall - Chesterfield 008,23.68133912,E07000034,Chesterfield
E02004267,Corfe Castle & Langton Matravers - Purbeck 005,23.66196534,E06000059,Dorset
E02005128,Faversham West - Swale 014,23.65582898,E07000113,Swale
E02002738,Laceby Acres & Wybers Wood - North East Lincolnshire 013,23.65558687,E06000012,North East Lincolnshire
E02004368,Ashdown - Hastings 001,23.64645261,E07000062,Hastings
E02003268,Challney - Luton 011,23.64433964,E06000032,Luton
E02002261,Southowram & Siddal - Calderdale 018,23.64235758,E08000033,Calderdale
E02004388,Peacehaven East - Lewes 010,23.63213879,E07000063,Lewes
E02004560,"Southminster, Bradwell & Dengie Peninsula - Maldon 006",23.63120291,E07000074,Maldon
E02001993,Canley & Westwood Heath - Coventry 036,23.62335178,E08000026,Coventry
E02003629,Kingsbrook - Bedford 014,23.6209965,E06000055,Bedford
E02000123,Harlesden - Brent 031,23.61896815,E09000005,Brent
E02006080,"Ilchester, Sparkford & Mudford - South Somerset 006",23.60877314,E06000066,Somerset
E02004185,Fremington & Instow - North Devon 011,23.60689848,E07000043,North Devon
E02005836,"Clarborough, Beckingham & Misterton - Bassetlaw 002",23.58821255,E07000171,Bassetlaw
E02000406,Noel Park - Haringey 010,23.56602519,E09000014,Haringey
E02004558,Maldon North - Maldon 004,23.56068567,E07000074,Maldon
E02006912,Piccadilly & Ancoats - Manchester 055,23.55878453,E08000003,Manchester
E02003913,Mylor Bridge & Frogpool - Cornwall 056,23.54809716,E06000052,Cornwall
E02003815,Buglawton - Cheshire East 026,23.54564542,E06000049,Cheshire East
E02005404,Donisthope & Blackfordby - North West Leicestershire 008,23.5335726,E07000134,North West Leicestershire
E02004013,"Appleby, Shap & Kirkby Thore - Eden 006",23.52846641,E06000064,Westmorland and Furness
E02001436,Southport Kew - Sefton 008,23.52776657,E08000014,Sefton
E02006744,Worcester Town South - Worcester 011,23.52632729,E07000237,Worcester
E02001900,Five Ways South & Calthorpe Park - Birmingham 074,23.5251906,E08000025,Birmingham
E02004014,"Kirkby Stephen, Tebay & Brough - Eden 007",23.51656101,E06000064,Westmorland and Furness
E02001512,Mapplewell & Staincross - Barnsley 004,23.51132097,E08000038,Barnsley
E02003517,North Laine & the Lanes - Brighton and Hove 027,23.5006195,E06000043,Brighton and Hove
E02002112,Pelsall North - Walsall 003,23.50046801,E08000030,Walsall
E02000513,Yeading North - Hillingdon 020,23.48148465,E09000017,Hillingdon
E02001411,Haydock West - St. Helens 006,23.47102668,E08000013,St. Helens
E02002383,Hyde Park - Leeds 054,23.45328291,E08000035,Leeds
E02003882,Rudheath West & Leftwich - Cheshire West and Chester 021,23.45220399,E06000050,Cheshire West and Chester
E02004138,Seaton - East Devon 010,23.4353592,E07000040,East Devon
E02003405,Kennet Island & Green Park - Reading 017,23.43291578,E06000038,Reading
E02004333,Tudhoe Grange - County Durham 047,23.4285887,E06000047,County Durham
E02004577,Elmstead Market & Ardleigh - Tendring 005,23.41997242,E07000076,Tendring
E02000409,Lordship Lane & Broadwater Farm - Haringey 013,23.41700596,E09000014,Haringey
E02002038,Halesowen Town - Dudley 039,23.40872527,E08000027,Dudley
E02003920,Redruth South - Cornwall 049,23.39517242,E06000052,Cornwall
E02001970,Wyken Croft - Coventry 013,23.38486116,E08000026,Coventry
E02005498,Torksey & Stow - West Lindsey 007,23.3822047,E07000142,West Lindsey
E02006743,Ronkswood & Nunnery Wood - Worcester 010,23.36897534,E07000237,Worcester
E02003568,Banister Park & Howard Road - Southampton 020,23.36148098,E06000045,Southampton
E02004219,Ipplepen & Broadhempston - Teignbridge 019,23.34972263,E07000045,Teignbridge
E02005439,Coningsby & Woodhall Spa - East Lindsey 016,23.34744775,E07000137,East Lindsey
E02005233,Lancaster East - Lancaster 013,23.34696367,E07000121,Lancaster
E02003630,Cauldwell - Bedford 015,23.3430479,E06000055,Bedford
E02002526,Skelton - Redcar and Cleveland 012,23.32664739,E06000003,Redcar and Cleveland
E02001555,Armthorpe South - Doncaster 017,23.32036446,E08000017,Doncaster
E02004535,Waltham Abbey West & Outer - Epping Forest 009,23.3110982,E07000072,Epping Forest
E02003344,Capstone - Medway 031,23.3031241,E06000035,Medway
E02001133,Littleborough West & Wardle - Rochdale 002,23.30073033,E08000005,Rochdale
E02003337,Rochester South West - Medway 024,23.29452109,E06000035,Medway
E02005028,Temple Hill & Marshes - Dartford 001,23.28818419,E07000107,Dartford
E02001434,Meols Cop - Sefton 006,23.28650441,E08000014,Sefton
E02002606,Fairfield & Howley - Warrington 017,23.28458157,E06000007,Warrington
E02004546,Nettleswell - Harlow 003,23.26530906,E07000073,Harlow
E02002665,Bricknell East - Kingston upon Hull 014,23.26292984,E06000010,"Kingston upon Hull, City of"
E02005843,"Worksop West, Shireoaks & Rhodesia - Bassetlaw 009",23.25917923,E07000171,Bassetlaw
E02001902,Yardley South - Birmingham 076,23.24642247,E08000025,Birmingham
E02005400,Thringstone & Swannington - North West Leicestershire 004,23.24458971,E07000134,North West Leicestershire
E02001014,Westhoughton West - Bolton 031,23.2303948,E08000001,Bolton
E02006093,Ilminster & Horton - South Somerset 019,23.20694655,E06000066,Somerset
E02005133,Cliftonville East & Kingsgate - Thanet 002,23.17968509,E07000114,Thanet
E02001299,Hindley West - Wigan 013,23.17429759,E08000010,Wigan
E02004199,"Chillington, Torcross & Stoke Fleming - South Hams 011",23.15996667,E07000044,South Hams
E02004137,"Sidbury, Offwell & Beer - East Devon 009",23.13782728,E07000040,East Devon
E02006742,Dines Green & St Johns - Worcester 009,23.1262823,E07000237,Worcester
E02004549,Bush Fair & Brays Grove - Harlow 006,23.11561668,E07000073,Harlow
E02005521,"Reepham, Cawston & Lenwade - Broadland 002",23.10930802,E07000144,Broadland
E02004575,Manningtree & Mistley - Tendring 003,23.10620971,E07000076,Tendring
E02002836,Belgrave South - Leicester 010,23.09834503,E06000016,Leicester
E02002188,Riddlesden & East Morton - Bradford 006,23.0947303,E08000032,Bradford
E02005626,Daventry South & Southbrook - Daventry 008,23.07871063,E06000062,West Northamptonshire
E02005606,"Thurlton, Haddiscoe & Geldeston - South Norfolk 010",23.06871279,E07000149,South Norfolk
E02004126,Swadlincote Central - South Derbyshire 009,23.06479047,E07000039,South Derbyshire
E02006687,Trowbridge South East - Wiltshire 035,23.05751774,E06000054,Wiltshire
E02004030,"Crich, Holloway & Wingfield - Amber Valley 002",23.03967553,E07000032,Amber Valley
E02006051,"Draycott, Westbury & Wookey - Mendip 005",23.033168,E06000066,Somerset
E02004633,"Bream, Pillowell & Yorkley - Forest of Dean 008",23.03190083,E07000080,Forest of Dean
E02001323,Leigh South - Wigan 037,23.01165103,E08000010,Wigan
E02002284,Shaw Cross & Hanging Heaton - Kirklees 014,23.0019469,E08000034,Kirklees
E02002521,Saltburn - Redcar and Cleveland 007,23.00029862,E06000003,Redcar and Cleveland
E02005493,"Morton, Blyton & Scotter - West Lindsey 002",22.95003526,E07000142,West Lindsey
E02004129,"Dunkesewell, Upottery & Stockland - East Devon 001",22.91642916,E07000040,East Devon
E02006690,Dilton Marsh & Bratton - Wiltshire 039,22.9115717,E06000054,Wiltshire
E02006581,Southgate - Crawley 007,22.89137999,E07000226,Crawley
E02006040,"Cressage, Dorrington & Pulverbatch - Shropshire 028",22.88909053,E06000051,Shropshire
E02002812,Littleover East - Derby 017,22.88879455,E06000015,Derby
E02004150,Mincinglake & Beacon Heath - Exeter 002,22.88249518,E07000041,Exeter
E02001102,Royton East & Cowlishaw - Oldham 005,22.8567473,E08000004,Oldham
E02005518,Thetford Central & East - Breckland 016,22.82381029,E07000143,Breckland
E02001549,Edenthorpe & Mere Lane - Doncaster 011,22.82313863,E08000017,Doncaster
E02004140,Sidmouth Town - East Devon 012,22.81853607,E07000040,East Devon
E02006665,Mere & East Knoyle - Wiltshire 050,22.80323238,E06000054,Wiltshire
E02002868,Rise Park & Top Valley West - Nottingham 001,22.80130881,E06000018,Nottingham
E02002366,Lady Wood & Oakwood - Leeds 037,22.8012421,E08000035,Leeds
E02004259,Child Okeford & Iwerne Minster - North Dorset 005,22.79093341,E06000059,Dorset
E02001523,Ardsley & Stairfoot - Barnsley 015,22.77880344,E08000038,Barnsley
E02001259,Old Trafford - Trafford 001,22.77605208,E08000009,Trafford
E02004087,Long Eaton North - Erewash 010,22.77175354,E07000036,Erewash
E02002615,"Roe Lee, Brownhill & Sunnybower - Blackburn with Darwen 001",22.76419992,E06000008,Blackburn with Darwen
E02006484,Attleborough - Nuneaton and Bedworth 010,22.76174716,E07000219,Nuneaton and Bedworth
E02004265,"Wareham, Sandford & Holton Heath - Purbeck 003",22.75216299,E06000059,Dorset
E02002833,Belgrave North East - Leicester 007,22.73957281,E06000016,Leicester
E02000864,Bow North & Fish Island - Tower Hamlets 001,22.73203926,E09000030,Tower Hamlets
E02002916,Hereford Central - Herefordshire 012,22.72269182,E06000019,"Herefordshire, County of"
E02002541,Norton High Street - Stockton-on-Tees 007,22.72033123,E06000004,Stockton-on-Tees
E02004319,Coxhoe & Quarrington Hill - County Durham 044,22.70565729,E06000047,County Durham
E02001340,Court Hey & Swanside - Knowsley 014,22.7035986,E08000011,Knowsley
E02002957,Baddley & Milton - Stoke-on-Trent 007,22.70011011,E06000021,Stoke-on-Trent
E02006486,Bedworth Woodlands - Nuneaton and Bedworth 012,22.69625553,E07000219,Nuneaton and Bedworth
E02001454,Aintree East & Waddicar - Sefton 026,22.69488849,E08000014,Sefton
E02003554,Hollybrook - Southampton 006,22.67841755,E06000045,Southampton
E02000683,Chinbrook - Lewisham 031,22.66216031,E09000023,Lewisham
E02001134,Littleborough South & Smithy Bridge - Rochdale 003,22.65513757,E08000005,Rochdale
E02004201,"Tedburn, Shillingford & Higher Ashton - Teignbridge 001",22.65149866,E07000045,Teignbridge
E02006011,Bridgnorth West - Shropshire 031,22.64052974,E06000051,Shropshire
E02004092,Sawley - Erewash 015,22.6379427,E07000036,Erewash
E02005494,Market Rasen & Brookenby - West Lindsey 003,22.62469118,E07000142,West Lindsey
E02006058,Glastonbury West & Street South - Mendip 012,22.62383138,E06000066,Somerset
E02004205,Dawlish North - Teignbridge 005,22.60873696,E07000045,Teignbridge
E02002761,Broughton & Appleby - North Lincolnshire 013,22.56652802,E06000013,North Lincolnshire
E02000018,Mayesbrook Park & Rippleside - Barking and Dagenham 017,22.55585379,E09000002,Barking and Dagenham
E02006289,Saxmundham & Coldfair Green - Suffolk Coastal 003,22.55571151,E07000244,East Suffolk
E02000519,Hayes Town North - Hillingdon 026,22.55262466,E09000017,Hillingdon
E02002307,Dalton Long Lane - Kirklees 037,22.55071651,E08000034,Kirklees
E02002456,Wakefield St John's - Wakefield 019,22.54204234,E08000036,Wakefield
E02005692,"Finedon, Isham & Harrowden - Wellingborough 001",22.53759393,E06000061,North Northamptonshire
E02001976,Clifford Park - Coventry 019,22.53757868,E08000026,Coventry
E02001913,Metchley - Birmingham 087,22.51471878,E08000025,Birmingham
E02000117,Church End - Brent 025,22.51073715,E09000005,Brent
E02002886,Bobbers Mill - Nottingham 019,22.49024795,E06000018,Nottingham
E02006630,Heene - Worthing 010,22.48094608,E07000229,Worthing
E02003276,Dallow Road - Luton 019,22.45708533,E06000032,Luton
E02004247,Sturminster Marshall & Crichel - East Dorset 005,22.43854389,E06000059,Dorset
E02002265,Todmorden East & Walsden - Calderdale 022,22.43665235,E08000033,Calderdale
E02003030,Eastville - Bristol 019,22.43394559,E06000023,"Bristol, City of"
E02002937,"Ironbridge, Admaston & Higher Ercall - Telford and Wrekin 010",22.41226063,E06000020,Telford and Wrekin
E02005305,Rufford & Banks - West Lancashire 002,22.40524436,E07000127,West Lancashire
E02004258,Sturminster Newton & Stalbridge - North Dorset 004,22.39520283,E06000059,Dorset
E02007006,Dorchester North - Dorset 031,22.39023576,E06000059,Dorset
E02000072,Slade Green & Crayford Marshes - Bexley 008,22.38910645,E09000004,Bexley
E02003646,Dunstable West - Central Bedfordshire 028,22.38673555,E06000056,Central Bedfordshire
E02003146,Lipson - Plymouth 025,22.38032178,E06000026,Plymouth
E02005747,Skipton South - Craven 006,22.37551673,E06000065,North Yorkshire
E02002247,Hebden Bridge - Calderdale 004,22.37359323,E08000033,Calderdale
E02002268,Elland - Calderdale 025,22.37282384,E08000033,Calderdale
E02002536,Billingham Central - Stockton-on-Tees 002,22.34110924,E06000004,Stockton-on-Tees
E02001605,Laughton & Throapham - Rotherham 028,22.33147011,E08000018,Rotherham
E02006042,Church Stretton - Shropshire 032,22.32701361,E06000051,Shropshire
E02004749,Alverstoke & Privett - Gosport 009,22.32380612,E07000088,Gosport
E02003890,Winsford Glebe Green - Cheshire West and Chester 042,22.32108704,E06000050,Cheshire West and Chester
E02006740,Worcester Town North - Worcester 007,22.31330378,E07000237,Worcester
E02006121,Hednesford Pye Green - Cannock Chase 004,22.30073553,E07000192,Cannock Chase
E02006946,Silsden - Bradford 063,22.27980106,E08000032,Bradford
E02004093,Hadfield East & Tintwistle - High Peak 001,22.27460362,E07000037,High Peak
E02005805,Wheatcroft & Cayton - Scarborough 011,22.27358797,E06000065,North Yorkshire
E02003018,Sea Mills - Bristol 007,22.25974712,E06000023,"Bristol, City of"
E02003266,Lewsey North - Luton 009,22.255917,E06000032,Luton
E02006025,Oswestry West - Shropshire 007,22.25553204,E06000051,Shropshire
E02005894,Edwinstowe & Clipstone - Newark and Sherwood 002,22.24320897,E07000175,Newark and Sherwood
E02006751,Droitwich Spa Central - Wychavon 004,22.22743827,E07000238,Wychavon
E02003521,Kemptown - Brighton and Hove 031,22.20357929,E06000043,Brighton and Hove
E02001926,Stirchley North & Selly Park - Birmingham 100,22.19923151,E08000025,Birmingham
E02006203,Mosspit & Silkmore Lane - Stafford 016,22.1832018,E07000197,Stafford
E02001090,Northenden - Manchester 046,22.17640352,E08000003,Manchester
E02003622,Goldington - Bedford 007,22.17448972,E06000055,Bedford
E02001187,Reddish Vale View - Stockport 001,22.16094562,E08000007,Stockport
E02001574,Rossington - Doncaster 036,22.15509202,E08000017,Doncaster
E02006214,Cheadle Town - Staffordshire Moorlands 011,22.13725584,E07000198,Staffordshire Moorlands
E02005522,"Coltishall, Buxton & Frettenham - Broadland 003",22.12873428,E07000144,Broadland
E02007075,Ocean Village & Town Quay - Southampton 034,22.12417805,E06000045,Southampton
E02001412,Windle & Dunton's Green - St. Helens 007,22.1215611,E08000013,St. Helens
E02000881,Poplar Leaside - Tower Hamlets 018,22.11939565,E09000030,Tower Hamlets
E02001839,Queslett - Birmingham 013,22.11618911,E08000025,Birmingham
E02000715,Little Ilford West - Newham 002,22.11241929,E09000025,Newham
E02000315,Abbey Wood North - Greenwich 003,22.10693614,E09000011,Greenwich
E02006695,Wylye Valley - Wiltshire 047,22.09253238,E06000054,Wiltshire
E02000914,Baker's Arms - Waltham Forest 020,22.0605468,E09000031,Waltham Forest
E02006286,Haverhill East & South - St Edmundsbury 014,22.02278022,E07000245,West Suffolk
E02004008,"Langwathby, Kirkoswald & Alston Moor - Eden 001",22.01879905,E06000064,Westmorland and Furness
E02004627,Newent - Forest of Dean 002,22.01231462,E07000080,Forest of Dean
E02000517,Hayes End - Hillingdon 024,22.00240718,E09000017,Hillingdon
E02000968,Church Street - Westminster 009,21.98277174,E09000033,Westminster
E02005632,"Ringstead, Woodford & Stanwick - East Northamptonshire 004",21.98225321,E06000061,North Northamptonshire
E02004191,Totnes Town - South Hams 003,21.98065439,E07000044,South Hams
E02006844,Devonshire Quarter - Sheffield 074,21.97811307,E08000039,Sheffield
E02001850,Perry Barr & South Hamstead - Birmingham 024,21.9753718,E08000025,Birmingham
E02006726,Southcrest - Redditch 006,21.97100324,E07000236,Redditch
E02001308,Atherton South East & Tyldesley West - Wigan 022,21.95635215,E08000010,Wigan
E02004687,Buckskin & Worting - Basingstoke and Deane 013,21.94411923,E07000084,Basingstoke and Deane
E02005184,"Cliviger, Worsthorne & Lane Bottom - Burnley 009",21.93811052,E07000117,Burnley
E02004605,Oakley - Cheltenham 006,21.9291583,E07000078,Cheltenham
E02003049,Broom Hill - Bristol 038,21.91414061,E06000023,"Bristol, City of"
E02005241,Barnoldswick South - Pendle 002,21.9126928,E07000122,Pendle
E02005042,Sandwich & Eastry - Dover 002,21.91162239,E07000108,Dover
E02006310,Carlton Colville - Waveney 009,21.90761944,E07000244,East Suffolk
E02001101,Royton North - Oldham 004,21.90323717,E08000004,Oldham
E02001401,Hunts Cross - Liverpool 055,21.89920349,E08000012,Liverpool
E02004095,Glossop - High Peak 003,21.89769862,E07000037,High Peak
E02005676,Delapre - Northampton 027,21.89534093,E06000062,West Northamptonshire
E02001204,Cheadle Heath - Stockport 018,21.86742644,E08000007,Stockport
E02003284,St Lukes - Southend-on-Sea 006,21.85978864,E06000033,Southend-on-Sea
E02006720,"Upton-upon-Severn, Welland & Eldersfield - Malvern Hills 011",21.8564441,E07000235,Malvern Hills
E02004746,Lee-on-the-Solent - Gosport 006,21.85415354,E07000088,Gosport
E02004021,Hawkshead & Cartmel Fell - South Lakeland 007,21.80850716,E06000064,Westmorland and Furness
E02004634,Lydney - Forest of Dean 009,21.80130952,E07000080,Forest of Dean
E02001388,Wavertree Penny Lane - Liverpool 042,21.80121775,E08000012,Liverpool
E02006232,"Acton, Great Waldingfield & Bures - Babergh 006",21.79133619,E07000200,Babergh
E02002076,Bearwood & Warley Woods - Sandwell 034,21.78934313,E08000028,Sandwell
E02001318,Ashton-in-Makerfield North - Wigan 032,21.77429338,E08000010,Wigan
E02000829,Queens Road Peckham - Southwark 023,21.77306449,E09000028,Southwark
E02004115,North Wingfield & Pilsley - North East Derbyshire 011,21.76621704,E07000038,North East Derbyshire
E02000015,Old Dagenham Park & Village - Barking and Dagenham 014,21.75788839,E09000002,Barking and Dagenham
E02000066,South Thamesmead - Bexley 002,21.74353885,E09000004,Bexley
E02002315,Cowlersley & Milnsbridge - Kirklees 045,21.73650747,E08000034,Kirklees
E02000869,Columbia Road - Tower Hamlets 006,21.73270108,E09000030,Tower Hamlets
E02000007,Central Park & Frizlands Lane - Barking and Dagenham 006,21.69951347,E09000002,Barking and Dagenham
E02005824,Sutton St Mary's & Ashfields - Ashfield 006,21.69161588,E07000170,Ashfield
E02001437,Birkdale - Sefton 009,21.68857653,E08000014,Sefton
E02005110,Lympne & Palmarsh - Shepway 009,21.67670056,E07000112,Folkestone and Hythe
E02005593,University & Avenues - Norwich 010,21.66648618,E07000148,Norwich
E02006030,Shrewsbury Harlescott & Sundorne - Shropshire 016,21.66640699,E06000051,Shropshire
E02003871,Macclesfield Weston - Cheshire East 019,21.66329888,E06000049,Cheshire East
E02004286,Weymouth West - Weymouth and Portland 006,21.65986358,E06000059,Dorset
E02001944,Brandwood End - Birmingham 118,21.6495397,E08000025,Birmingham
E02003239,Newborough & Peakirk - Peterborough 003,21.64098196,E06000031,Peterborough
E02000187,Somers Town - Camden 022,21.64048709,E09000007,Camden
E02004279,"Overmoigne, Broadmayne & Winterbourne - West Dorset 011",21.63801796,E06000059,Dorset
E02005788,Kirkbymoorside & Moors - Ryedale 001,21.63242541,E06000065,North Yorkshire
E02005141,Broadstairs South - Thanet 010,21.62739843,E07000114,Thanet
E02001380,Broad Green - Liverpool 034,21.62081056,E08000012,Liverpool
E02000736,Wallend South - Newham 023,21.61978639,E09000025,Newham
E02005608,"Hempnall, Ditchingham & Wortwell - South Norfolk 012",21.6174232,E07000149,South Norfolk
E02005157,Tonbridge Trench Wood - Tonbridge and Malling 009,21.61391388,E07000115,Tonbridge and Malling
E02004792,"Holbury North, Blackfield & Fawley - New Forest 014",21.61364469,E07000091,New Forest
E02003216,Upper Stratton - Swindon 005,21.6095975,E06000030,Swindon
E02006026,"Ruyton-XI-Towns, West Felton & Whittington - Shropshire 011",21.6087436,E06000051,Shropshire
E02006255,Holywells - Ipswich 011,21.60860254,E07000202,Ipswich
E02000021,Rylands Estate & Dagenham Dock - Barking and Dagenham 020,21.5837066,E09000002,Barking and Dagenham
E02004105,Killamarsh - North East Derbyshire 001,21.55711141,E07000038,North East Derbyshire
E02003054,Brislington - Bristol 043,21.54429748,E06000023,"Bristol, City of"
E02001322,Ashton-in-Makerfield West - Wigan 036,21.5409415,E08000010,Wigan
E02001672,Charnock & Basegreen - Sheffield 062,21.53308909,E08000039,Sheffield
E02001231,Carrbrook & Micklehurst - Tameside 003,21.52903828,E08000008,Tameside
E02003953,St Columb Major & St Mawgan - Cornwall 019,21.52450682,E06000052,Cornwall
E02005464,Heckington - North Kesteven 012,21.52218216,E07000139,North Kesteven
E02005634,Irthlingborough - East Northamptonshire 006,21.5208818,E06000061,North Northamptonshire
E02002538,Billingham South - Stockton-on-Tees 004,21.5204293,E06000004,Stockton-on-Tees
E02003283,Blenheim Park - Southend-on-Sea 005,21.51407123,E06000033,Southend-on-Sea
E02003330,Rochester East - Medway 017,21.50811984,E06000035,Medway
E02002275,Cleckheaton - Kirklees 005,21.50693042,E08000034,Kirklees
E02004180,"Bratton Fleming, Goodleigh & Kings Heanton - North Devon 006",21.49398335,E07000043,North Devon
E02005264,Plungington & University - Preston 012,21.48934673,E07000123,Preston
E02006248,Rushmere - Ipswich 004,21.47542393,E07000202,Ipswich
E02001063,Hulme & University - Manchester 019,21.46585622,E08000003,Manchester
E02003192,East Cliff - Bournemouth 021,21.46525044,E06000058,"Bournemouth, Christchurch and Poole"
E02001461,Litherland South - Sefton 033,21.45564695,E08000014,Sefton
E02001230,Ashton North - Tameside 002,21.45504229,E08000008,Tameside
E02004863,Highfield - Dacorum 008,21.45189708,E07000096,Dacorum
E02005077,Mote Park - Maidstone 010,21.44835992,E07000110,Maidstone
E02005036,Tree Estate - Dartford 009,21.41807326,E07000107,Dartford
E02000313,Thamesmead Birchmere Park - Greenwich 001,21.40570853,E09000011,Greenwich
E02006100,Taunton Rowbarton & Kingston - Taunton Deane 002,21.40543067,E06000066,Somerset
E02004124,Swadlincote North - South Derbyshire 007,21.40519165,E07000039,South Derbyshire
E02000633,Brixton Central - Lambeth 016,21.39201654,E09000022,Lambeth
E02006176,Brewood & Wheaton Aston - South Staffordshire 003,21.38267814,E07000196,South Staffordshire
E02006921,Upper Clapton - Hackney 029,21.34128631,E09000012,Hackney
E02004637,Kingsholm & Wotton - Gloucester 002,21.32865261,E07000081,Gloucester
E02003169,Churston & Galmpton - Torbay 016,21.32765896,E06000027,Torbay
E02006063,Wedmore & Mark - Sedgemoor 003,21.32467619,E06000066,Somerset
E02006851,Leicester City Centre - Leicester 041,21.30777363,E06000016,Leicester
E02006221,Kettlebrook - Tamworth 005,21.30565976,E07000199,Tamworth
E02005006,"Biddenden, Smarden & High Halden - Ashford 011",21.30393033,E07000105,Ashford
E02002427,Rothwell Inner - Leeds 098,21.30312737,E08000035,Leeds
E02003755,Ramsey - Huntingdonshire 003,21.30086593,E07000011,Huntingdonshire
E02003230,Central South & Eastcott - Swindon 019,21.2968291,E06000030,Swindon
E02003272,Kingsway - Luton 015,21.29237166,E06000032,Luton
E02003909,Truro West - Cornwall 043,21.28753561,E06000052,Cornwall
E02002433,Morley Central - Leeds 104,21.26968503,E08000035,Leeds
E02000578,Ladbroke Grove - Kensington and Chelsea 002,21.26608957,E09000020,Kensington and Chelsea
E02005790,Helmsley & Ampleforth - Ryedale 003,21.25030476,E06000065,North Yorkshire
E02001602,Brinsworth - Rotherham 025,21.24893318,E08000018,Rotherham
E02005850,Eastwood Hall & Brinsley - Broxtowe 001,21.24409331,E07000172,Broxtowe
E02002037,Norton North - Dudley 038,21.24218737,E08000027,Dudley
E02004248,West Moors - East Dorset 006,21.23046024,E06000059,Dorset
E02004128,"Castle Gresley, Overseal & Coton - South Derbyshire 011",21.21922256,E07000039,South Derbyshire
E02005520,Aylsham - Broadland 001,21.21393143,E07000144,Broadland
E02004190,South Brent & Cornwood - South Hams 002,21.20193913,E07000044,South Hams
E02004012,"Askham, Ullswater & Greystoke - Eden 005",21.17314562,E06000064,Westmorland and Furness
E02003226,Central North - Swindon 015,21.17069486,E06000030,Swindon
E02005857,Stapleford North - Broxtowe 008,21.15685387,E07000172,Broxtowe
E02001447,Maghull South East - Sefton 019,21.14211343,E08000014,Sefton
E02000858,Roundshaw - Sutton 019,21.13016495,E09000029,Sutton
E02007022,Barnard Castle & Upper Teesdale - County Durham 067,21.12221143,E06000047,County Durham
E02005242,Earby & Salterforth - Pendle 003,21.1068941,E07000122,Pendle
E02004813,Aldershot Park - Rushmoor 012,21.10638849,E07000092,Rushmoor
E02006246,Castle Hill - Ipswich 002,21.07935568,E07000202,Ipswich
E02006554,Middleton-on-Sea - Arun 013,21.07188425,E07000224,Arun
E02005695,Victoria & Isebrook - Wellingborough 004,21.06841241,E06000061,North Northamptonshire
E02002346,Tinshill - Leeds 017,21.06008588,E08000035,Leeds
E02002178,Goldthorn Park - Wolverhampton 030,21.05690542,E08000031,Wolverhampton
E02005673,Stornton & Sixfields - Northampton 024,21.05680972,E06000062,West Northamptonshire
E02005639,"Geddington, Rushton & Stoke Albany - Kettering 001",21.05338923,E06000061,North Northamptonshire
E02001600,Rotherham South - Rotherham 023,21.05179371,E08000018,Rotherham
E02006937,High Town - Luton 022,21.05137357,E06000032,Luton
E02000013,Becontree South - Barking and Dagenham 012,21.04992079,E09000002,Barking and Dagenham
E02001082,Withington West - Manchester 038,21.04812782,E08000003,Manchester
E02001963,Whitmore Park - Coventry 006,21.03937449,E08000026,Coventry
E02003993,"Wetheral, Corby & Geltsdale - Carlisle 007",21.03911173,E06000063,Cumberland
E02006553,North Bersted - Arun 012,21.03466574,E07000224,Arun
E02004178,"Woolacombe, Georgeham & Croyde - North Devon 004",21.02200953,E07000043,North Devon
E02003467,Linford Wood - Milton Keynes 009,21.02144413,E06000042,Milton Keynes
E02003403,Southcote - Reading 015,21.02097299,E06000038,Reading
E02000885,Shadwell North - Tower Hamlets 022,21.0097753,E09000030,Tower Hamlets
E02001650,Sharrow - Sheffield 040,20.99809786,E08000039,Sheffield
E02006799,Becontree North - Barking and Dagenham 023,20.99760343,E09000002,Barking and Dagenham
E02005955,Littlemore & Rose Hill - Oxford 016,20.99755247,E07000178,Oxford
E02006215,"Blythe Bridge, Forsbrook & Caverswall - Staffordshire Moorlands 012",20.9891088,E07000198,Staffordshire Moorlands
E02004045,Clowne & Barlborough - Bolsover 001,20.98122598,E07000033,Bolsover
E02002314,Almondbury & Waterloo - Kirklees 044,20.97547747,E08000034,Kirklees
E02001505,Bromborough North - Wirral 039,20.96052449,E08000015,Wirral
E02005741,Bedlington Town - Northumberland 021,20.94128752,E06000057,Northumberland
E02006130,Norton Canes - Cannock Chase 013,20.9410387,E07000192,Cannock Chase
E02003338,Rainham North East - Medway 025,20.93661114,E06000035,Medway
E02003131,Deer Park & Leigham - Plymouth 010,20.93438198,E06000026,Plymouth
E02004764,Waterlooville North West - Havant 003,20.91779467,E07000090,Havant
E02006768,Franche - Wyre Forest 002,20.90451997,E07000239,Wyre Forest
E02006543,"Angmering North, Patching & Findon - Arun 002",20.90272805,E07000224,Arun
E02001137,Hooley Bridge & Norden West - Rochdale 006,20.90253818,E08000005,Rochdale
E02004266,"Bovington, Wool & Lulworth - Purbeck 004",20.88690861,E06000059,Dorset
E02005200,Chorley South West - Chorley 012,20.88164328,E07000118,Chorley
E02002089,Marston Green & Airport - Solihull 009,20.88077973,E08000029,Solihull
E02006075,"Bruton, Brewham & Cucklington - South Somerset 001",20.88015759,E06000066,Somerset
E02001502,Lower Bebington & Bromborough Pool - Wirral 036,20.87661161,E08000015,Wirral
E02001545,Kirk Sandall & Barnby Dun - Doncaster 007,20.87372507,E08000017,Doncaster
E02002348,Lawnswood & Ireland Wood - Leeds 019,20.85787366,E08000035,Leeds
E02004803,Mayfield - Rushmoor 002,20.85566281,E07000092,Rushmoor
E02004261,Blandford Forum Town - North Dorset 007,20.85390722,E06000059,Dorset
E02001988,Central Coventry - Coventry 031,20.84966628,E08000026,Coventry
E02006284,Haverhill North - St Edmundsbury 012,20.8311635,E07000245,West Suffolk
E02006104,Taunton Halcon & Monkton Heathfield - Taunton Deane 006,20.82895302,E06000066,Somerset
E02005625,Daventry Central - Daventry 007,20.82703061,E06000062,West Northamptonshire
E02002832,Belgrave North West - Leicester 006,20.82300408,E06000016,Leicester
E02004949,Pin Green - Stevenage 006,20.82270736,E07000243,Stevenage
E02001987,Chapelfields - Coventry 030,20.82096453,E08000026,Coventry
E02003406,Whitley Wood - Reading 018,20.80825165,E06000038,Reading
E02006282,"Clare, Cavendish & Wickhambrook - St Edmundsbury 010",20.79106553,E07000245,West Suffolk
E02005545,Bradwell North - Great Yarmouth 008,20.78573453,E07000145,Great Yarmouth
E02003415,Chalvey - Slough 009,20.78448002,E06000039,Slough
E02002267,Rastrick West - Calderdale 024,20.78107306,E08000033,Calderdale
E02003273,St Anns Hill - Luton 016,20.77281119,E06000032,Luton
E02006272,Claydon & Bramford - Mid Suffolk 012,20.76801757,E07000203,Mid Suffolk
E02001956,Rubery East - Birmingham 130,20.76145526,E08000025,Birmingham
E02006197,Central Stafford - Stafford 010,20.75207824,E07000197,Stafford
E02006039,"Hanwood, Pontesbury & Minsterley - Shropshire 026",20.74407471,E06000051,Shropshire
E02005478,Grantham North East - South Kesteven 003,20.72497195,E07000141,South Kesteven
E02005353,Loughborough - Shelthorpe & Woodthorpe - Charnwood 009,20.72462361,E07000130,Charnwood
E02006146,Armitage & Colton - Lichfield 001,20.71786599,E07000194,Lichfield
E02000491,Hornchurch Marshes - Havering 028,20.70921867,E09000016,Havering
E02001456,Brighton le Sands & Crosby West - Sefton 028,20.70317531,E08000014,Sefton
E02001757,Preston Billy Mill - North Tyneside 020,20.70116352,E08000022,North Tyneside
E02000337,Eltham West - Greenwich 025,20.69537239,E09000011,Greenwich
E02004554,Kingsmoor - Harlow 011,20.69450849,E07000073,Harlow
E02001756,Longbenton - North Tyneside 019,20.68786408,E08000022,North Tyneside
E02002926,Ross-on-Wye - Herefordshire 022,20.6845211,E06000019,"Herefordshire, County of"
E02005492,"Caistor, Kelsey & Keelby - West Lindsey 001",20.6769204,E07000142,West Lindsey
E02006636,Pewsey & Lockeridge - Wiltshire 024,20.67494626,E06000054,Wiltshire
E02004174,Crediton - Mid Devon 011,20.67465247,E07000042,Mid Devon
E02004784,Ashurst & Cadnam - New Forest 006,20.66214753,E07000091,New Forest
E02005450,Hartsholme & Birchwood East - Lincoln 009,20.64086736,E07000138,Lincoln
E02004644,Podsmead & Linden - Gloucester 009,20.6316958,E07000081,Gloucester
E02000681,Bellingham & Perry Hill - Lewisham 029,20.62163541,E09000023,Lewisham
E02001984,Copsewood - Coventry 027,20.61477545,E08000026,Coventry
E02000991,Smithills - Bolton 008,20.60839612,E08000001,Bolton
E02004135,"Kilmington, Colyton & Uplyme - East Devon 007",20.60141448,E07000040,East Devon
E02001985,Lower Stoke & Gosford Park - Coventry 028,20.57607958,E08000026,Coventry
E02002749,Barton upon Humber - North Lincolnshire 001,20.56509038,E06000013,North Lincolnshire
E02002092,Lyndon South - Solihull 012,20.56434573,E08000029,Solihull
E02004774,Emsworth - Havant 013,20.55408192,E07000090,Havant
E02000465,Petersfield Avenue & Duck Wood - Havering 002,20.52654385,E09000016,Havering
E02006178,Great Wyrley - South Staffordshire 005,20.52444763,E07000196,South Staffordshire
E02002260,Sowerby Bridge - Calderdale 017,20.51903691,E08000033,Calderdale
E02006231,"Sproughton, Washbrook & Hintlesham - Babergh 005",20.51721132,E07000200,Babergh
E02001251,Mottram & Hollingworth - Tameside 023,20.51283792,E08000008,Tameside
E02006158,Kidsgrove East - Newcastle-under-Lyme 001,20.50848619,E07000195,Newcastle-under-Lyme
E02000425,South Tottenham - Haringey 029,20.50767587,E09000014,Haringey
E02004772,Purbrook & Widley - Havant 011,20.49106038,E07000090,Havant
E02001843,Kingstanding South West - Birmingham 017,20.49053437,E08000025,Birmingham
E02002911,"Credenhill, Weobley & Wellington - Herefordshire 007",20.48938525,E06000019,"Herefordshire, County of"
E02000092,Foots Cray Meadows - Bexley 028,20.48729937,E09000004,Bexley
E02000321,Woolwich Glyndon - Greenwich 009,20.4824957,E09000011,Greenwich
E02002150,Fordhouses - Wolverhampton 002,20.46212264,E08000031,Wolverhampton
E02001508,Eastham - Wirral 042,20.45024862,E08000015,Wirral
E02003978,Dalton South - Barrow-in-Furness 002,20.44652948,E06000064,Westmorland and Furness
E02001810,Oxclose and Lambton - Sunderland 020,20.43904148,E08000024,Sunderland
E02000362,Hackney Wick - Hackney 018,20.43887655,E09000012,Hackney
E02001195,Bredbury - Stockport 009,20.43651995,E08000007,Stockport
E02005773,Harrogate East - Harrogate 013,20.43182148,E06000065,North Yorkshire
E02006585,Tilgate - Crawley 011,20.42698003,E07000226,Crawley
E02003991,Belle Vue & Burgh - Carlisle 005,20.39418677,E06000063,Cumberland
E02002927,"Penyard, Llangarron & Goodrich - Herefordshire 023",20.36915172,E06000019,"Herefordshire, County of"
E02001959,Keresley - Coventry 002,20.36393386,E08000026,Coventry
E02000009,Becontree West - Barking and Dagenham 008,20.35742812,E09000002,Barking and Dagenham
E02005126,Sittingbourne West - Swale 012,20.33380098,E07000113,Swale
E02005878,Carlton - Gedling 014,20.3239754,E07000173,Gedling
E02006694,Warminster Central - Wiltshire 044,20.31809025,E06000054,Wiltshire
E02006403,Stanwell North & Stanwell Moor - Spelthorne 001,20.30933744,E07000213,Spelthorne
E02002174,Bradmore - Wolverhampton 026,20.30784109,E08000031,Wolverhampton
E02000718,Little Ilford East - Newham 005,20.30149638,E09000025,Newham
E02003977,Askam & Dalton North - Barrow-in-Furness 001,20.29743393,E06000064,Westmorland and Furness
E02005515,Buckenhams & Snetterton - Breckland 013,20.2671609,E07000143,Breckland
E02004270,"Yetminster, Bradford Abbas & Longburton - West Dorset 002",20.2613401,E06000059,Dorset
E02001242,Audenshaw - Tameside 014,20.25804789,E08000008,Tameside
E02006654,Chippenham South & East - Wiltshire 011,20.25415348,E06000054,Wiltshire
E02004018,Kendal Town & Greenside - South Lakeland 004,20.24043559,E06000064,Westmorland and Furness
E02006293,"Rendlesham, Orford & Hollesley - Suffolk Coastal 007",20.23881708,E07000244,East Suffolk
E02001950,Longbridge North - Birmingham 124,20.23627278,E08000025,Birmingham
E02004391,Seaford Town - Lewes 013,20.23107969,E07000063,Lewes
E02002278,Hightown & Hartshead Moor - Kirklees 008,20.22905017,E08000034,Kirklees
E02006468,"Polesworth, Warton & Austrey - North Warwickshire 001",20.21956297,E07000218,North Warwickshire
E02000743,Canning Town Central - Newham 030,20.21442972,E09000025,Newham
E02004010,Penrith Central & West - Eden 003,20.20585928,E06000064,Westmorland and Furness
E02003669,California & Southcourt - Aylesbury Vale 018,20.20378327,E06000060,Buckinghamshire
E02001907,Sheldon South - Birmingham 081,20.19747377,E08000025,Birmingham
E02006840,"Chelston, Cockington & Livermead - Torbay 019",20.19462261,E06000027,Torbay
E02006071,Wembdon & Chilton Trinity - Sedgemoor 011,20.19262773,E06000066,Somerset
E02006240,"Beck Row, Eriswell & Barton Mills - Forest Heath 003",20.18889493,E07000245,West Suffolk
E02006021,"Baschurch, Cockshutt & Harmer Hill - Shropshire 010",20.17237542,E06000051,Shropshire
E02005329,Thornton West - Wyre 011,20.16887445,E07000128,Wyre
E02004460,North Witham - Braintree 015,20.1668287,E07000067,Braintree
E02001953,King's Norton - Birmingham 127,20.16508328,E08000025,Birmingham
E02005106,Cheriton & Horn Street - Shepway 005,20.13881978,E07000112,Folkestone and Hythe
E02003280,Eastwood - Southend-on-Sea 002,20.1342303,E06000033,Southend-on-Sea
E02002925,Kingstone & Kingsthorne - Herefordshire 021,20.12773289,E06000019,"Herefordshire, County of"
E02005022,Canterbury St Stephen's - Canterbury 013,20.11656974,E07000106,Canterbury
E02003760,Huntingdon Sapley & Oxmoor - Huntingdonshire 008,20.11379472,E07000011,Huntingdonshire
E02000208,University Hospital & Queen's Road - Croydon 015,20.10913008,E09000008,Croydon
E02001036,Outwood Gate - Bury 018,20.09231861,E08000002,Bury
E02005039,"Bean, Darenth & Sutton at Hone - Dartford 012",20.08103998,E07000107,Dartford
E02006207,Biddulph North & Brownlees - Staffordshire Moorlands 004,20.07745301,E07000198,Staffordshire Moorlands
E02003301,North Ockendon - Thurrock 006,20.06988975,E06000034,Thurrock
E02001770,Westoe - South Tyneside 003,20.06636517,E08000023,South Tyneside
E02005629,"King's Cliffe, Woodnewton & Easton - East Northamptonshire 001",20.06145727,E06000061,North Northamptonshire
E02003401,Coley Park - Reading 013,20.04106628,E06000038,Reading
E02000290,Brimsdown & Ponders End - Enfield 014,20.03281775,E09000010,Enfield
E02005701,"Irchester, Wollaston & Bozeat - Wellingborough 010",20.01876534,E06000061,North Northamptonshire
E02003559,Upper Shirley - Southampton 011,20.01550672,E06000045,Southampton
E02004366,King Edward's Parade - Eastbourne 011,20.01452658,E07000061,Eastbourne
E02000288,Southbury East - Enfield 012,20.00921942,E09000010,Enfield
E02000648,West Norwood South - Lambeth 031,19.99639369,E09000022,Lambeth
E02001844,Chester Road - Birmingham 018,19.99534272,E08000025,Birmingham
E02005171,Ramslye & Rusthall - Tunbridge Wells 010,19.99515808,E07000116,Tunbridge Wells
E02003910,Truro South & Central - Cornwall 044,19.99119901,E06000052,Cornwall
E02006936,Nutgrove & Lea Green - St. Helens 025,19.9903909,E08000013,St. Helens
E02001309,Atherton South West - Wigan 023,19.98641352,E08000010,Wigan
E02001758,Battle Hill East - North Tyneside 021,19.98619909,E08000022,North Tyneside
E02004435,Whitmore Way & Fremnells - Basildon 012,19.97716007,E07000066,Basildon
E02002361,Gledhow - Leeds 032,19.9764232,E08000035,Leeds
E02004533,Waltham Abbey North - Epping Forest 007,19.9666951,E07000072,Epping Forest
E02005462,Sleaford East - North Kesteven 010,19.96040211,E07000139,North Kesteven
E02004081,"Breadsall, Little Eaton & Stanley Common - Erewash 004",19.95005375,E07000036,Erewash
E02005513,Attleborough - Breckland 011,19.94193835,E07000143,Breckland
E02003115,Staple Hill South & Kingswood North West - South Gloucestershire 026,19.93171047,E06000025,South Gloucestershire
E02003562,Bitterne West - Southampton 014,19.9095895,E06000045,Southampton
E02006131,"Mayfield, Rocester & Bramshall - East Staffordshire 001",19.88574829,E07000193,East Staffordshire
E02001595,Maltby West & Hellaby - Rotherham 018,19.88477068,E08000018,Rotherham
E02005761,"Masham, Kirkby Malzeard & North Stainley - Harrogate 001",19.86970697,E06000065,North Yorkshire
E02005382,Earl Shilton - Hinckley and Bosworth 006,19.86872056,E07000132,Hinckley and Bosworth
E02002015,Pensett & Kingswinford East - Dudley 016,19.86182065,E08000027,Dudley
E02003492,Coldean & Moulsecoomb North - Brighton and Hove 002,19.86051971,E06000043,Brighton and Hove
E02005610,"Scole, Dickleburgh & Bressingham - South Norfolk 014",19.85539533,E07000149,South Norfolk
E02005789,Pickering & Thornton Dale - Ryedale 002,19.8488958,E06000065,North Yorkshire
E02003637,"Toddington, Heath & Reach - Central Bedfordshire 019",19.84855665,E06000056,Central Bedfordshire
E02003989,Carlisle Belah - Carlisle 003,19.84557644,E06000063,Cumberland
E02000716,Manor Park North - Newham 003,19.84170942,E09000025,Newham
E02001503,Heswall - Wirral 037,19.83085114,E08000015,Wirral
E02007051,"Lawley, Horsehay & Lightmoor - Telford and Wrekin 025",19.8218562,E06000020,Telford and Wrekin
E02004446,Steeple Bumpstead & Great Yeldham - Braintree 001,19.8196085,E07000067,Braintree
E02006769,Greenhill - Wyre Forest 003,19.81017748,E07000239,Wyre Forest
E02004243,Alderholt & Sixpenny Handley - East Dorset 001,19.80984113,E06000059,Dorset
E02002199,Thackley & Esholt - Bradford 017,19.80117143,E08000032,Bradford
E02004555,"Tollesbury, Tolleshunt & Goldhanger - Maldon 001",19.7939616,E07000074,Maldon
E02002023,Ashwood - Dudley 024,19.77064462,E08000027,Dudley
E02006123,Wimblebury & Cannock Wood - Cannock Chase 006,19.76826094,E07000192,Cannock Chase
E02006713,Malvern Link - Malvern Hills 004,19.76796576,E07000235,Malvern Hills
E02002461,Streethouse & Sharlston Common - Wakefield 024,19.76677967,E08000036,Wakefield
E02006239,Lakenheath - Forest Heath 002,19.7629713,E07000245,West Suffolk
E02006169,Silverdale & Keele - Newcastle-under-Lyme 012,19.7579338,E07000195,Newcastle-under-Lyme
E02003208,Poole Town - Poole 015,19.75273138,E06000058,"Bournemouth, Christchurch and Poole"
E02003290,Chalkwell - Southend-on-Sea 012,19.74925495,E06000033,Southend-on-Sea
E02005667,Lodge Farm - Northampton 018,19.73587796,E06000062,West Northamptonshire
E02000742,Lonsdale Avenue - Newham 029,19.73075372,E09000025,Newham
E02006708,Bromsgrove Charford - Bromsgrove 013,19.7211003,E07000234,Bromsgrove
E02004083,Hallam Fields & Greenwood Ave - Erewash 006,19.71513859,E07000036,Erewash
E02004085,Sandiacre & Stanton - Erewash 008,19.70584011,E07000036,Erewash
E02000721,Forest Gate South - Newham 008,19.69777595,E09000025,Newham
E02004382,"Ringmer, Glynde & South Heighton - Lewes 004",19.69754937,E07000063,Lewes
E02000883,Poplar Central - Tower Hamlets 020,19.69504238,E09000030,Tower Hamlets
E02000563,Hilldrop - Islington 010,19.69342119,E09000019,Islington
E02000866,Bow West - Tower Hamlets 003,19.67778654,E09000030,Tower Hamlets
E02001978,Barras Heath - Coventry 021,19.66925493,E08000026,Coventry
E02001103,"Diggle, Delph & Denshaw - Oldham 006",19.65407217,E08000004,Oldham
E02000245,Northolt South - Ealing 008,19.65183314,E09000009,Ealing
E02004306,Lanchester - County Durham 020,19.64277176,E06000047,County Durham
E02002381,Rodley & Stanningley Park - Leeds 052,19.6385131,E08000035,Leeds
E02004789,Langdown & Dibden Purlieu - New Forest 011,19.62877238,E07000091,New Forest
E02004195,Dartmouth - South Hams 007,19.62802735,E07000044,South Hams
E02004992,Hatfield South - Welwyn Hatfield 013,19.62362585,E07000241,Welwyn Hatfield
E02000871,Bromley-by-Bow East - Tower Hamlets 008,19.61728409,E09000030,Tower Hamlets
E02006934,Pier Head - Liverpool 062,19.61174437,E08000012,Liverpool
E02004700,Bordon Camp - East Hampshire 004,19.61114121,E07000085,East Hampshire
E02003802,Chester Boughton West & Hoole - Cheshire West and Chester 033,19.60860866,E06000050,Cheshire West and Chester
E02005050,"Kearsney, River & Whitfield - Dover 010",19.60094455,E07000108,Dover
E02004257,Shaftesbury - North Dorset 003,19.56760893,E06000059,Dorset
E02002771,"Westwoodside, Haxley & Owston Ferry - North Lincolnshire 023",19.56377487,E06000013,North Lincolnshire
E02000324,Charlton Village - Greenwich 012,19.54441492,E09000011,Greenwich
E02002078,Warley South - Sandwell 036,19.54438752,E08000028,Sandwell
E02004146,Exmouth Withycombe Raleigh - East Devon 018,19.53616264,E07000040,East Devon
E02007024,Westbury Town & South - Wiltshire 064,19.53534331,E06000054,Wiltshire
E02000363,Homerton South - Hackney 019,19.52848783,E09000012,Hackney
E02006307,Oulton Broad West - Waveney 006,19.52740551,E07000244,East Suffolk
E02001076,Fallowfield Central - Manchester 032,19.51457602,E08000003,Manchester
E02005483,Morton & Billingborough - South Kesteven 008,19.51196261,E07000141,South Kesteven
E02000368,Haggerston East - Hackney 024,19.51125669,E09000012,Hackney
E02004216,"Newton Abbot, Milber & Buckland - Teignbridge 016",19.49685687,E07000045,Teignbridge
E02005619,"Clipston, Naseby & Yelvertoft - Daventry 001",19.4952997,E06000062,West Northamptonshire
E02003650,"Eaton Bray, Whipsnade & Holywell - Central Bedfordshire 032",19.49415301,E06000056,Central Bedfordshire
E02001535,"Ingbirchworth, Dunford Bridge & Thurgoland - Barnsley 027",19.49335733,E08000038,Barnsley
E02006878,Hampton Vale - Peterborough 023,19.49111379,E06000031,Peterborough
E02001191,Woodley - Stockport 005,19.48351748,E08000007,Stockport
E02004782,Totton Town - New Forest 004,19.48176115,E07000091,New Forest
E02006760,"Harvington, Offenham & Badsey - Wychavon 013",19.46134993,E07000238,Wychavon
E02000203,Thornton Heath Central - Croydon 010,19.4494611,E09000008,Croydon
E02006185,Wombourne Inner - South Staffordshire 012,19.43946669,E07000196,South Staffordshire
E02004028,Swarthmoor & Low Furness - South Lakeland 014,19.43617887,E06000064,Westmorland and Furness
E02005102,"Lyminge, Densole & Elham - Shepway 001",19.42038844,E07000112,Folkestone and Hythe
E02000343,Mottingham East - Greenwich 031,19.4171739,E09000011,Greenwich
E02000744,Canning Town East - Newham 031,19.40222936,E09000025,Newham
E02006235,"Leavenheath, Nayland & Boxford - Babergh 009",19.38458925,E07000200,Babergh
E02005071,Ringlestone & Central Maidstone - Maidstone 004,19.38033415,E07000110,Maidstone
E02001610,"Kiveton, Todwick & Harthill - Rotherham 033",19.38008428,E08000018,Rotherham
E02001604,"Catcliffe, Treeton & Waverley - Rotherham 027",19.35639316,E08000018,Rotherham
E02004027,Grange-over-Sands & Cartmel Peninsula - South Lakeland 013,19.35634245,E06000064,Westmorland and Furness
E02007023,Westbury North & West - Wiltshire 063,19.35063716,E06000054,Wiltshire
E02000404,Scotch Estate - Haringey 008,19.34311895,E09000014,Haringey
E02000628,Brixton North - Lambeth 011,19.33047902,E09000022,Lambeth
E02003397,Tilehurst South - Reading 009,19.32816902,E06000038,Reading
E02001652,Highfield & Lowfield - Sheffield 042,19.3198275,E08000039,Sheffield
E02005890,Eakring & Ling Forest - Mansfield 011,19.31229543,E07000174,Mansfield
E02003479,Oldbrook & Coffee Hall - Milton Keynes 021,19.30806165,E06000042,Milton Keynes
E02000019,Goresbrook & Scrattons Farm - Barking and Dagenham 018,19.30795029,E09000002,Barking and Dagenham
E02000580,Portobello - Kensington and Chelsea 004,19.3075659,E09000020,Kensington and Chelsea
E02004953,Shephall - Stevenage 010,19.30489727,E07000243,Stevenage
E02000522,West Drayton West - Hillingdon 029,19.30119932,E09000017,Hillingdon
E02006758,Honeybourne & Littleton - Wychavon 011,19.29663635,E07000238,Wychavon
E02003188,Central Bournemouth - Bournemouth 017,19.28708805,E06000058,"Bournemouth, Christchurch and Poole"
E02005612,"Rowlett, Gretton & Cottingham - Corby 001",19.28299235,E06000061,North Northamptonshire
E02003955,Newquay East - Cornwall 021,19.28004414,E06000052,Cornwall
E02006227,"Lavenham, Bildeston & Brettenham - Babergh 001",19.26900981,E07000200,Babergh
E02005347,Loughborough Storer & Queen's Park - Charnwood 003,19.2689887,E07000130,Charnwood
E02005093,West Kingsdown - Sevenoaks 007,19.26264049,E07000111,Sevenoaks
E02002405,Pudsey South West - Leeds 076,19.26073112,E08000035,Leeds
E02003004,"Pensford, Clutton & Temple Cloud - Bath and North East Somerset 020",19.25754135,E06000022,Bath and North East Somerset
E02006639,Potterne & Rowde - Wiltshire 028,19.24856416,E06000054,Wiltshire
E02002204,"Cottingley, Harden & Wilsden - Bradford 022",19.24843689,E08000032,Bradford
E02002358,Whinmoor - Leeds 029,19.24660899,E08000035,Leeds
E02006783,Downham East - Lewisham 037,19.24073385,E09000023,Lewisham
E02006170,Madeley & Betley - Newcastle-under-Lyme 013,19.2357294,E07000195,Newcastle-under-Lyme
E02006857,St Anthony's Hill - Eastbourne 013,19.23107273,E07000061,Eastbourne
E02006149,Lichfield Central - Lichfield 004,19.22968238,E07000194,Lichfield
E02006225,Dosthill & Two Gates - Tamworth 009,19.22891525,E07000199,Tamworth
E02004505,Rettendon & Runwell - Chelmsford 021,19.22466296,E07000070,Chelmsford
E02001890,Edgbaston North - Birmingham 064,19.2154472,E08000025,Birmingham
E02006893,Westerhope - Newcastle upon Tyne 031,19.20834439,E08000021,Newcastle upon Tyne
E02004516,New Town & Hythe - Colchester 011,19.20794167,E07000071,Colchester
E02000779,Ilford North West - Redbridge 029,19.19130068,E09000026,Redbridge
E02004161,Wonford & St Loye's - Exeter 013,19.19082315,E07000041,Exeter
E02005641,Rothwell - Kettering 003,19.19022875,E06000061,North Northamptonshire
E02003046,St Annes - Bristol 035,19.18973311,E06000023,"Bristol, City of"
E02003472,Central Milton Keynes & Newlands - Milton Keynes 014,19.17455227,E06000042,Milton Keynes
E02003602,"Blunham, Caldecote & Broom - Central Bedfordshire 004",19.16882589,E06000056,Central Bedfordshire
E02003178,East Howe & Ensbury Park - Bournemouth 007,19.15025306,E06000058,"Bournemouth, Christchurch and Poole"
E02006249,Christchurch Park - Ipswich 005,19.14866267,E07000202,Ipswich
E02004448,"Hedingham, Gosfield & Greenstead Green - Braintree 003",19.14347271,E07000067,Braintree
E02005594,Town Close - Norwich 011,19.13510026,E07000148,Norwich
E02000314,West Thamesmead - Greenwich 002,19.13360051,E09000011,Greenwich
E02005827,Kirkby Larwood & Kingsway - Ashfield 009,19.13058222,E07000170,Ashfield
E02004456,Braintree South - Braintree 011,19.12525085,E07000067,Braintree
E02005206,St Annes North & Airport - Fylde 004,19.10375508,E07000119,Fylde
E02004026,Ulverston - South Lakeland 012,19.10346299,E06000064,Westmorland and Furness
E02003133,Higher Compton & Eggbuckland - Plymouth 012,19.10190773,E06000026,Plymouth
E02004547,Little Parndon & Hare Street - Harlow 004,19.07983544,E07000073,Harlow
E02004396,"Westfield, Fairlight & Broad Oak - Rother 005",19.06867708,E07000064,Rother
E02004799,New Milton East - New Forest 021,19.05402695,E07000091,New Forest
E02003087,"Hutton, Locking & Banwell - North Somerset 023",19.05368576,E06000024,North Somerset
E02000116,Roundwood Park - Brent 024,19.03609549,E09000005,Brent
E02005662,Phippsville - Northampton 013,19.02302541,E06000062,West Northamptonshire
E02004233,Tavistock - West Devon 005,19.01024,E07000047,West Devon
E02007004,Purfleet - Thurrock 021,19.00736673,E06000034,Thurrock
E02006188,Fulford & Meir Heath - Stafford 001,18.99822046,E07000197,Stafford
E02006798,New Cross & Deptford South - Lewisham 039,18.9927765,E09000023,Lewisham
E02000068,Erith East - Bexley 004,18.99133371,E09000004,Bexley
E02006676,"Tisbury, Donhead & Tollard Royal - Wiltshire 061",18.98145646,E06000054,Wiltshire
E02000817,South Bermondsey East - Southwark 011,18.98063933,E09000028,Southwark
E02006731,Oakenshaw - Redditch 011,18.97991435,E07000236,Redditch
E02000008,Becontree East - Barking and Dagenham 007,18.96647834,E09000002,Barking and Dagenham
E02004656,Stroud Town - Stroud 006,18.9611297,E07000082,Stroud
E02004186,Roundswell & Landkey - North Devon 012,18.9592195,E07000043,North Devon
E02004946,Martins Wood - Stevenage 003,18.95231322,E07000243,Stevenage
E02005752,"Brompton, Appleton & Thimbleby - Hambleton 003",18.93973829,E06000065,North Yorkshire
E02003945,"Towednack, Lelant & Carbis Bay - Cornwall 058",18.92618608,E06000052,Cornwall
E02004626,"Dymock, Hartpury & Huntley - Forest of Dean 001",18.9137751,E07000080,Forest of Dean
E02005234,Lancaster Central - Lancaster 014,18.9124268,E07000121,Lancaster
E02000840,Middleton Circle - Sutton 001,18.91199522,E09000029,Sutton
E02000357,Hackney Marshes - Hackney 013,18.91109534,E09000012,Hackney
E02005201,Coppull - Chorley 013,18.90655927,E07000118,Chorley
E02005415,South Wigston - Oadby and Wigston 006,18.88615254,E07000135,Oadby and Wigston
E02003939,Wadebridge - Cornwall 009,18.88111692,E06000052,Cornwall
E02006112,Dowslands & Blackdown - Taunton Deane 014,18.86482371,E06000066,Somerset
E02000466,Havering-atte-Bower & Chase Cross - Havering 003,18.85881824,E09000016,Havering
E02003078,Congresbury & Kewstoke - North Somerset 014,18.85033346,E06000024,North Somerset
E02000876,Bethnal Green South - Tower Hamlets 013,18.84435599,E09000030,Tower Hamlets
E02000828,Peckham North - Southwark 022,18.83779051,E09000028,Southwark
E02000782,Ilford South West - Redbridge 032,18.83504447,E09000026,Redbridge
E02000074,Lesney Farm & Colyers East - Bexley 010,18.81491156,E09000004,Bexley
E02006263,"Fressingfield, Laxfield & Worlingworth - Mid Suffolk 003",18.81141898,E07000203,Mid Suffolk
E02002706,Cottingham East - East Riding of Yorkshire 023,18.81113419,E06000011,East Riding of Yorkshire
E02005645,Kettering Town & West - Kettering 007,18.80175053,E06000061,North Northamptonshire
E02001906,Quinton Ridgacre - Birmingham 080,18.78954685,E08000025,Birmingham
E02001243,Stalybridge South - Tameside 015,18.78635001,E08000008,Tameside
E02005078,"Harrietsham, Hollingbourne & Lenham - Maidstone 011",18.77782123,E07000110,Maidstone
E02005524,Spixworth & St Faiths - Broadland 005,18.77534386,E07000144,Broadland
E02006748,Hartlebury & Wychbold - Wychavon 001,18.74406181,E07000238,Wychavon
E02001469,Wallasey Village - Wirral 003,18.73666669,E08000015,Wirral
E02006856,Canterbury Central & Westgate - Canterbury 020,18.73141284,E07000106,Canterbury
E02006122,Hednesford Central - Cannock Chase 005,18.72447297,E07000192,Cannock Chase
E02005062,Riverview Park - Gravesham 008,18.72321874,E07000109,Gravesham
E02004040,Heanor Gate & Aldercar - Amber Valley 012,18.72016229,E07000032,Amber Valley
E02004252,Wimborne Minster - East Dorset 010,18.71889489,E06000059,Dorset
E02004282,Preston & Lodmoor - Weymouth and Portland 002,18.7140076,E06000059,Dorset
E02001995,Whitley & Tollbar End - Coventry 038,18.70378064,E08000026,Coventry
E02005027,"Bridge, Bishopsbourne & Barham - Canterbury 018",18.68557689,E07000106,Canterbury
E02005121,Iwade & Kemsley - Swale 007,18.68037085,E07000113,Swale
E02006181,Bilbrook - South Staffordshire 008,18.67017428,E07000196,South Staffordshire
E02000348,Stamford Hill South - Hackney 004,18.66987119,E09000012,Hackney
E02000887,Poplar West - Tower Hamlets 024,18.65942547,E09000030,Tower Hamlets
E02000874,Bethnal Green Central - Tower Hamlets 011,18.65836918,E09000030,Tower Hamlets
E02004059,Brimington South & Tapton - Chesterfield 005,18.64882306,E07000034,Chesterfield
E02003207,Hamworthy West - Poole 014,18.63777264,E06000058,"Bournemouth, Christchurch and Poole"
E02006312,Worlingham & Barnby - Waveney 011,18.63518434,E07000244,East Suffolk
E02006274,"Ixworth, Honington & Barnham - St Edmundsbury 002",18.62200909,E07000245,West Suffolk
E02007029,"Bakewell South, Darley Dale & Youlgreave - Derbyshire Dales 011",18.62076867,E07000035,Derbyshire Dales
E02003186,Springbourne & Queen's Park - Bournemouth 015,18.61769813,E06000058,"Bournemouth, Christchurch and Poole"
E02006642,Netheravon & Upavon - Wiltshire 038,18.60320501,E06000054,Wiltshire
E02002026,Amblecote East - Dudley 027,18.6032046,E08000027,Dudley
E02006542,Arundel - Arun 001,18.59999729,E07000224,Arun
E02000002,Marks Gate - Barking and Dagenham 001,18.59716893,E09000002,Barking and Dagenham
E02005033,Stone & Crossways - Dartford 006,18.59279022,E07000107,Dartford
E02002780,Clifton North - York 009,18.58087398,E06000014,York
E02006885,West Cliff - Bournemouth 024,18.57581257,E06000058,"Bournemouth, Christchurch and Poole"
E02002339,Yeadon West - Leeds 010,18.57440734,E08000035,Leeds
E02002934,Apley & Leegomery - Telford and Wrekin 007,18.57226293,E06000020,Telford and Wrekin
E02003631,Kempston North - Bedford 016,18.5702541,E06000055,Bedford
E02002922,"Fownhope, Tarrington & Marcle - Herefordshire 018",18.54915447,E06000019,"Herefordshire, County of"
E02001612,Deepcar & Bolsterstone - Sheffield 002,18.53975569,E08000039,Sheffield
E02006212,Werrington & Wetley Rocks - Staffordshire Moorlands 009,18.53663554,E07000198,Staffordshire Moorlands
E02001306,Worsley Mesnes & Hawkley - Wigan 020,18.53156528,E08000010,Wigan
E02003999,Garlands & Dalston - Carlisle 013,18.50452228,E06000063,Cumberland
E02000212,Broad Green & Waddon Marsh - Croydon 019,18.49644601,E09000008,Croydon
E02005409,Ibstock & Ellistown - North West Leicestershire 013,18.49474192,E07000134,North West Leicestershire
E02000554,Highcroft & Holly Park - Islington 001,18.4939061,E09000019,Islington
E02006540,Marsh Barn & Widewater - Adur 007,18.49230913,E07000223,Adur
E02002053,Hamstead East - Sandwell 011,18.48935774,E08000028,Sandwell
E02000300,Haslebury North - Enfield 024,18.48273537,E09000010,Enfield
E02003624,De Parys - Bedford 009,18.48254683,E06000055,Bedford
E02000731,East Ham Central - Newham 018,18.47449055,E09000025,Newham
E02001480,Hoylake - Wirral 014,18.46487866,E08000015,Wirral
E02002750,"Goxhill, Barrow & New Holland - North Lincolnshire 002",18.46097847,E06000013,North Lincolnshire
E02003303,Aveley - Thurrock 008,18.43844957,E06000034,Thurrock
E02006546,Angmering South - Arun 005,18.43157619,E07000224,Arun
E02001081,Beech Road & Chorlton Meadows - Manchester 037,18.42636126,E08000003,Manchester
E02003234,Eldene & Dorcan - Swindon 023,18.42368726,E06000030,Swindon
E02002607,Central Warrington - Warrington 018,18.42352719,E06000007,Warrington
E02001438,Hillside - Sefton 010,18.42241027,E08000014,Sefton
E02001946,Northfield Victoria Common - Birmingham 120,18.41959128,E08000025,Birmingham
E02006136,"Abbots Bromley, Yoxall & Marchington - East Staffordshire 006",18.38794951,E07000193,East Staffordshire
E02001930,Kings Heath - Birmingham 104,18.38198783,E08000025,Birmingham
E02001975,Ravensdale - Coventry 018,18.38135627,E08000026,Coventry
E02004016,Windermere South & Staveley - South Lakeland 002,18.37377207,E06000064,Westmorland and Furness
E02001609,Anston & Woodsetts - Rotherham 032,18.37000296,E08000018,Rotherham
E02002594,Oakwood & Gorse Covert - Warrington 005,18.3646795,E06000007,Warrington
E02002723,Goole West - East Riding of Yorkshire 040,18.36400445,E06000011,East Riding of Yorkshire
E02004255,Gillingham - North Dorset 001,18.35660635,E06000059,Dorset
E02001277,Broadheath & Firsway - Trafford 019,18.3537258,E08000009,Trafford
E02001426,Rainhill North - St. Helens 021,18.34003388,E08000013,St. Helens
E02005016,Whitstable Central & Tankerton - Canterbury 007,18.33742425,E07000106,Canterbury
E02001898,Lyndon Green - Birmingham 072,18.33637845,E08000025,Birmingham
E02004156,Central Exeter - Exeter 008,18.33488132,E07000041,Exeter
E02006261,"Eye, Palgrave & Occold - Mid Suffolk 001",18.32207687,E07000203,Mid Suffolk
E02000969,Westbourne - Westminster 010,18.31853347,E09000033,Westminster
E02003651,Caddington & Slip End - Central Bedfordshire 033,18.30328275,E06000056,Central Bedfordshire
E02003281,Belfairs - Southend-on-Sea 003,18.2996717,E06000033,Southend-on-Sea
E02006265,"Stowupland, Mendlesham & Bacton - Mid Suffolk 005",18.29161374,E07000203,Mid Suffolk
E02006689,"Steeple Ashton, North Bradley & Southwick - Wiltshire 037",18.27990615,E06000054,Wiltshire
E02005386,Hinckley Central - Hinckley and Bosworth 010,18.27915925,E07000132,Hinckley and Bosworth
E02005705,Rothbury & Longframlington - Northumberland 007,18.25944546,E06000057,Northumberland
E02006945,Steeton & Silsden Rural - Bradford 062,18.23673994,E08000032,Bradford
E02001631,Malin Bridge & Wisewood - Sheffield 021,18.22922198,E08000039,Sheffield
E02005764,Ripon South & East - Harrogate 004,18.2195111,E06000065,North Yorkshire
E02006776,Spennells & Hoobrook - Wyre Forest 010,18.19907685,E07000239,Wyre Forest
E02006283,"Kedington, Hundon & Withersfield - St Edmundsbury 011",18.19156453,E07000245,West Suffolk
E02004200,"Salcombe, Malborough & Thurlestone - South Hams 012",18.17298163,E07000044,South Hams
E02005064,Higham & Shorne - Gravesham 010,18.17049391,E07000109,Gravesham
E02001430,Marshside - Sefton 002,18.16601474,E08000014,Sefton
E02005604,"Loddon, Surlingham & Alpington - South Norfolk 008",18.15871442,E07000149,South Norfolk
E02007078,Andover South East - Test Valley 018,18.15435018,E07000093,Test Valley
E02004086,Borrowash & Ockbrook - Erewash 009,18.13980812,E07000036,Erewash
E02001209,Davenport - Stockport 023,18.12998509,E08000007,Stockport
E02000557,Archway West - Islington 004,18.1278661,E09000019,Islington
E02007009,Central Lewisham South - Lewisham 041,18.12714063,E09000023,Lewisham
E02001931,Wake Green East & Moseley Bog - Birmingham 105,18.12704667,E08000025,Birmingham
E02005923,Banbury Neithrop - Cherwell 003,18.12665439,E07000177,Cherwell
E02002757,Scunthorpe Berkeley - North Lincolnshire 009,18.12207203,E06000013,North Lincolnshire
E02004207,Heathfield & Liverton - Teignbridge 007,18.11997056,E07000045,Teignbridge
E02005897,Blisthorpe & Farnsfield - Newark and Sherwood 005,18.11115622,E07000175,Newark and Sherwood
E02003008,Radstock - Bath and North East Somerset 024,18.11054935,E06000022,Bath and North East Somerset
E02001694,Dunston Hill - Gateshead 013,18.10793653,E08000037,Gateshead
E02002258,Clifton & Bailiff Bridge - Calderdale 015,18.10565121,E08000033,Calderdale
E02005609,Harleston & Pulham - South Norfolk 013,18.09216726,E07000149,South Norfolk
E02004295,Great Lumley & Bournmoor - County Durham 015,18.09062605,E06000047,County Durham
E02000655,New Cross Gate - Lewisham 003,18.08841785,E09000023,Lewisham
E02003132,"Ham, Beacon Park & Pennycross - Plymouth 011",18.08773423,E06000026,Plymouth
E02002631,South Darwen & Whitehall - Blackburn with Darwen 017,18.08271821,E06000008,Blackburn with Darwen
E02006266,"Elmswell South, Haughley, Beyton & Felsham - Mid Suffolk 006",18.08027713,E07000203,Mid Suffolk
E02003238,Werrington - Peterborough 002,18.07609766,E06000031,Peterborough
E02005396,"Waltham, Wymondham & Great Dalby - Melton 006",18.07596522,E07000133,Melton
E02006211,Endon & Brown Edge - Staffordshire Moorlands 008,18.07219694,E07000198,Staffordshire Moorlands
E02003897,Saltash Latchbrook & St Stephens - Cornwall 022,18.06623033,E06000052,Cornwall
E02002769,Messingham & Scawby - North Lincolnshire 021,18.06112043,E06000013,North Lincolnshire
E02002028,Wollaston - Dudley 029,18.0535048,E08000027,Dudley
E02004478,Hadleigh South - Castle Point 006,18.05170329,E07000069,Castle Point
E02002408,Pudsey South East - Leeds 079,18.0508231,E08000035,Leeds
E02000414,Bruce Grove South - Haringey 018,18.04961899,E09000014,Haringey
E02006850,Leicester City South - Leicester 040,18.04847914,E06000016,Leicester
E02001007,Little Lever - Bolton 024,18.04691177,E08000001,Bolton
E02006165,Porthill - Newcastle-under-Lyme 008,18.0461912,E07000195,Newcastle-under-Lyme
E02000821,Burgess Park - Southwark 015,18.04315925,E09000028,Southwark
E02005017,Whitstable West - Canterbury 008,18.02160883,E07000106,Canterbury
E02002913,"Colwall, Cradley & Wellington Heath - Herefordshire 009",18.01941006,E06000019,"Herefordshire, County of"
E02005408,Measham & Appleby Magna - North West Leicestershire 012,18.01781351,E07000134,North West Leicestershire
E02006551,East Preston & Rustington East - Arun 010,18.01776313,E07000224,Arun
E02004251,Ferndown West & Canford Bottom - East Dorset 009,18.01488541,E06000059,Dorset
E02002041,Pedmore Fields - Dudley 042,18.01473445,E08000027,Dudley
E02001205,Heaviley - Stockport 019,18.00866608,E08000007,Stockport
E02001189,Central Reddish - Stockport 003,18.00740639,E08000007,Stockport
E02006952,City Centre & Harbourside - Bristol 061,18.00390062,E06000023,"Bristol, City of"
E02003410,Baylis & Stoke - Slough 004,17.99330959,E06000039,Slough
E02001470,Wallasey Central - Wirral 004,17.99252011,E08000015,Wirral
E02002980,Hanford & Trentham West - Stoke-on-Trent 030,17.98408057,E06000021,Stoke-on-Trent
E02003282,Prittlewell - Southend-on-Sea 004,17.98406543,E06000033,Southend-on-Sea
E02003737,Soham - East Cambridgeshire 006,17.98094446,E07000009,East Cambridgeshire
E02003052,Ashton - Bristol 041,17.98086695,E06000023,"Bristol, City of"
E02004179,Braunton - North Devon 005,17.97278903,E07000043,North Devon
E02002983,Meir Park - Stoke-on-Trent 033,17.96835,E06000021,Stoke-on-Trent
E02003488,Bletchley East - Milton Keynes 030,17.95974092,E06000042,Milton Keynes
E02001492,West Kirby - Wirral 026,17.95382544,E08000015,Wirral
E02004855,Waltham Cross Town - Broxbourne 013,17.94951795,E07000095,Broxbourne
E02004009,"Hesket, Lazonby & Skelton - Eden 002",17.94550903,E06000064,Westmorland and Furness
E02004390,Seaford Eastbourne Road - Lewes 012,17.94415508,E07000063,Lewes
E02006496,Town East - Rugby 005,17.94382264,E07000220,Rugby
E02005401,"Packington, Ravenstone & Coleorton - North West Leicestershire 005",17.94303725,E07000134,North West Leicestershire
E02000017,Barking East - Barking and Dagenham 016,17.9426013,E09000002,Barking and Dagenham
E02003267,Montrose Avenue - Luton 010,17.94239615,E06000032,Luton
E02006717,Kempsey & Ryall - Malvern Hills 008,17.94165454,E07000235,Malvern Hills
E02006497,New Bilton - Rugby 006,17.9281834,E07000220,Rugby
E02005831,Hucknall North & East - Ashfield 013,17.92643332,E07000170,Ashfield
E02004194,Loddiswell & Dartington - South Hams 006,17.92638678,E07000044,South Hams
E02000903,Higham Hill - Waltham Forest 009,17.91932996,E09000031,Waltham Forest
E02004385,Peacehaven West - Lewes 007,17.91862688,E07000063,Lewes
E02004526,West Mersea - Colchester 021,17.90740609,E07000071,Colchester
E02004043,Kilburn & Horsley - Amber Valley 015,17.90184891,E07000032,Amber Valley
E02004421,Polegate - Wealden 019,17.89986365,E07000065,Wealden
E02001821,Hall Farm - Sunderland 031,17.8894955,E08000024,Sunderland
E02001293,New Springs - Wigan 007,17.88878513,E08000010,Wigan
E02005383,Barwell - Hinckley and Bosworth 007,17.88782903,E07000132,Hinckley and Bosworth
E02004318,High Shincliffe & Bowburn - County Durham 041,17.88156774,E06000047,County Durham
E02000317,Woolwich West - Greenwich 005,17.87093653,E09000011,Greenwich
E02002616,Lammack & Revidge - Blackburn with Darwen 002,17.87083979,E06000008,Blackburn with Darwen
E02001663,Meersbrook - Sheffield 053,17.8671179,E08000039,Sheffield
E02005394,Melton Mowbray West - Melton 004,17.85274644,E07000133,Melton
E02004038,Belper Town - Amber Valley 010,17.84668271,E07000032,Amber Valley
E02005009,Hamstreet & Isle of Oxney - Ashford 014,17.844682,E07000105,Ashford
E02004529,"Fyfield, High Ongar & Stapleford Abbotts - Epping Forest 003",17.84284833,E07000072,Epping Forest
E02006086,Yeovil Lufton & Hollands - South Somerset 012,17.84025521,E06000066,Somerset
E02003036,Kingsdown & Stokes Croft - Bristol 025,17.83995819,E06000023,"Bristol, City of"
E02006995,East Village - Newham 038,17.83449294,E09000025,Newham
E02001743,Whitley Bay Promenade - North Tyneside 006,17.83090628,E08000022,North Tyneside
E02005103,Hawkinge - Shepway 002,17.81640266,E07000112,Folkestone and Hythe
E02006788,South Norwood Park - Croydon 045,17.79836869,E09000008,Croydon
E02007043,Northallerton Town & Romanby - Hambleton 013,17.78694146,E06000065,North Yorkshire
E02006765,"Broadway, Wickhamford & Sedgeberrow - Wychavon 018",17.7616169,E07000238,Wychavon
E02004075,"Ashbourne North, Dovedale & Carsington - Derbyshire Dales 008",17.76001109,E07000035,Derbyshire Dales
E02006106,Bishop's Hull & North Fitzwarren - Taunton Deane 008,17.75164983,E06000066,Somerset
E02006556,Felpham - Arun 015,17.7445141,E07000224,Arun
E02000294,Ponders End South - Enfield 018,17.73645488,E09000010,Enfield
E02006285,Haverhill West - St Edmundsbury 013,17.73277785,E07000245,West Suffolk
E02001276,Sale Moor - Trafford 018,17.72163308,E08000009,Trafford
E02006537,Kingston & Southwick - Adur 004,17.71678012,E07000223,Adur
E02002691,Driffield West & Huggate - East Riding of Yorkshire 008,17.71280902,E06000011,East Riding of Yorkshire
E02006189,"Barlaston, Tittensor & Swynnerton - Stafford 002",17.70716545,E07000197,Stafford
E02004512,Central Colchester - Colchester 007,17.70115662,E07000071,Colchester
E02001563,Bessacarr Bawtry Road - Doncaster 025,17.69848355,E08000017,Doncaster
E02004015,"Windermere North, Ambleside & Langdales - South Lakeland 001",17.68660479,E06000064,Westmorland and Furness
E02000880,Whitechapel - Tower Hamlets 017,17.68335764,E09000030,Tower Hamlets
E02002116,Aldridge North - Walsall 007,17.67014347,E08000030,Walsall
E02005659,Westone - Northampton 010,17.66866442,E06000062,West Northamptonshire
E02003927,"Ponsanooth, Mabe Burnthouse & Constantine - Cornwall 066",17.65483435,E06000052,Cornwall
E02002259,Savile Park - Calderdale 016,17.65448868,E08000033,Calderdale
E02000354,Hackney Downs - Hackney 010,17.64714196,E09000012,Hackney
E02005301,Leyland South West - South Ribble 015,17.64237545,E07000126,South Ribble
E02005063,Gravesend South & Coldharbour - Gravesham 009,17.63331099,E07000109,Gravesham
E02006580,Ifield & Gossops Green - Crawley 006,17.6222643,E07000226,Crawley
E02000682,Forster Park & Southend - Lewisham 030,17.61926843,E09000023,Lewisham
E02000882,Limehouse North & Stepney East - Tower Hamlets 019,17.61486207,E09000030,Tower Hamlets
E02006655,Derry Hill & Hilmarton - Wiltshire 013,17.60118687,E06000054,Wiltshire
E02000422,West Green & St Ann's - Haringey 026,17.59571531,E09000014,Haringey
E02004557,Heybridge - Maldon 003,17.5917632,E07000074,Maldon
E02001690,Swalwell - Gateshead 009,17.58673759,E08000037,Gateshead
E02004790,Ringwood South - New Forest 012,17.56519326,E07000091,New Forest
E02004401,Kewhurst - Rother 010,17.56391721,E07000064,Rother
E02001957,West Heath - Birmingham 131,17.56198427,E08000025,Birmingham
E02000246,Kingshill Avenue - Ealing 009,17.55856747,E09000009,Ealing
E02001484,Upton West - Wirral 018,17.55421859,E08000015,Wirral
E02006132,Uttoxeter Heath - East Staffordshire 002,17.55335034,E07000193,East Staffordshire
E02005328,Cleveleys East - Wyre 010,17.54411022,E07000128,Wyre
E02005611,Diss & Roydon - South Norfolk 015,17.53574036,E07000149,South Norfolk
E02005221,"Carnforth, Silverdale & Warton - Lancaster 001",17.5311672,E07000121,Lancaster
E02000279,Enfield Lock - Enfield 003,17.53104964,E09000010,Enfield
E02005292,Lower Penwortham South - South Ribble 006,17.52208348,E07000126,South Ribble
E02006022,Shawbury & Weston - Shropshire 013,17.50546483,E06000051,Shropshire
E02006922,Parson's Heath - Colchester 022,17.5043296,E07000071,Colchester
E02000870,Bethnal Green East - Tower Hamlets 007,17.50108574,E09000030,Tower Hamlets
E02005782,North Richmondshire - Richmondshire 001,17.49620278,E06000065,North Yorkshire
E02004320,Seaham Northlea & Westlea - County Durham 016,17.49571012,E06000047,County Durham
E02002770,Kirkton & Hibaldstow - North Lincolnshire 022,17.49040858,E06000013,North Lincolnshire
E02002847,Crown Hills - Leicester 021,17.48460466,E06000016,Leicester
E02002429,Rothwell Outer - Leeds 100,17.46917126,E08000035,Leeds
E02002560,Harrowgate Hill - Darlington 002,17.46580522,E06000005,Darlington
E02003664,Gatehouse - Aylesbury Vale 013,17.4652335,E06000060,Buckinghamshire
E02005807,Ayton & Snainton - Scarborough 013,17.46279949,E06000065,North Yorkshire
E02003907,St Agnes & Mount Hawke - Cornwall 040,17.44963987,E06000052,Cornwall
E02006175,Huntington - South Staffordshire 002,17.44819864,E07000196,South Staffordshire
E02004218,Kingskerswell - Teignbridge 018,17.44804211,E07000045,Teignbridge
E02000217,Croydon Minster & Waddon North - Croydon 024,17.44783411,E09000008,Croydon
E02005944,Barton - Oxford 005,17.44332069,E07000178,Oxford
E02006917,Castlefield & Deansgate - Manchester 060,17.43894741,E08000003,Manchester
E02003237,"Glinton, Northborough & Maxey - Peterborough 001",17.43450035,E06000031,Peterborough
E02006759,Pershore - Wychavon 012,17.43293092,E07000238,Wychavon
E02003396,Norcot South - Reading 008,17.42180811,E06000038,Reading
E02006294,Woodbridge - Suffolk Coastal 008,17.41535432,E07000244,East Suffolk
E02005374,Market Harborough Central - Harborough 008,17.41482551,E07000131,Harborough
E02002877,Sherwood Vale - Nottingham 010,17.40903192,E06000018,Nottingham
E02001455,Aintree West & Old Roan - Sefton 027,17.39463167,E08000014,Sefton
E02001983,Whoberley - Coventry 026,17.3933888,E08000026,Coventry
E02002266,Rastrick East - Calderdale 023,17.39061924,E08000033,Calderdale
E02001208,Cheadle East - Stockport 022,17.38832232,E08000007,Stockport
E02004192,"Marldon, Stoke Gabriel & Kingswear - South Hams 004",17.38511116,E07000044,South Hams
E02006626,Northbrook - Worthing 006,17.37586448,E07000229,Worthing
E02001118,Springhead & Grasscroft - Oldham 021,17.37391027,E08000004,Oldham
E02003311,Grays Chafford Gorges & Orsett Road - Thurrock 016,17.35736849,E06000034,Thurrock
E02003859,"Mobberley, Plumley & High Legh - Cheshire East 007",17.35527771,E06000049,Cheshire East
E02006697,"Dodford, Belbroughton & Romsley - Bromsgrove 002",17.35418198,E07000234,Bromsgrove
E02006631,Worthing Central - Worthing 011,17.34476647,E07000229,Worthing
E02006209,Leek South & Cheddleton - Staffordshire Moorlands 006,17.33503521,E07000198,Staffordshire Moorlands
E02006965,Humberstone & Hamilton South - Leicester 043,17.331614,E06000016,Leicester
E02002701,"Holme, Melbourne & Bubwith - East Riding of Yorkshire 018",17.32765346,E06000011,East Riding of Yorkshire
E02003263,Limbury - Luton 006,17.32278189,E06000032,Luton
E02005076,Tovil - Maidstone 009,17.31793718,E07000110,Maidstone
E02003057,Bishopsworth - Bristol 046,17.29837409,E06000023,"Bristol, City of"
E02004785,Lyndhurst & Minstead - New Forest 007,17.29817372,E07000091,New Forest
E02003261,Warden Hill - Luton 004,17.29380126,E06000032,Luton
E02005614,Corby Village & Weldon - Corby 003,17.28186723,E06000061,North Northamptonshire
E02003526,Cosham North - Portsmouth 003,17.28179068,E06000044,Portsmouth
E02005877,Carlton Hill - Gedling 013,17.26678309,E07000173,Gedling
E02002712,Hedon & Preston - East Riding of Yorkshire 029,17.26065886,E06000011,East Riding of Yorkshire
E02006471,Kingsbury & Curdworth - North Warwickshire 004,17.25328972,E07000218,North Warwickshire
E02005140,Broadstairs North - Thanet 009,17.25222355,E07000114,Thanet
E02006488,Bulkington - Nuneaton and Bedworth 014,17.24779677,E07000219,Nuneaton and Bedworth
E02001513,Darton & Kexborough - Barnsley 005,17.2428606,E08000038,Barnsley
E02000366,South Hackney - Hackney 022,17.24176325,E09000012,Hackney
E02001214,Gatley South & Cheadle West - Stockport 028,17.23274182,E08000007,Stockport
E02004572,Great Wakering & Foulness - Rochford 010,17.22854441,E07000075,Rochford
E02004418,Hailsham South & West - Wealden 016,17.22495321,E07000065,Wealden
E02002292,Bradley & North Fixby - Kirklees 022,17.22043159,E08000034,Kirklees
E02004263,Bere Regis & Lytchett Matravers - Purbeck 001,17.21838842,E06000059,Dorset
E02000266,Norwood Green North & Windmill Park - Ealing 029,17.21010469,E09000009,Ealing
E02004074,Wirksworth - Derbyshire Dales 007,17.20815065,E07000035,Derbyshire Dales
E02005293,Bamber Bridge West - South Ribble 007,17.2074697,E07000126,South Ribble
E02005397,Castle Donington - North West Leicestershire 001,17.20710203,E07000134,North West Leicestershire
E02003346,Horsted - Medway 033,17.19941215,E06000035,Medway
E02002391,"Farsley South, Stanningley & Pudsey North West - Leeds 062",17.19703076,E08000035,Leeds
E02002303,Oakes & South Lindley - Kirklees 033,17.19471507,E08000034,Kirklees
E02005007,"Great Chart, Bethersden & Woodchurch - Ashford 012",17.19192865,E07000105,Ashford
E02000260,Southall Park - Ealing 023,17.18814536,E09000009,Ealing
E02003112,Mangotsfield - South Gloucestershire 023,17.17474245,E06000025,South Gloucestershire
E02004132,Feniton & Whimple - East Devon 004,17.14570817,E07000040,East Devon
E02001040,Kirkhams & Holyrood - Bury 022,17.14474571,E08000002,Bury
E02006821,Drayton & Farlington - Portsmouth 026,17.14463686,E06000044,Portsmouth
E02000650,Gipsy Hill - Lambeth 033,17.12966117,E09000022,Lambeth
E02006754,Crowle & Tibberton - Wychavon 007,17.12504717,E07000238,Wychavon
E02004423,Willingdon - Wealden 021,17.11771202,E07000065,Wealden
E02003881,Greenbank - Cheshire West and Chester 020,17.1163887,E06000050,Cheshire West and Chester
E02003914,Penryn - Cornwall 060,17.11497746,E06000052,Cornwall
E02000022,Gascoigne Estate & Roding Riverside - Barking and Dagenham 021,17.11288963,E09000002,Barking and Dagenham
E02006718,Barnard's Green - Malvern Hills 009,17.105407,E07000235,Malvern Hills
E02005895,"Muskham, Sutton on Trent & Walesby - Newark and Sherwood 003",17.1027185,E07000175,Newark and Sherwood
E02003981,Parkside - Barrow-in-Furness 005,17.10131922,E06000064,Westmorland and Furness
E02004447,"Bures Hamlet, Maplestead & Belchamp - Braintree 002",17.09882531,E07000067,Braintree
E02005794,"Sheriff Hutton, Slingsby & Swinton - Ryedale 007",17.09774296,E06000065,North Yorkshire
E02001777,Hebburn West - South Tyneside 010,17.09578149,E08000023,South Tyneside
E02006171,Clayton & Langdale - Newcastle-under-Lyme 014,17.08648797,E07000195,Newcastle-under-Lyme
E02004683,Houndmills & Oakridge - Basingstoke and Deane 009,17.08638348,E07000084,Basingstoke and Deane
E02001042,Prestwich Central - Bury 024,17.07876883,E08000002,Bury
E02006872,Chapel-en-le-Frith & Hope Valley - High Peak 013,17.07385899,E07000037,High Peak
E02001073,Chorlton North - Manchester 029,17.06191862,E08000003,Manchester
E02005306,"Scarisbrick, Hascall & Haskayne - West Lancashire 003",17.04814089,E07000127,West Lancashire
E02001440,Ainsdale West - Sefton 012,17.04338796,E08000014,Sefton
E02006904,City Centre & Trent Bridge - Nottingham 039,17.03948309,E06000018,Nottingham
E02002817,Normanton West - Derby 022,17.0267648,E06000015,Derby
E02000011,Dagenham Eastbrook - Barking and Dagenham 010,17.02234176,E09000002,Barking and Dagenham
E02000493,Rainham West - Havering 030,17.01714062,E09000016,Havering
E02000331,Hornfair Park - Greenwich 019,16.97578892,E09000011,Greenwich
E02006657,Calne North - Wiltshire 015,16.96863206,E06000054,Wiltshire
E02006229,North Sudbury & Long Melford - Babergh 003,16.96597802,E07000200,Babergh
E02006228,Glemsford & Lawshall - Babergh 002,16.95568238,E07000200,Babergh
E02006548,Rustington North - Arun 007,16.93029406,E07000224,Arun
E02006996,Carpenters Estate & Stratford New Town - Newham 039,16.92786424,E09000025,Newham
E02004400,"Collington, Cooden & Little Common - Rother 009",16.92618145,E07000064,Rother
E02002432,Methley - Leeds 103,16.9169149,E08000035,Leeds
E02004090,Breaston & Draycott - Erewash 013,16.91167059,E07000036,Erewash
E02000551,Hanworth North - Hounslow 026,16.90985956,E09000018,Hounslow
E02006435,Nutfield & Bletchingley - Tandridge 008,16.90770135,E07000215,Tandridge
E02006877,Hargate & Orton Longueville - Peterborough 022,16.90565635,E06000031,Peterborough
E02006205,Biddulph Moor & Rudyard - Staffordshire Moorlands 002,16.8947581,E07000198,Staffordshire Moorlands
E02005484,"Harlaxton, Colsterworth & South Witham - South Kesteven 009",16.89080768,E07000141,South Kesteven
E02000737,East Ham South - Newham 024,16.88692509,E09000025,Newham
E02000783,Loxford Park - Redbridge 033,16.88077206,E09000026,Redbridge
E02004066,Spital & Hasland - Chesterfield 012,16.87953099,E07000034,Chesterfield
E02005787,"Leyburn, Middleham & Tunstall - Richmondshire 006",16.86861144,E06000065,North Yorkshire
E02000997,Horwich East - Bolton 014,16.85607049,E08000001,Bolton
E02001925,Selly Oak Park & Lodge Hill - Birmingham 099,16.84928205,E08000025,Birmingham
E02006230,Hadleigh - Babergh 004,16.84162869,E07000200,Babergh
E02005529,Hellesdon North West - Broadland 010,16.83924573,E07000144,Broadland
E02000411,Tottenham Lea Valley - Haringey 015,16.83483493,E09000014,Haringey
E02004145,Budleigh Salterton - East Devon 017,16.82892124,E07000040,East Devon
E02006128,Cannock West & Mill Green - Cannock Chase 011,16.81898983,E07000192,Cannock Chase
E02005748,"Carleton, Cowling & Cononley - Craven 007",16.81020481,E06000065,North Yorkshire
E02004681,Popley - Basingstoke and Deane 007,16.80874054,E07000084,Basingstoke and Deane
E02006714,"Colletts Green, Callow End & Hanley - Malvern Hills 005",16.80297479,E07000235,Malvern Hills
E02004457,Silver End & Stisted - Braintree 012,16.78808092,E07000067,Braintree
E02002322,Marsden & Pole Moor - Kirklees 052,16.7796884,E08000034,Kirklees
E02000732,East Ham West - Newham 019,16.77107305,E09000025,Newham
E02001614,Chapeltown - Sheffield 004,16.76511783,E08000039,Sheffield
E02004272,"Charlton Down, Cerne Abbas & Puddletown - West Dorset 004",16.7503312,E06000059,Dorset
E02005601,Wymondham West - South Norfolk 005,16.73866334,E07000149,South Norfolk
E02004437,Laindon West & Southfields - Basildon 014,16.73188114,E07000066,Basildon
E02000177,Chalk Farm - Camden 012,16.72945252,E09000007,Camden
E02002708,Cottingham South & North Ella - East Riding of Yorkshire 025,16.72661112,E06000011,East Riding of Yorkshire
E02005461,"Ruskington South, Leasingham & Osbournby - North Kesteven 009",16.72556803,E07000139,North Kesteven
E02004853,Churchgate - Broxbourne 011,16.72045666,E07000095,Broxbourne
E02003982,Roose - Barrow-in-Furness 006,16.70992614,E06000064,Westmorland and Furness
E02003285,Westborough - Southend-on-Sea 007,16.704214,E06000033,Southend-on-Sea
E02002716,Burstwick & Thorngumbald - East Riding of Yorkshire 033,16.70187583,E06000011,East Riding of Yorkshire
E02002929,Edgemond & Church Aston - Telford and Wrekin 002,16.69523482,E06000020,Telford and Wrekin
E02004702,Bordon & Lindford - East Hampshire 006,16.69184922,E07000085,East Hampshire
E02006151,Burntwood West - Lichfield 006,16.68613243,E07000194,Lichfield
E02004155,Heavitree East & Whipton South - Exeter 007,16.6833217,E07000041,Exeter
E02004433,Steeple View & Noak Bridge - Basildon 010,16.67252107,E07000066,Basildon
E02000530,North Hyde & North Cranford - Hounslow 005,16.65444632,E09000018,Hounslow
E02004650,Quedgeley South - Gloucester 015,16.64785197,E07000081,Gloucester
E02004298,"Benfieldside, Hamsterley & Medomsley - County Durham 003",16.64725988,E06000047,County Durham
E02006404,Stanwell South - Spelthorne 002,16.64479182,E07000213,Spelthorne
E02000275,Norwood Green South - Ealing 038,16.63051016,E09000009,Ealing
E02005655,Boothville & Spinney Hill - Northampton 006,16.61005765,E06000062,West Northamptonshire
E02006288,Framlingham & Hacheston - Suffolk Coastal 002,16.60383084,E07000244,East Suffolk
E02006673,Salisbury Cathedral & Harnham - Wiltshire 058,16.59818765,E06000054,Wiltshire
E02001554,Cusworth - Doncaster 016,16.5968632,E08000017,Doncaster
E02004561,"Mayland, Althorne & Cold Norton - Maldon 007",16.59618028,E07000074,Maldon
E02000872,Brick Lane North - Tower Hamlets 009,16.59238357,E09000030,Tower Hamlets
E02004394,"Burwash, Sedlescombe & Staplecross - Rother 003",16.59158486,E07000064,Rother
E02000818,Walworth North - Southwark 012,16.57476688,E09000028,Southwark
E02006436,Godstone - Tandridge 009,16.57030753,E07000215,Tandridge
E02004822,"Nether Wallop, Kings Somborne & Dunbridge - Test Valley 009",16.56671259,E07000093,Test Valley
E02003816,Congleton Town - Cheshire East 027,16.5591056,E06000049,Cheshire East
E02005555,Wootton - King's Lynn and West Norfolk 005,16.55671382,E07000146,King's Lynn and West Norfolk
E02007005,West Thurrock - Thurrock 022,16.54570226,E06000034,Thurrock
E02007002,"Wickersley South, Bramley South & Whiston - Rotherham 034",16.52319527,E08000018,Rotherham
E02003880,Weaverham - Cheshire West and Chester 019,16.50560486,E06000050,Cheshire West and Chester
E02005403,Whitwick - North West Leicestershire 007,16.49716919,E07000134,North West Leicestershire
E02004416,Herstmonceux & Ninfield - Wealden 014,16.49663489,E07000065,Wealden
E02006061,Cheddar & Axbridge - Sedgemoor 001,16.48952681,E06000066,Somerset
E02002834,Abbey Park - Leicester 008,16.48417126,E06000016,Leicester
E02005194,Chorley North - Chorley 006,16.47494972,E07000118,Chorley
E02000518,Yiewsley East - Hillingdon 025,16.47401886,E09000017,Hillingdon
E02003164,Preston & Shorton - Torbay 011,16.46612141,E06000027,Torbay
E02002745,Humberston - North East Lincolnshire 020,16.46590664,E06000012,North East Lincolnshire
E02004362,Roselands - Eastbourne 007,16.46528809,E07000061,Eastbourne
E02004667,Tewkesbury West & Twyning - Tewkesbury 002,16.46510734,E07000083,Tewkesbury
E02003810,"Churton, Farndon & Malpas - Cheshire West and Chester 047",16.46083674,E06000050,Cheshire West and Chester
E02001402,Aigburth & Grassendale - Liverpool 056,16.44958372,E08000012,Liverpool
E02003320,Chatham Maritime - Medway 007,16.449464,E06000035,Medway
E02006702,Catshill - Bromsgrove 007,16.44248058,E07000234,Bromsgrove
E02002416,"Garforth South, Swillington & Little Preston - Leeds 087",16.43705399,E08000035,Leeds
E02001023,Higher Woodhill - Bury 005,16.42270123,E08000002,Bury
E02006664,"Great Wishford, Woodford Valley & Porton - Wiltshire 049",16.41443042,E06000054,Wiltshire
E02001671,Hackenthorpe - Sheffield 061,16.41246815,E08000039,Sheffield
E02000865,Bethnal Green North East - Tower Hamlets 002,16.41126007,E09000030,Tower Hamlets
E02000247,Greenford West - Ealing 010,16.37548036,E09000009,Ealing
E02001019,Ramsbottom - Bury 001,16.37158189,E08000002,Bury
E02006705,Bromsgrove Sidemoor - Bromsgrove 010,16.3650015,E07000234,Bromsgrove
E02006291,Wickham Market & Melton - Suffolk Coastal 005,16.36372137,E07000244,East Suffolk
E02005733,Haydon Bridge & Allendale - Northumberland 040,16.36225033,E06000057,Northumberland
E02002999,Southdown - Bath and North East Somerset 015,16.35310257,E06000022,Bath and North East Somerset
E02000735,Plaistow North East - Newham 022,16.35058342,E09000025,Newham
E02003908,Truro East - Cornwall 042,16.34603639,E06000052,Cornwall
E02000263,Southall West - Ealing 026,16.33785275,E09000009,Ealing
E02000725,Stratford Central - Newham 012,16.33478248,E09000025,Newham
E02003928,Helston - Cornwall 071,16.33232361,E06000052,Cornwall
E02005750,Great Ayton & Stokesley - Hambleton 001,16.3307663,E06000065,North Yorkshire
E02004171,"Bradninch, Silverton & Thorverton - Mid Devon 008",16.32426908,E07000042,Mid Devon
E02002800,Darley Abbey - Derby 005,16.32320988,E06000015,Derby
E02001965,Walsgrave & Woodway Park - Coventry 008,16.31738986,E08000026,Coventry
E02000520,Hayes Town & Lake Farm - Hillingdon 027,16.31407551,E09000017,Hillingdon
E02003407,Britwell - Slough 001,16.30676218,E06000039,Slough
E02000740,Canning Town North - Newham 027,16.29954067,E09000025,Newham
E02003736,"Haddenham, Stretham & Witchford - East Cambridgeshire 005",16.29538089,E07000009,East Cambridgeshire
E02000201,South Norwood Central - Croydon 008,16.29372266,E09000008,Croydon
E02002721,"Howden North, Eastrington & Swinefleet - East Riding of Yorkshire 038",16.27399491,E06000011,East Riding of Yorkshire
E02003952,St Columb Minor & Porth - Cornwall 018,16.27398218,E06000052,Cornwall
E02001559,Sprotbrough - Doncaster 021,16.24826483,E08000017,Doncaster
E02006126,Hednesford South & Heath Hayes - Cannock Chase 009,16.24169443,E07000192,Cannock Chase
E02000672,Catford Bridge - Lewisham 020,16.23639067,E09000023,Lewisham
E02005198,Chorley Town & South - Chorley 010,16.23472491,E07000118,Chorley
E02004862,Grovehill - Dacorum 007,16.23118068,E07000096,Dacorum
E02000707,Pollards Hill - Merton 019,16.23016894,E09000024,Merton
E02006828,Shipley - Erewash 016,16.22687278,E07000036,Erewash
E02006817,West Knighton - Leicester 038,16.22669424,E06000016,Leicester
E02002033,Hawne - Dudley 034,16.21537032,E08000027,Dudley
E02002354,Carr Manor - Leeds 025,16.21448655,E08000035,Leeds
E02007106,Cramlington North & East - Northumberland 042,16.21076319,E06000057,Northumberland
E02005636,Rushden West & North - East Northamptonshire 008,16.20999532,E06000061,North Northamptonshire
E02001748,Shiremoor South & West Allotment - North Tyneside 011,16.1933893,E08000022,North Tyneside
E02003077,"Wrington, Felton & Dundry - North Somerset 013",16.17501895,E06000024,North Somerset
E02000345,Stamford Hill North - Hackney 001,16.17222935,E09000012,Hackney
E02004480,Canvey Island Winter Gardens - Castle Point 008,16.16539095,E07000069,Castle Point
E02000877,Mile End East & Burdett Estate - Tower Hamlets 014,16.14052405,E09000030,Tower Hamlets
E02000281,Carterhatch & Forty Hall - Enfield 005,16.12438237,E09000010,Enfield
E02000641,Tulse Hill - Lambeth 024,16.12129933,E09000022,Lambeth
E02004954,Roebuck - Stevenage 011,16.11978644,E07000243,Stevenage
E02004899,Shenley & South Mimms - Hertsmere 004,16.11927616,E07000098,Hertsmere
E02002445,Outwood West - Wakefield 008,16.11791015,E08000036,Wakefield
E02000206,Selhurst North - Croydon 013,16.10827824,E09000008,Croydon
E02006729,Matchborough & Park Farm - Redditch 009,16.10409603,E07000236,Redditch
E02000005,Becontree Heath - Barking and Dagenham 004,16.09954135,E09000002,Barking and Dagenham
E02004035,"Ambergate, Heage & Idridgehay - Amber Valley 007",16.0984276,E07000032,Amber Valley
E02002320,Netherton & South Crosland - Kirklees 050,16.09647242,E08000034,Kirklees
E02000597,Chelsea Riverside West - Kensington and Chelsea 021,16.09141127,E09000020,Kensington and Chelsea
E02002917,Hereford West - Herefordshire 013,16.08816567,E06000019,"Herefordshire, County of"
E02003420,Colnbrook & Poyle - Slough 014,16.08589526,E06000039,Slough
E02004108,Dronfield Town & Unstone - North East Derbyshire 004,16.08337973,E07000038,North East Derbyshire
E02005523,"Horsford, Hainford & Hevingham - Broadland 004",16.08226579,E07000144,Broadland
E02005766,Pateley Bridge & Nidd Valley - Harrogate 006,16.08164126,E06000065,North Yorkshire
E02007041,Skipton North & Upper Wharfedale - Craven 009,16.06584545,E06000065,North Yorkshire
E02003126,Derriford & Estover - Plymouth 005,16.06259035,E06000026,Plymouth
E02002696,"Cherry Burton, Leconfield & Middleton - East Riding of Yorkshire 013",16.05388258,E06000011,East Riding of Yorkshire
E02006920,Swadlincote East - South Derbyshire 013,16.04623915,E07000039,South Derbyshire
E02007099,Newcastle City Centre - Newcastle upon Tyne 036,16.04422527,E08000021,Newcastle upon Tyne
E02003317,Wainscott & City Estate - Medway 004,16.03831401,E06000035,Medway
E02005084,Headcorn & Sutton Valence - Maidstone 017,16.02631083,E07000110,Maidstone
E02001967,Brownshill Green - Coventry 010,16.02326121,E08000026,Coventry
E02000277,Bullsmoor & Freezywater - Enfield 001,16.01608389,E09000010,Enfield
E02007042,Northallerton North & East - Hambleton 012,16.01460495,E06000065,North Yorkshire
E02004537,Loughton East - Epping Forest 011,15.99301217,E07000072,Epping Forest
E02001262,Firswood - Trafford 004,15.98512865,E08000009,Trafford
E02006706,Bromsgrove Central & Sanders Park - Bromsgrove 011,15.9777129,E07000234,Bromsgrove
E02000912,Markhouse & St James Park - Waltham Forest 018,15.97156025,E09000031,Waltham Forest
E02006038,Bayston Hill & Atcham - Shropshire 024,15.96647312,E06000051,Shropshire
E02006563,Millland & South Harting - Chichester 003,15.95783432,E07000225,Chichester
E02006846,Weston Winterstoke - North Somerset 027,15.95766812,E06000024,North Somerset
E02004202,Starcross & Exminster - Teignbridge 002,15.95333643,E07000045,Teignbridge
E02003350,Walderslade - Medway 037,15.95316846,E06000035,Medway
E02001269,Stretford East - Trafford 011,15.95227973,E08000009,Trafford
E02003796,Upton East - Cheshire West and Chester 027,15.94776842,E06000050,Cheshire West and Chester
E02004297,Burnopfield - County Durham 001,15.9438529,E06000047,County Durham
E02002462,Ossett West - Wakefield 025,15.93515386,E08000036,Wakefield
E02002766,Scunthorpe Bottesford - North Lincolnshire 018,15.93180316,E06000013,North Lincolnshire
E02006008,Shifnal - Shropshire 025,15.91391607,E06000051,Shropshire
E02006262,"Rickinghall, Walsham le Willows & Gislingham - Mid Suffolk 002",15.91213171,E07000203,Mid Suffolk
E02003876,Barnton - Cheshire West and Chester 012,15.91105973,E06000050,Cheshire West and Chester
E02003053,Knowle Park - Bristol 042,15.90695189,E06000023,"Bristol, City of"
E02006269,"Stowmarket Outer, Finborough & Battisford - Mid Suffolk 009",15.90217408,E07000203,Mid Suffolk
E02001994,Cheylesmore Daventry Road - Coventry 037,15.86987145,E08000026,Coventry
E02006531,Leamington Brunswick - Warwick 013,15.8601152,E07000222,Warwick
E02000361,Hackney Central - Hackney 017,15.85764055,E09000012,Hackney
E02004706,Liss & Hawkley - East Hampshire 010,15.84968543,E07000085,East Hampshire
E02003209,Hamworthy East - Poole 016,15.8434861,E06000058,"Bournemouth, Christchurch and Poole"
E02006549,Ferring & Kingston Gorse - Arun 008,15.83990494,E07000224,Arun
E02000626,Loughborough Road - Lambeth 009,15.83908404,E09000022,Lambeth
E02003048,Totterdown - Bristol 037,15.83755131,E06000023,"Bristol, City of"
E02003047,Southville - Bristol 036,15.83615231,E06000023,"Bristol, City of"
E02003961,St Austell East & Carlyon Bay - Cornwall 036,15.83109121,E06000052,Cornwall
E02003485,Bletchley North West - Milton Keynes 027,15.81893493,E06000042,Milton Keynes
E02001087,Didsbury Village - Manchester 043,15.81781636,E08000003,Manchester
E02001483,Saughall Massie - Wirral 017,15.81388769,E08000015,Wirral
E02001250,Godley - Tameside 022,15.80986809,E08000008,Tameside
E02000196,Norbury East - Croydon 003,15.80469626,E09000008,Croydon
E02006750,Droitwich Spa East - Wychavon 003,15.80428229,E07000238,Wychavon
E02006883,Westbourne - Bournemouth 023,15.78633806,E06000058,"Bournemouth, Christchurch and Poole"
E02001584,Thorpe Hesley - Rotherham 007,15.77573169,E08000018,Rotherham
E02005633,Raunds - East Northamptonshire 005,15.77448758,E06000061,North Northamptonshire
E02006963,Salford Quays - Salford 037,15.77197044,E08000006,Salford
E02002431,Morley East - Leeds 102,15.76794091,E08000035,Leeds
E02002775,New Earswick - York 004,15.76392882,E06000014,York
E02004392,"Robertsbridge, Hurst Green & Ticehurst - Rother 001",15.75931152,E07000064,Rother
E02004397,Battle & Catsfield - Rother 006,15.75742082,E07000064,Rother
E02005174,"Cranbrook, Sissinghurst & Frittenden - Tunbridge Wells 013",15.75564116,E07000116,Tunbridge Wells
E02004462,Witham Town - Braintree 017,15.75047925,E07000067,Braintree
E02001640,Broomhill & Lower Crookesmoor - Sheffield 030,15.74375589,E08000039,Sheffield
E02000198,Thornton Heath North West - Croydon 005,15.74329384,E09000008,Croydon
E02006279,Bury St Edmunds West - St Edmundsbury 007,15.72905035,E07000245,West Suffolk
E02007044,Malton & Norton North - Ryedale 009,15.72454037,E06000065,North Yorkshire
E02003368,Lambourn & Great Shefford - West Berkshire 002,15.72246436,E06000037,West Berkshire
E02005388,Hinckley Clarendon Park - Hinckley and Bosworth 012,15.71712352,E07000132,Hinckley and Bosworth
E02000822,Walworth South - Southwark 016,15.70256371,E09000028,Southwark
E02000907,Wood Street - Waltham Forest 013,15.70197881,E09000031,Waltham Forest
E02004654,Ebley & Randwick - Stroud 004,15.69425195,E07000082,Stroud
E02003201,Newtown - Poole 008,15.69017046,E06000058,"Bournemouth, Christchurch and Poole"
E02005901,Newark South East - Newark and Sherwood 009,15.6774414,E07000175,Newark and Sherwood
E02003911,"Shortlanesend, Chacewater & Carnon Downs - Cornwall 047",15.67530799,E06000052,Cornwall
E02006437,Lingfield & Dormansland - Tandridge 010,15.67240387,E07000215,Tandridge
E02001845,Perry Beeches East - Birmingham 019,15.66980407,E08000025,Birmingham
E02006194,Doxey & Holmcroft - Stafford 007,15.66899833,E07000197,Stafford
E02004794,Bransgore & Burley - New Forest 016,15.66611734,E07000091,New Forest
E02000016,Barking Central - Barking and Dagenham 015,15.64932571,E09000002,Barking and Dagenham
E02000136,Chislehurst East & Hoblingwell Wood - Bromley 010,15.64667109,E09000006,Bromley
E02003063,Whitchurch Park - Bristol 052,15.64181295,E06000023,"Bristol, City of"
E02005833,West Hucknall - Ashfield 015,15.64147398,E07000170,Ashfield
E02000515,Yiewsley West - Hillingdon 022,15.63580581,E09000017,Hillingdon
E02005671,Abington - Northampton 022,15.63071947,E06000062,West Northamptonshire
E02003184,Charminster - Bournemouth 013,15.62456568,E06000058,"Bournemouth, Christchurch and Poole"
E02002984,Trentham East - Stoke-on-Trent 034,15.62358191,E06000021,Stoke-on-Trent
E02003071,Clevedon Central - North Somerset 007,15.62061025,E06000024,North Somerset
E02000415,Downhills Park - Haringey 019,15.61269649,E09000014,Haringey
E02004991,Hatfield Town - Welwyn Hatfield 012,15.61033935,E07000241,Welwyn Hatfield
E02001450,Blundellsands - Sefton 022,15.608499,E08000014,Sefton
E02000634,Clapham Common North - Lambeth 017,15.59554129,E09000022,Lambeth
E02003187,Boscombe East - Bournemouth 016,15.58384976,E06000058,"Bournemouth, Christchurch and Poole"
E02005270,"Waddington, Gisburn & Slaidburn - Ribble Valley 001",15.58184632,E07000124,Ribble Valley
E02005778,"Menwith, Beckwithshaw & Denton Moor - Harrogate 018",15.5804724,E06000065,North Yorkshire
E02002167,Castlecroft - Wolverhampton 019,15.57629392,E08000031,Wolverhampton
E02001498,Woodhey - Wirral 032,15.564169,E08000015,Wirral
E02001674,Norton & Norton Lees - Sheffield 064,15.56350829,E08000039,Sheffield
E02006187,Kinver - South Staffordshire 014,15.55696754,E07000196,South Staffordshire
E02003708,Oakridge & Castlefield - Wycombe 013,15.55693767,E06000060,Buckinghamshire
E02006623,Durrington North - Worthing 003,15.53925616,E07000229,Worthing
E02002986,Keynsham South - Bath and North East Somerset 002,15.53444839,E06000022,Bath and North East Somerset
E02006541,South Lancing - Adur 008,15.53299895,E07000223,Adur
E02002923,Ledbury - Herefordshire 019,15.5322896,E06000019,"Herefordshire, County of"
E02000172,Kentish Town West - Camden 007,15.523331,E09000007,Camden
E02002768,Epworth & Bracon - North Lincolnshire 020,15.51870817,E06000013,North Lincolnshire
E02002748,Waltham & East Ravendale - North East Lincolnshire 023,15.51420927,E06000012,North East Lincolnshire
E02006786,Wickham Lane & Winns Common - Greenwich 033,15.5137768,E09000011,Greenwich
E02001229,Mossley - Tameside 001,15.51220672,E08000008,Tameside
E02001089,East Didsbury - Manchester 045,15.50445972,E08000003,Manchester
E02004196,"Yealmpton, Modbury & Aveton Gifford - South Hams 008",15.50163534,E07000044,South Hams
E02006862,Great Oakley and Danesholme - Corby 008,15.48996952,E06000061,North Northamptonshire
E02006186,"Wombourne Outer, Swindon & Seisdon - South Staffordshire 013",15.47487301,E07000196,South Staffordshire
E02002162,Tettenhall South - Wolverhampton 014,15.46688031,E08000031,Wolverhampton
E02000678,Further Green - Lewisham 026,15.45847593,E09000023,Lewisham
E02004562,Burnham-on-Crouch - Maldon 008,15.45579068,E07000074,Maldon
E02002561,Whinfield - Darlington 003,15.44395204,E06000005,Darlington
E02002914,Hereford North West - Herefordshire 010,15.42683441,E06000019,"Herefordshire, County of"
E02002449,Pontefract North East - Wakefield 012,15.42401561,E08000036,Wakefield
E02000879,Stepney Green - Tower Hamlets 016,15.41469977,E09000030,Tower Hamlets
E02005814,Selby West - Selby 006,15.41301761,E06000065,North Yorkshire
E02000318,Plumstead High Street - Greenwich 006,15.401983,E09000011,Greenwich
E02006681,"Winsley, Westwood & Holt - Wiltshire 023",15.39527733,E06000054,Wiltshire
E02003868,Macclesfield East & Hurdsfield - Cheshire East 016,15.38554212,E06000049,Cheshire East
E02000020,Creekmouth & Barking Riverside - Barking and Dagenham 019,15.37952825,E09000002,Barking and Dagenham
E02004569,Rochford Outer & Hawkwell East - Rochford 007,15.37182573,E07000075,Rochford
E02005395,Melton Mowbray South - Melton 005,15.37114253,E07000133,Melton
E02002081,Castle Bromwich West - Solihull 001,15.37042856,E08000029,Solihull
E02002020,Wordsley & Buckpool - Dudley 021,15.36805485,E08000027,Dudley
E02003466,Wolverton & New Bradwell - Milton Keynes 008,15.36719258,E06000042,Milton Keynes
E02002442,Glasshoughton - Wakefield 005,15.35418596,E08000036,Wakefield
E02001017,Kearsley & Stoneclough - Bolton 034,15.33053624,E08000001,Bolton
E02001751,Forest Hall & West Moor - North Tyneside 014,15.32655149,E08000022,North Tyneside
E02003136,Plympton St Mary - Plymouth 015,15.31861311,E06000026,Plymouth
E02003471,Bradwell Common - Milton Keynes 013,15.30544642,E06000042,Milton Keynes
E02001842,Perry Beeches West - Birmingham 016,15.30237675,E08000025,Birmingham
E02000334,Kidbrooke North - Greenwich 022,15.30071893,E09000011,Greenwich
E02003774,St Neots Eaton Socon - Huntingdonshire 022,15.29423411,E07000011,Huntingdonshire
E02005457,"Metheringham, Nocton & Potterhanworth - North Kesteven 005",15.27450163,E07000139,North Kesteven
E02005026,Thanington & Chartham - Canterbury 017,15.27428445,E07000106,Canterbury
E02003833,Wisaston Green - Cheshire East 044,15.2704988,E06000049,Cheshire East
E02001305,Hindley Green - Wigan 019,15.25914309,E08000010,Wigan
E02006567,Westbourne & Funtington - Chichester 007,15.25432437,E07000225,Chichester
E02005166,High Brooms & Sherwood - Tunbridge Wells 005,15.25364743,E07000116,Tunbridge Wells
E02005600,"Hingham, Morley & Barnham Broom - South Norfolk 004",15.247314,E07000149,South Norfolk
E02006858,Sovereign Harbour - Eastbourne 014,15.2469438,E07000061,Eastbourne
E02007007,Poundbury & Dorchester West - Dorset 032,15.23785499,E06000059,Dorset
E02004165,Tiverton North & Outer - Mid Devon 002,15.23140641,E07000042,Mid Devon
E02000047,Burnt Oak & Watling Park - Barnet 024,15.20964695,E09000003,Barnet
E02001576,"Bawtry, Austerfield & Hayfield - Doncaster 038",15.20260099,E08000017,Doncaster
E02003312,Grays Town - Thurrock 017,15.20239471,E06000034,Thurrock
E02003617,"Harrold, Chellington & Turvey - Bedford 002",15.19974801,E06000055,Bedford
E02005018,Seasalter - Canterbury 009,15.19072816,E07000106,Canterbury
E02006835,Bestwood Village - Gedling 016,15.18966684,E07000173,Gedling
E02003879,Northwich Central & Winnington - Cheshire West and Chester 018,15.18141055,E06000050,Cheshire West and Chester
E02005011,Beltinge & Bishopstone - Canterbury 002,15.18139707,E07000106,Canterbury
E02003404,Leighton Park - Reading 016,15.15416662,E06000038,Reading
E02000701,Mitcham East - Merton 013,15.15041473,E09000024,Merton
E02005380,"Market Bosworth, Barlestone & Sheepy Magna - Hinckley and Bosworth 004",15.14745178,E07000132,Hinckley and Bosworth
E02006693,Warminster West & North - Wiltshire 043,15.14605095,E06000054,Wiltshire
E02003522,Roedean & Marina - Brighton and Hove 032,15.13440017,E06000043,Brighton and Hove
E02003316,Hoo St Werburgh & High Halstow - Medway 003,15.13122642,E06000035,Medway
E02003304,Stifford Clays - Thurrock 009,15.12636445,E06000034,Thurrock
E02000868,Bethnal Green North West - Tower Hamlets 005,15.12091081,E09000030,Tower Hamlets
E02003733,Little Downham & Sutton - East Cambridgeshire 002,15.11296624,E07000009,East Cambridgeshire
E02002853,Stoneygate North - Leicester 027,15.10964225,E06000016,Leicester
E02000347,Stamford Hill West - Hackney 003,15.10450261,E09000012,Hackney
E02000670,Catford East & Mountsfield Park - Lewisham 018,15.08308688,E09000023,Lewisham
E02004795,Lymington Town & Boldre - New Forest 017,15.07121694,E07000091,New Forest
E02004797,Lymington North & West - New Forest 019,15.05529223,E07000091,New Forest
E02000897,Friday Hill - Waltham Forest 003,15.05377837,E09000031,Waltham Forest
E02003738,"Isleham, Fordham & Chippenham - East Cambridgeshire 007",15.05047712,E07000009,East Cambridgeshire
E02000654,Deptford North - Lewisham 002,15.04420267,E09000023,Lewisham
E02001971,Coundon - Coventry 014,15.04079237,E08000026,Coventry
E02006292,"Westerfield, Grundisburgh & Bredfield - Suffolk Coastal 006",15.03653526,E07000244,East Suffolk
E02006898,Ladywood -Summer Hill - Birmingham 137,15.02967888,E08000025,Birmingham
E02000480,Rush Green - Havering 017,15.02280845,E09000016,Havering
E02004552,Great Parndon & Katherines - Harlow 009,15.01739804,E07000073,Harlow
E02005368,"Tilton, Billesdon & Great Easton - Harborough 002",15.01347724,E07000131,Harborough
E02001831,Reddicap Heath - Birmingham 005,15.00671542,E08000025,Birmingham
E02002483,Clavering - Hartlepool 001,15.00568825,E06000001,Hartlepool
E02006253,Broke Hall - Ipswich 009,15.00251973,E07000202,Ipswich
E02005799,Newby & Scalby - Scarborough 005,14.99693536,E06000065,North Yorkshire
E02002663,University & Newland North - Kingston upon Hull 012,14.9961822,E06000010,"Kingston upon Hull, City of"
E02005502,Cherry Willingham & Bardney - West Lindsey 011,14.98966987,E07000142,West Lindsey
E02002417,"Kippax East, Micklefield & Allerton Bywater - Leeds 088",14.98806627,E08000035,Leeds
E02005862,Chilwell West - Broxtowe 013,14.98179759,E07000172,Broxtowe
E02003251,Longthorpe & Netherton - Peterborough 015,14.981287,E06000031,Peterborough
E02002469,Crofton - Wakefield 032,14.97738595,E08000036,Wakefield
E02003212,Highworth - Swindon 001,14.97445466,E06000030,Swindon
E02000524,"Heathrow, Hardmonsworth & Sipson - Hillingdon 031",14.96952356,E09000017,Hillingdon
E02004901,Borehamwood Cowley Hill - Hertsmere 006,14.96241964,E07000098,Hertsmere
E02006133,Uttoxeter Town - East Staffordshire 003,14.95526184,E07000193,East Staffordshire
E02006831,Cowplain East - Havant 020,14.94898543,E07000090,Havant
E02000553,Hanworth South - Hounslow 028,14.94141107,E09000018,Hounslow
E02005749,Sutton & Crosshills - Craven 008,14.93038804,E06000065,North Yorkshire
E02004198,Kingsbridge - South Hams 010,14.91477236,E07000044,South Hams
E02004443,Lee Chapel South & Kingswood - Basildon 020,14.91137987,E07000066,Basildon
E02002709,Gilberdyke & North Cave - East Riding of Yorkshire 026,14.90831362,E06000011,East Riding of Yorkshire
E02001201,Woodbank Park - Stockport 015,14.90500479,E08000007,Stockport
E02006237,Shotley Peninsula - Babergh 011,14.90343243,E07000200,Babergh
E02006561,Fernhurst & Northchapel - Chichester 001,14.90008167,E07000225,Chichester
E02000819,South Bermondsey West - Southwark 013,14.89766679,E09000028,Southwark
E02000372,Old Oak & Wormwood - Hammersmith and Fulham 001,14.8976202,E09000013,Hammersmith and Fulham
E02001407,Billinge - St. Helens 002,14.89590047,E08000013,St. Helens
E02006157,"Fazeley, Mile Oak & Drayton Basset - Lichfield 012",14.8906739,E07000194,Lichfield
E02005758,Thirsk South & Coxwold - Hambleton 009,14.88286319,E06000065,North Yorkshire
E02006037,Shrewsbury Meole & Kingsland - Shropshire 023,14.87530698,E06000051,Shropshire
E02004635,Tidenham & Woolaston - Forest of Dean 010,14.87191808,E07000080,Forest of Dean
E02003228,Central East & Walcot West - Swindon 017,14.86797023,E06000030,Swindon
E02005284,Helmshore - Rossendale 007,14.86608488,E07000125,Rossendale
E02000355,Lower Clapton - Hackney 011,14.86489838,E09000012,Hackney
E02004032,Swanwick & Leabrooks - Amber Valley 004,14.86169398,E07000032,Amber Valley
E02002269,Greetland & Stainland - Calderdale 026,14.8555392,E08000033,Calderdale
E02004479,South Benfleet - Castle Point 007,14.85153352,E07000069,Castle Point
E02000207,Woodside & Ashburton - Croydon 014,14.84870727,E09000008,Croydon
E02002291,Battyeford - Kirklees 021,14.84855241,E08000034,Kirklees
E02004525,Tiptree - Colchester 020,14.84242606,E07000071,Colchester
E02005389,Burbage St Catherines - Hinckley and Bosworth 013,14.84089666,E07000132,Hinckley and Bosworth
E02007048,"Brinklow, Wolvey & Churchover - Rugby 013",14.83621973,E07000220,Rugby
E02007019,Ilford Central & East - Redbridge 039,14.83325382,E09000026,Redbridge
E02000875,Bromley-by-Bow West - Tower Hamlets 012,14.83169365,E09000030,Tower Hamlets
E02007055,New Costessey - South Norfolk 017,14.82945942,E07000149,South Norfolk
E02001448,Maghull South West - Sefton 020,14.82776218,E08000014,Sefton
E02006410,Sunbury Common - Spelthorne 008,14.82345892,E07000213,Spelthorne
E02002425,Drighlington & Gildersome West - Leeds 096,14.80992581,E08000035,Leeds
E02005073,Maidstone West - Maidstone 006,14.80977546,E07000110,Maidstone
E02001790,West Boldon - South Tyneside 023,14.80332799,E08000023,South Tyneside
E02006173,Loggerheads & Baldwins Gate - Newcastle-under-Lyme 016,14.79847475,E07000195,Newcastle-under-Lyme
E02000067,Belvedere & Lessness Heath - Bexley 003,14.78806096,E09000004,Bexley
E02000568,Caledonian Road - Islington 015,14.78109497,E09000019,Islington
E02005533,"Blofield, Lingwood & Upton - Broadland 014",14.7792034,E07000144,Broadland
E02000468,Collier Row & Park Farm - Havering 005,14.76900956,E09000016,Havering
E02006712,"Broadheath, Sinton & Alfrick - Malvern Hills 003",14.75848557,E07000235,Malvern Hills
E02005965,Watlington & Nettlebed - South Oxfordshire 008,14.75795194,E07000179,South Oxfordshire
E02006565,Easebourne & Petworth - Chichester 005,14.75719554,E07000225,Chichester
E02000560,Holloway Nag's Head - Islington 007,14.74762731,E09000019,Islington
E02004463,"Witham South, Hatfield Peverel & White Notley - Braintree 018",14.73130804,E07000067,Braintree
E02003411,Wexham Lea - Slough 005,14.72706701,E06000039,Slough
E02004952,Poplars - Stevenage 009,14.723614,E07000243,Stevenage
E02006320,Walton North & Molesey Heath - Elmbridge 004,14.71896792,E07000207,Elmbridge
E02004381,Lewes Central & East - Lewes 003,14.71806195,E07000063,Lewes
E02003044,Crews Hole - Bristol 033,14.71151179,E06000023,"Bristol, City of"
E02001280,Timperley East - Trafford 022,14.70383725,E08000009,Trafford
E02006809,Handsworth Wood - Birmingham 133,14.68955733,E08000025,Birmingham
E02005744,"Settle, Hellifield & Horton - Craven 003",14.68491295,E06000065,North Yorkshire
E02002273,Scholes & Hunsworth - Kirklees 003,14.67819595,E08000034,Kirklees
E02003619,"Wyboston, Great Barford & Cople - Bedford 004",14.67246846,E06000055,Bedford
E02002412,New Farnley & Lower Wortley - Leeds 083,14.67210062,E08000035,Leeds
E02003270,Lewsey South - Luton 013,14.67158087,E06000032,Luton
E02004034,Ripley West - Amber Valley 006,14.67082185,E07000032,Amber Valley
E02004779,"Fordingbridge, Rockbourne & Woodgreen - New Forest 001",14.66423363,E07000091,New Forest
E02001792,Seaburn - Sunderland 002,14.65844161,E08000024,Sunderland
E02006762,Evesham North & Hampton - Wychavon 015,14.658087,E07000238,Wychavon
E02005127,"Sittingbourne South, Bapchild & Bredgar - Swale 013",14.65753336,E07000113,Swale
E02004361,Ratton - Eastbourne 006,14.65403058,E07000061,Eastbourne
E02005931,"Caversfield, Ambrosden & Fringford - Cherwell 011",14.64981888,E07000177,Cherwell
E02006299,Felixstowe East - Suffolk Coastal 013,14.64357551,E07000244,East Suffolk
E02006711,"Abberley, Holt Heath & Hallow - Malvern Hills 002",14.64306792,E07000235,Malvern Hills
E02007108,Dalston Kingsland - Hackney 030,14.64273603,E09000012,Hackney
E02003878,Lostock & Wincham - Cheshire West and Chester 017,14.64086544,E06000050,Cheshire West and Chester
E02005059,Windmill Hill - Gravesham 005,14.64036198,E07000109,Gravesham
E02001290,Aspull & Red Rock - Wigan 004,14.63447327,E08000010,Wigan
E02001589,Ravenfield & Bramley North - Rotherham 012,14.63345878,E08000018,Rotherham
E02000722,Stratford East - Newham 009,14.62708728,E09000025,Newham
E02001615,Grenoside & Ecclesfield North - Sheffield 005,14.62301905,E08000039,Sheffield
E02000572,Barnsbury West - Islington 019,14.61650316,E09000019,Islington
E02001938,Bournville East & Stirchley West - Birmingham 112,14.61219169,E08000025,Birmingham
E02003549,Bassett Green - Southampton 001,14.60948992,E06000045,Southampton
E02000428,Harringay Warehouse District & Vartry - Haringey 032,14.60837819,E09000014,Haringey
E02004269,Sherborne - West Dorset 001,14.60083862,E06000059,Dorset
E02000346,Woodberry Down & Manor House - Hackney 002,14.58481258,E09000012,Hackney
E02004693,Brighton Hill - Basingstoke and Deane 019,14.58362541,E07000084,Basingstoke and Deane
E02006478,Galley Common & Whittleford - Nuneaton and Bedworth 004,14.58236669,E07000219,Nuneaton and Bedworth
E02005285,Townsend Fold & Edenfield - Rossendale 008,14.5812949,E07000125,Rossendale
E02006473,Coleshill & Water Orton - North Warwickshire 006,14.5590099,E07000218,North Warwickshire
E02006033,Shrewsbury Town - Shropshire 019,14.55765644,E06000051,Shropshire
E02000103,Dollis Hill - Brent 011,14.55576847,E09000005,Brent
E02002157,Tettenhall North - Wolverhampton 009,14.54538582,E08000031,Wolverhampton
E02002395,New Pudsey - Leeds 066,14.54258652,E08000035,Leeds
E02006036,Shrewsbury Sutton & Coleham - Shropshire 022,14.53841131,E06000051,Shropshire
E02003339,Rochester South East - Medway 026,14.53810041,E06000035,Medway
E02000240,Northolt West - Ealing 003,14.53170935,E09000009,Ealing
E02000911,Walthamstow Market & South Grove - Waltham Forest 017,14.51769874,E09000031,Waltham Forest
E02002327,"Denby Dale, Cumberworth & Clayton West - Kirklees 057",14.50553005,E08000034,Kirklees
E02000963,Queen's Park Gardens - Westminster 004,14.50213449,E09000033,Westminster
E02006992,Greenwich Peninsula West - Greenwich 040,14.49967903,E09000011,Greenwich
E02003839,Nantwich South West - Cheshire East 050,14.49913776,E06000049,Cheshire East
E02000550,Feltham Central - Hounslow 025,14.49291964,E09000018,Hounslow
E02006939,Central Reading North - Reading 019,14.49149381,E06000038,Reading
E02005362,Syston East - Charnwood 018,14.49020986,E07000130,Charnwood
E02000521,West Drayton East - Hillingdon 028,14.48932148,E09000017,Hillingdon
E02004212,"Newton Abbot, Highweek - Teignbridge 012",14.48287084,E07000045,Teignbridge
E02004082,West Hallam - Erewash 005,14.47918131,E07000036,Erewash
E02003117,Kingswood South - South Gloucestershire 028,14.47409833,E06000025,South Gloucestershire
E02000185,Kilburn East - Camden 020,14.47127339,E09000007,Camden
E02003794,"Elton, Mickle Trafford & Great Barrow - Cheshire West and Chester 022",14.46068452,E06000050,Cheshire West and Chester
E02002466,Ossett South East & Horbury Bridge - Wakefield 029,14.45004691,E08000036,Wakefield
E02001608,Swallownest & Wales - Rotherham 031,14.44761984,E08000018,Rotherham
E02005312,Skelmersdale Ashurst - West Lancashire 009,14.44382221,E07000127,West Lancashire
E02002308,Longwood & Quarmby - Kirklees 038,14.44257038,E08000034,Kirklees
E02001453,Crosby East - Sefton 025,14.44081566,E08000014,Sefton
E02004450,"Panfield, Finchingfield & Bardfield - Braintree 005",14.43678187,E07000067,Braintree
E02007070,"Broughton, Mawsley & Loddington - North Northamptonshire 020",14.43490989,E06000061,North Northamptonshire
E02001196,Romiley & Compstall - Stockport 010,14.43447569,E08000007,Stockport
E02001445,Maghull North West & Lydiate - Sefton 017,14.43262323,E08000014,Sefton
E02004487,"Melbourne Park, Chignall & Pleshey - Chelmsford 003",14.42540452,E07000070,Chelmsford
E02005318,Upholland - West Lancashire 015,14.42405566,E07000127,West Lancashire
E02006651,"Sutton Benger, Kington & Biddestone - Wiltshire 008",14.42039245,E06000054,Wiltshire
E02004169,"Willand, Sampford Peverell & Halberton - Mid Devon 006",14.41803253,E07000042,Mid Devon
E02006578,Manor Royal & Northgate - Crawley 004,14.41386096,E07000226,Crawley
E02005731,Prudhoe - Northumberland 038,14.40860874,E06000057,Northumberland
E02002169,Compton & Merryhill North - Wolverhampton 021,14.40170546,E08000031,Wolverhampton
E02002093,Olton & Kineton Green - Solihull 013,14.39764194,E08000029,Solihull
E02007020,Ilford South East - Redbridge 040,14.39566124,E09000026,Redbridge
E02004143,Exmouth Brixington - East Devon 015,14.39436964,E07000040,East Devon
E02006522,Kingswood & Leek Wootton - Warwick 004,14.38357969,E07000222,Warwick
E02003408,Manor Park - Slough 002,14.36132616,E06000039,Slough
E02006153,"Whittington, Hopwas & Clifton Campville - Lichfield 008",14.35803227,E07000194,Lichfield
E02005621,Braunston & Crick - Daventry 003,14.35511853,E06000062,West Northamptonshire
E02002340,Yeadon East - Leeds 011,14.35348402,E08000035,Leeds
E02004363,Upperton - Eastbourne 008,14.34221044,E07000061,Eastbourne
E02000311,Bowes - Enfield 035,14.34099517,E09000010,Enfield
E02003601,Potton - Central Bedfordshire 003,14.3302545,E06000056,Central Bedfordshire
E02003351,Lordswood - Medway 038,14.32875841,E06000035,Medway
E02004648,Lower Tuffley - Gloucester 013,14.31412768,E07000081,Gloucester
E02003732,Littleport - East Cambridgeshire 001,14.30883198,E07000009,East Cambridgeshire
E02003279,Eastwood Park - Southend-on-Sea 001,14.30540249,E06000033,Southend-on-Sea
E02006502,Overslade & Bilton - Rugby 011,14.2792179,E07000220,Rugby
E02004802,Hawley Lane & Fox Lane - Rushmoor 001,14.27313932,E07000092,Rushmoor
E02000323,Woolwich South - Greenwich 011,14.26342599,E09000011,Greenwich
E02006243,"North Newmarket, Studlands & Exning - Forest Heath 006",14.26277276,E07000245,West Suffolk
E02001626,Wadsley & Marlcliffe - Sheffield 016,14.25825863,E08000039,Sheffield
E02005381,Desford & Newbold Verdon - Hinckley and Bosworth 005,14.25589411,E07000132,Hinckley and Bosworth
E02003315,Cliffe - Medway 002,14.25159593,E06000035,Medway
E02000752,Hainault East - Redbridge 002,14.24898263,E09000026,Redbridge
E02004209,Kingsteignton - Teignbridge 009,14.24861279,E07000045,Teignbridge
E02001753,Tynemouth Priory - North Tyneside 016,14.2482867,E08000022,North Tyneside
E02000747,Canning Town South & Bow Creek - Newham 034,14.24408473,E09000025,Newham
E02001408,Garswood - St. Helens 003,14.23236359,E08000013,St. Helens
E02006645,"Malmesbury, Crudwell & Oaksey - Wiltshire 002",14.23048192,E06000054,Wiltshire
E02005527,"Wroxham, Rackheath & the Plumsteads - Broadland 008",14.2287399,E07000144,Broadland
E02006544,"Westergate, Eastergate & Walberton - Arun 003",14.22560408,E07000224,Arun
E02003297,Corringham South - Thurrock 002,14.2212986,E06000034,Thurrock
E02005237,"Marsh, Haverbreaks & Scotforth West - Lancaster 017",14.22055692,E07000121,Lancaster
E02001399,West Allerton - Liverpool 053,14.2173714,E08000012,Liverpool
E02006647,"Somerford, Dauntsey & Minety - Wiltshire 004",14.21594608,E06000054,Wiltshire
E02005924,Banbury Grimsbury - Cherwell 004,14.21529315,E07000177,Cherwell
E02004520,Shrub End - Colchester 015,14.20281138,E07000071,Colchester
E02006833,"East Malling, West Malling & Trottiscliffe - Tonbridge and Malling 014",14.19623034,E07000115,Tonbridge and Malling
E02000403,Wood Green North - Haringey 007,14.18198718,E09000014,Haringey
E02006671,Salisbury Town North & Milford - Wiltshire 056,14.17348718,E06000054,Wiltshire
E02002013,Wall Heath - Dudley 014,14.17123313,E08000027,Dudley
E02006988,South End & St Peters Road - Croydon 047,14.16865789,E09000008,Croydon
E02000359,Homerton North - Hackney 015,14.16039102,E09000012,Hackney
E02002460,Pontefract South East - Wakefield 023,14.14429781,E08000036,Wakefield
E02005963,Berinsfield & Wittenham - South Oxfordshire 006,14.13740081,E07000179,South Oxfordshire
E02002928,Newport North - Telford and Wrekin 001,14.12674582,E06000020,Telford and Wrekin
E02000945,Roehampton South & Putney Vale - Wandsworth 023,14.12668828,E09000032,Wandsworth
E02003709,Micklefield - Wycombe 014,14.12501373,E06000060,Buckinghamshire
E02002332,Otley North - Leeds 003,14.12148478,E08000035,Leeds
E02006766,"Bredon, Ashton & Eckington - Wychavon 019",14.11938116,E07000238,Wychavon
E02003367,"Chieveley, East Isley & Compton - West Berkshire 001",14.11019413,E06000037,West Berkshire
E02000512,Hillingdon Heath - Hillingdon 019,14.10343864,E09000017,Hillingdon
E02001936,Brandwood North - Birmingham 110,14.08775579,E08000025,Birmingham
E02002697,Leven & Tickton - East Riding of Yorkshire 014,14.07989987,E06000011,East Riding of Yorkshire
E02000327,Woolwich Common - Greenwich 015,14.06765221,E09000011,Greenwich
E02001382,Childwall East - Liverpool 036,14.06702062,E08000012,Liverpool
E02001934,Hall Green Central - Birmingham 108,14.0662655,E08000025,Birmingham
E02006737,Barbourne & Rainbow Hill - Worcester 004,14.05956842,E07000237,Worcester
E02005365,Thurmaston - Charnwood 021,14.05647998,E07000130,Charnwood
E02006524,Lillington - Warwick 006,14.04091268,E07000222,Warwick
E02003395,Battle & Caversham Bridge - Reading 007,14.04010898,E06000038,Reading
E02006715,North Malvern - Malvern Hills 006,14.03930936,E07000235,Malvern Hills
E02000745,Beckton North - Newham 032,14.03774345,E09000025,Newham
E02004091,Long Eaton South - Erewash 014,14.03669282,E07000036,Erewash
E02000706,Mitcham West - Merton 018,14.03247121,E09000024,Merton
E02006719,Malvern Wells & Priory - Malvern Hills 010,14.01877832,E07000235,Malvern Hills
E02002039,Oldswinford & Pedmore - Dudley 040,14.01589799,E08000027,Dudley
E02005595,Eaton - Norwich 012,14.01427272,E07000148,Norwich
E02003496,Hangleton North - Brighton and Hove 006,14.01048518,E06000043,Brighton and Hove
E02000049,Grahame Park - Barnet 026,14.00869979,E09000003,Barnet
E02005921,"Cropredy, Wroxton & Shennington - Cherwell 001",14.00811166,E07000177,Cherwell
E02001499,Thursaston & Irby - Wirral 033,14.0008058,E08000015,Wirral
E02004800,Barton on Sea - New Forest 022,13.97634349,E07000091,New Forest
E02005607,"Long Stratton, Carlton Rode & Tibenham - South Norfolk 011",13.97523345,E07000149,South Norfolk
E02006663,Amesbury - Wiltshire 048,13.97443567,E06000054,Wiltshire
E02006658,Calne South - Wiltshire 016,13.97421744,E06000054,Wiltshire
E02003143,Plympton St Maurice - Plymouth 022,13.9723283,E06000026,Plymouth
E02000541,Hounslow Meadows - Hounslow 016,13.96983657,E09000018,Hounslow
E02004725,Netley - Eastleigh 014,13.9614796,E07000086,Eastleigh
E02005896,"Winthorpe, Coddington & Collingham - Newark and Sherwood 004",13.95604315,E07000175,Newark and Sherwood
E02000729,West Ham Park - Newham 016,13.95313705,E09000025,Newham
E02006539,Cokeham & Sompting - Adur 006,13.94644603,E07000223,Adur
E02001392,Gateacre - Liverpool 046,13.94479957,E08000012,Liverpool
E02001252,Dane Bank - Tameside 024,13.93940915,E08000008,Tameside
E02001170,Worsley - Salford 014,13.92972974,E08000006,Salford
E02001406,Rainford - St. Helens 001,13.92870186,E08000013,St. Helens
E02002424,Morley North & Gildersome East - Leeds 095,13.91462647,E08000035,Leeds
E02000549,Feltham East - Hounslow 024,13.90872734,E09000018,Hounslow
E02004996,"Wye, Chilham & Kennington - Ashford 001",13.90372904,E07000105,Ashford
E02007088,"Ashwell, Weston & Barley - North Hertfordshire 016",13.90311304,E07000099,North Hertfordshire
E02003502,Portslade Village - Brighton and Hove 012,13.89941627,E06000043,Brighton and Hove
E02004563,Hullbridge - Rochford 001,13.89290689,E07000075,Rochford
E02002856,Clarendon Park & Stoneygate South - Leicester 030,13.89155754,E06000016,Leicester
E02003836,Nantwich North East - Cheshire East 047,13.89062786,E06000049,Cheshire East
E02006559,Aldwick - Arun 018,13.8797886,E07000224,Arun
E02004534,Waltham Abbey South - Epping Forest 008,13.87413676,E07000072,Epping Forest
E02004454,Central Braintree - Braintree 009,13.86707337,E07000067,Braintree
E02000815,Elephant & Castle - Southwark 009,13.86126892,E09000028,Southwark
E02001217,Hazel Grove North - Stockport 031,13.86105247,E08000007,Stockport
E02006919,Swadlincote South - South Derbyshire 012,13.85344165,E07000039,South Derbyshire
E02003721,East Chesterton - Cambridge 003,13.85028918,E07000008,Cambridge
E02005109,"Saltwood, Seabrook & Etchinghill - Shepway 008",13.83493182,E07000112,Folkestone and Hythe
E02007027,"Broadclyst, West Clyst & Stoke Canon - East Devon 021",13.83491816,E07000040,East Devon
E02000514,Yeading West - Hillingdon 021,13.83190065,E09000017,Hillingdon
E02006845,"South Worle, West Wick & St Georges - North Somerset 026",13.82889218,E06000024,North Somerset
E02004260,Blandford Outer & Tarrants - North Dorset 006,13.8232808,E06000059,Dorset
E02006280,"Barrow, Chedburgh & Sicklesmere - St Edmundsbury 008",13.81958602,E07000245,West Suffolk
E02000397,Bowes Park - Haringey 001,13.79235718,E09000014,Haringey
E02006692,Warminster East - Wiltshire 042,13.78229579,E06000054,Wiltshire
E02000209,West Thornton South & Ampere Way - Croydon 016,13.77117767,E09000008,Croydon
E02000687,Lower Sydenham - Lewisham 035,13.76737765,E09000023,Lewisham
E02005840,Worksop North - Bassetlaw 006,13.76524496,E07000171,Bassetlaw
E02005859,Stapleford South - Broxtowe 010,13.75084605,E07000172,Broxtowe
E02000741,Plaistow South - Newham 028,13.74921134,E09000025,Newham
E02002029,Quinton West - Dudley 030,13.74714333,E08000027,Dudley
E02006438,Smallfield & Felbridge - Tandridge 011,13.74459494,E07000215,Tandridge
E02005247,"Barrowford, Higham & Pendleside - Pendle 008",13.73954717,E07000122,Pendle
E02003809,"Dodleston, Tattenhall & Duddon - Cheshire West and Chester 046",13.73622784,E06000050,Cheshire West and Chester
E02000777,Wanstead Flats - Redbridge 027,13.73072832,E09000026,Redbridge
E02004158,St Thomas East - Exeter 010,13.72322498,E07000041,Exeter
E02001321,Ashton-in-Makerfield East - Wigan 035,13.71911789,E08000010,Wigan
E02000427,Harringay Ladder South - Haringey 031,13.71765057,E09000014,Haringey
E02000569,Islington North & Canonbury West - Islington 016,13.71684747,E09000019,Islington
E02003850,Great Sutton - Cheshire West and Chester 013,13.7145434,E06000050,Cheshire West and Chester
E02001292,Wigan Marylebone & Bottling Wood - Wigan 006,13.71066852,E08000010,Wigan
E02002851,Evington - Leicester 025,13.70849441,E06000016,Leicester
E02000565,Newington Green - Islington 012,13.70485141,E09000019,Islington
E02004724,Lowford - Eastleigh 013,13.70267727,E07000086,Eastleigh
E02001686,Blaydon North & Winlaton Mill - Gateshead 005,13.70103901,E08000037,Gateshead
E02006035,Shrewsbury London Road - Shropshire 021,13.69440229,E06000051,Shropshire
E02000476,Central Romford - Havering 013,13.69422977,E09000016,Havering
E02004211,Bishopsteignton & Shaldon - Teignbridge 011,13.69170821,E07000045,Teignbridge
E02005702,Longhoughton & Alnmouth - Northumberland 004,13.68983215,E06000057,Northumberland
E02004063,Ashgate & Brockwell - Chesterfield 009,13.68690398,E07000034,Chesterfield
E02001749,Killingworth East - North Tyneside 012,13.6840364,E08000022,North Tyneside
E02005936,"Islip, Arncott & Chesterton - Cherwell 016",13.68179074,E07000177,Cherwell
E02003916,Falmouth East - Cornwall 063,13.68119417,E06000052,Cornwall
E02004025,"Arnside, Milnthorpe & Holme - South Lakeland 011",13.67534095,E06000064,Westmorland and Furness
E02000010,Dagenham North - Barking and Dagenham 009,13.66855796,E09000002,Barking and Dagenham
E02006669,"Wilton, Nadder & Ebble - Wiltshire 054",13.66634708,E06000054,Wiltshire
E02005742,Ingleton & High Bentham - Craven 001,13.66307379,E06000065,North Yorkshire
E02004686,Kings Furlong - Basingstoke and Deane 012,13.66280832,E07000084,Basingstoke and Deane
E02006179,"Featherstone West, Coven & Shareshill - South Staffordshire 006",13.65900438,E07000196,South Staffordshire
E02003269,Stopsley South & Round Green - Luton 012,13.65343762,E06000032,Luton
E02000184,Camden Street & Elm Village - Camden 019,13.62532206,E09000007,Camden
E02004698,Alton Westbrooke & Eastbrooke - East Hampshire 002,13.62255405,E07000085,East Hampshire
E02000680,Upper Sydenham - Lewisham 028,13.61046852,E09000023,Lewisham
E02002398,Temple Newsam & Graveleythorpe - Leeds 069,13.59897909,E08000035,Leeds
E02006914,University North & Whitworth Street - Manchester 057,13.59699834,E08000003,Manchester
E02006861,Hyde Park Corner & Woodhouse Cliff - Leeds 110,13.59505542,E08000035,Leeds
E02001989,Earl Place & Lime Tree Park - Coventry 032,13.5950405,E08000026,Coventry
E02006826,South Newmarket & Racecourse - Forest Heath 008,13.59113341,E07000245,West Suffolk
E02006679,"Bowerhill, Atworth & Whitley - Wiltshire 021",13.58364475,E06000054,Wiltshire
E02003599,Sandy North - Central Bedfordshire 001,13.58319379,E06000056,Central Bedfordshire
E02006271,Needham Market South & Graeat Blakenham - Mid Suffolk 011,13.5824963,E07000203,Mid Suffolk
E02003616,Riseley & Sharnbrook - Bedford 001,13.57435928,E06000055,Bedford
E02004737,Fareham Fort - Fareham 011,13.57397964,E07000087,Fareham
E02000178,Kilburn Grange - Camden 013,13.57318106,E09000007,Camden
E02006756,Drakes Broughton & Norton - Wychavon 009,13.57140847,E07000238,Wychavon
E02006644,Cricklade & Ashton Keynes - Wiltshire 001,13.55659703,E06000054,Wiltshire
E02006009,Cosford & Albrighton - Shropshire 027,13.55416151,E06000051,Shropshire
E02005640,Desborough - Kettering 002,13.5525935,E06000061,North Northamptonshire
E02005903,Balderton - Newark and Sherwood 011,13.53921072,E07000175,Newark and Sherwood
E02004986,Peartree - Welwyn Hatfield 007,13.53818832,E07000241,Welwyn Hatfield
E02004452,Bocking Churchstreet & Blackwater - Braintree 007,13.53525465,E07000067,Braintree
E02000774,Seven Kings Meads Lane - Redbridge 024,13.53520377,E09000026,Redbridge
E02006640,"Bedwyn, Burbage & Collingbourne - Wiltshire 029",13.53168028,E06000054,Wiltshire
E02005756,"Leeming, Pickhill & Thornton - Hambleton 007",13.52833029,E06000065,North Yorkshire
E02001110,"New Delph, Dobcross & Austerlands - Oldham 013",13.51818133,E08000004,Oldham
E02006683,"Staverton, Hilperton & Semington - Wiltshire 030",13.51676712,E06000054,Wiltshire
E02002002,Sedgeley West - Dudley 003,13.51328147,E08000027,Dudley
E02007010,Wilstead & Shortstown - Bedford 021,13.51122079,E06000055,Bedford
E02005785,Catterick Garrison & Colburn - Richmondshire 004,13.50538488,E06000065,North Yorkshire
E02001660,Nether Edge - Sheffield 050,13.5041315,E08000039,Sheffield
E02006674,Salisbury East Harnham - Wiltshire 059,13.49167261,E06000054,Wiltshire
E02005652,Sunnyside - Northampton 003,13.48801708,E06000062,West Northamptonshire
E02001496,Prenton - Wirral 030,13.46624903,E08000015,Wirral
E02006192,Eccleshall & Yarnfield - Stafford 005,13.45873243,E07000197,Stafford
E02005398,Kegworth & Belton - North West Leicestershire 002,13.45515562,E07000134,North West Leicestershire
E02001444,Formby South East & Ince Blundell - Sefton 016,13.44288559,E08000014,Sefton
E02005150,Snodland - Tonbridge and Malling 002,13.43977318,E07000115,Tonbridge and Malling
E02003720,Arbury - Cambridge 002,13.43823166,E07000008,Cambridge
E02006685,Trowbridge East - Wiltshire 032,13.43703351,E06000054,Wiltshire
E02000204,West Thornton North - Croydon 011,13.43610706,E09000008,Croydon
E02004166,Uffculme & Hemyock - Mid Devon 003,13.43337811,E07000042,Mid Devon
E02000734,Plaistow North - Newham 021,13.4285804,E09000025,Newham
E02001244,Dukinfield East & Hough Hill - Tameside 016,13.41782045,E08000008,Tameside
E02005175,"Hawkhurst, Benenden & Sandhurst - Tunbridge Wells 014",13.41197336,E07000116,Tunbridge Wells
E02000823,Burgess Park West & John Ruskin Street - Southwark 017,13.4028945,E09000028,Southwark
E02001564,"Old Cantley, Auckley & Finningley - Doncaster 026",13.40129628,E08000017,Doncaster
E02003795,"Capenhurst, Saughall & Moston - Cheshire West and Chester 025",13.40077546,E06000050,Cheshire West and Chester
E02004290,Ouston & Beamish - County Durham 002,13.38380675,E06000047,County Durham
E02004917,Letchworth South East - North Hertfordshire 009,13.37268583,E07000099,North Hertfordshire
E02001991,Earlsdon & Canley Gardens - Coventry 034,13.37035521,E08000026,Coventry
E02007064,Patchway - South Gloucestershire 033,13.3655225,E06000025,South Gloucestershire
E02003632,Kempston Central & East - Bedford 017,13.3617897,E06000055,Bedford
E02000717,Manor Park South - Newham 004,13.35520006,E09000025,Newham
E02001387,Childwall West & Wavertree Green - Liverpool 041,13.35353719,E08000012,Liverpool
E02006994,Charlton Riverside & Woolwich Dockyard - Greenwich 042,13.35086333,E09000011,Greenwich
E02003979,Hawcoat & Furness Abbey - Barrow-in-Furness 003,13.34738744,E06000064,Westmorland and Furness
E02006592,"Rudgwick, Slinfold & Barns Green - Horsham 005",13.33792845,E07000227,Horsham
E02000535,Heston West - Hounslow 010,13.33073688,E09000018,Hounslow
E02000367,London Fields & Mare Street - Hackney 023,13.32920526,E09000012,Hackney
E02006764,Evesham South - Wychavon 017,13.32489495,E07000238,Wychavon
E02006216,Cheadle South & Upper Tean - Staffordshire Moorlands 013,13.32214216,E07000198,Staffordshire Moorlands
E02006973,Brentford East - Hounslow 031,13.32138258,E09000018,Hounslow
E02005337,Braunstone Town - Blaby 005,13.32019503,E07000129,Blaby
E02005099,Westerham & Brasted - Sevenoaks 013,13.31949462,E07000111,Sevenoaks
E02004256,"Gillingham Outer, Bourton & Motcombe - North Dorset 002",13.31592195,E06000059,Dorset
E02004077,"Doveridge, Brailsford & Bradley - Derbyshire Dales 010",13.31060598,E07000035,Derbyshire Dales
E02006161,Talke & Crackley - Newcastle-under-Lyme 004,13.30469784,E07000195,Newcastle-under-Lyme
E02004817,Andover Central - Test Valley 004,13.29422291,E07000093,Test Valley
E02003513,Aldrington South - Brighton and Hove 023,13.29041466,E06000043,Brighton and Hove
E02001762,East Benton - North Tyneside 025,13.28539423,E08000022,North Tyneside
E02005008,Tenterden & Rolvenden - Ashford 013,13.28164876,E07000105,Ashford
E02000107,Cricklewood Anson Road - Brent 015,13.27788314,E09000005,Brent
E02006495,"Wolston, Binley Woods & Ryton - Rugby 004",13.27126564,E07000220,Rugby
E02001112,Middleton Junction - Oldham 015,13.25381212,E08000004,Oldham
E02005107,Folkestone Morehall & Sandgate - Shepway 006,13.24757315,E07000112,Folkestone and Hythe
E02001117,Greenfield & Uppermill - Oldham 020,13.23587363,E08000004,Oldham
E02004153,Exwick & Foxhayes - Exeter 005,13.22809307,E07000041,Exeter
E02001501,Higher Bebington - Wirral 035,13.22807155,E08000015,Wirral
E02003298,Stanford East - Thurrock 003,13.22787021,E06000034,Thurrock
E02006267,"Debenham, Stonham & Coddenham - Mid Suffolk 007",13.21791307,E07000203,Mid Suffolk
E02006118,Rugeley North & Etchinghill - Cannock Chase 001,13.21762836,E07000192,Cannock Chase
E02000900,South Chingford - Waltham Forest 006,13.21106029,E09000031,Waltham Forest
E02000841,St Helier South - Sutton 002,13.20689834,E09000029,Sutton
E02006700,Wythall & Gay Hill - Bromsgrove 005,13.20682005,E07000234,Bromsgrove
E02004162,Alphington & Marsh Barton - Exeter 014,13.20388117,E07000041,Exeter
E02006971,Southall Green West - Ealing 044,13.20381201,E09000009,Ealing
E02002331,Wetherby East & Thorp Arch - Leeds 002,13.19246153,E08000035,Leeds
E02003031,Redland & St Andrew's - Bristol 020,13.18978747,E06000023,"Bristol, City of"
E02003507,Woodingdean - Brighton and Hove 017,13.18282022,E06000043,Brighton and Hove
E02002508,Kader - Middlesbrough 013,13.1778184,E06000002,Middlesbrough
E02004717,Eastleigh West - Eastleigh 006,13.17511822,E07000086,Eastleigh
E02001745,Killingworth West & Camperdown - North Tyneside 008,13.17439202,E08000022,North Tyneside
E02006918,Clapton Leaside - Hackney 028,13.17108811,E09000012,Hackney
E02006278,Bury St Edmunds Central - St Edmundsbury 006,13.16869754,E07000245,West Suffolk
E02006482,Bermuda & Heath End - Nuneaton and Bedworth 008,13.16791994,E07000219,Nuneaton and Bedworth
E02004428,Wickford North East - Basildon 005,13.16627894,E07000066,Basildon
E02007045,Malton & Norton South - Ryedale 010,13.15722489,E06000065,North Yorkshire
E02006434,Oxted South - Tandridge 007,13.15373756,E07000215,Tandridge
E02004556,"Great Totham, Wickham Bishops & Woodham - Maldon 002",13.14708062,E07000074,Maldon
E02002473,Durkar & Crigglestone - Wakefield 036,13.14194928,E08000036,Wakefield
E02005291,Lower Penwortham North - South Ribble 005,13.13829678,E07000126,South Ribble
E02003638,Leighton Buzzard North & East - Central Bedfordshire 020,13.13807785,E06000056,Central Bedfordshire
E02006800,Goodmayes South - Redbridge 034,13.13785884,E09000026,Redbridge
E02004389,East Blatchington - Lewes 011,13.13519029,E07000063,Lewes
E02002373,Headingley - Leeds 044,13.12888818,E08000035,Leeds
E02006637,Devizes East - Wiltshire 025,13.12532639,E06000054,Wiltshire
E02004950,Chells South - Stevenage 007,13.11898428,E07000243,Stevenage
E02002468,Horbury - Wakefield 031,13.10532604,E08000036,Wakefield
E02001266,Lostock & Stretford Meadows - Trafford 008,13.10315938,E08000009,Trafford
E02005783,Richmond Town - Richmondshire 002,13.09968188,E06000065,North Yorkshire
E02004039,Openwoodgate & Holbrook - Amber Valley 011,13.09897046,E07000032,Amber Valley
E02005393,"Asfordby, Frisby & Old Dalby - Melton 003",13.09513804,E07000133,Melton
E02000525,Harlington & Cranford Cross - Hillingdon 032,13.09108944,E09000017,Hillingdon
E02005245,"East Colne, Foulridge & Trawden - Pendle 006",13.08355314,E07000122,Pendle
E02005816,"Carlton, Hemingbrough & Osgodby - Selby 008",13.08213094,E06000065,North Yorkshire
E02004278,Dorchester East - West Dorset 010,13.06809445,E06000059,Dorset
E02005100,Edenbridge - Sevenoaks 014,13.06537477,E07000111,Sevenoaks
E02007025,Ludgershall & Tidworth North East - Wiltshire 065,13.0522337,E06000054,Wiltshire
E02000542,Hounslow West - Hounslow 017,13.05023616,E09000018,Hounslow
E02002998,Oldfield Park East - Bath and North East Somerset 014,13.04969997,E06000022,Bath and North East Somerset
E02004422,"Stone Cross, Westham & Pevensey Bay - Wealden 020",13.04763278,E07000065,Wealden
E02002246,Northowram & Shelf - Calderdale 003,13.04102285,E08000033,Calderdale
E02004603,St Paul's - Cheltenham 004,13.04101564,E07000078,Cheltenham
E02004141,"Poppleford, Otterton & Woodbury - East Devon 013",13.04035545,E07000040,East Devon
E02003341,Cuxton & Halling - Medway 028,13.04029975,E06000035,Medway
E02002274,Gomersal - Kirklees 004,13.03675782,E08000034,Kirklees
E02007069,Wexham Road - Slough 016,13.03612097,E06000039,Slough
E02003211,"Branksome Park, Canford Cliffs & Sandbanks - Poole 018",13.03068127,E06000058,"Bournemouth, Christchurch and Poole"
E02004413,Broad Oak & Horam - Wealden 011,13.0227355,E07000065,Wealden
E02003600,Sandy South - Central Bedfordshire 002,13.02098673,E06000056,Central Bedfordshire
E02004097,New Mills West & Furness Vale - High Peak 005,13.00693719,E07000037,High Peak
E02003011,Midsomer Norton Redfield - Bath and North East Somerset 027,12.99954499,E06000022,Bath and North East Somerset
E02002101,Solihull Lodge - Solihull 021,12.99824611,E08000029,Solihull
E02002179,Upper Penn - Wolverhampton 031,12.99100797,E08000031,Wolverhampton
E02001395,Mossley Hill East - Liverpool 049,12.97969427,E08000012,Liverpool
E02005294,Bamber Bridge East - South Ribble 008,12.97395687,E07000126,South Ribble
E02000733,West Ham & Stratford Park - Newham 020,12.96595706,E09000025,Newham
E02003081,Weston Milton - North Somerset 017,12.9640321,E06000024,North Somerset
E02002035,Halesowen East - Dudley 036,12.95304861,E08000027,Dudley
E02002942,Priorslee - Telford and Wrekin 015,12.95302506,E06000020,Telford and Wrekin
E02000423,Harringay East - Haringey 027,12.95215124,E09000014,Haringey
E02006092,Yeovil South - South Somerset 018,12.94986752,E06000066,Somerset
E02001815,"Harraton, Rickleton & Fatfield - Sunderland 025",12.93646649,E08000024,Sunderland
E02000702,Lonesome - Merton 014,12.93353421,E09000024,Merton
E02005746,Skipton Town & East - Craven 005,12.93293721,E06000065,North Yorkshire
E02007109,De Beauvoir - Hackney 031,12.9202794,E09000012,Hackney
E02003308,East Tilbury - Thurrock 013,12.90638692,E06000034,Thurrock
E02006350,"Bellfields, Slyfield & Weyfield - Guildford 007",12.9008509,E07000209,Guildford
E02003336,Rainham North West - Medway 023,12.90000321,E06000035,Medway
E02002018,Kingswinford South - Dudley 019,12.88848005,E08000027,Dudley
E02000571,Islington East & Arlington - Islington 018,12.87569125,E09000019,Islington
E02004854,Cheshunt South - Broxbourne 012,12.86345804,E07000095,Broxbourne
E02003724,East Barnwell & Abbey - Cambridge 006,12.85995523,E07000008,Cambridge
E02000373,White City - Hammersmith and Fulham 002,12.85698773,E09000013,Hammersmith and Fulham
E02004246,St Leonards - East Dorset 004,12.84082239,E06000059,Dorset
E02001700,Sunniside & Lobley Hill - Gateshead 019,12.83960454,E08000037,Gateshead
E02000155,Orpington East - Bromley 029,12.83250355,E09000006,Bromley
E02004131,Honiton South & West - East Devon 003,12.82378787,E07000040,East Devon
E02000166,Highgate West - Camden 001,12.81582225,E09000007,Camden
E02000416,Hornsey East - Haringey 020,12.81542981,E09000014,Haringey
E02002547,Elm Tree & Grangefield - Stockton-on-Tees 013,12.81283898,E06000004,Stockton-on-Tees
E02000746,Beckton - Newham 033,12.80417762,E09000025,Newham
E02006236,"East Bergholt, Brantham & Capel St Mary - Babergh 010",12.79537744,E07000200,Babergh
E02006600,"Amberley, Pulborough & Storrington - Horsham 013",12.79259512,E07000227,Horsham
E02006641,Market Lavington & Bishops Cannings - Wiltshire 034,12.78644676,E06000054,Wiltshire
E02003503,Hangleton South - Brighton and Hove 013,12.77546121,E06000043,Brighton and Hove
E02007095,Newcastle Great Park & Dinnington - Newcastle upon Tyne 032,12.77019979,E08000021,Newcastle upon Tyne
E02000727,Plashet West - Newham 014,12.76829219,E09000025,Newham
E02003769,Buckden & Perry - Huntingdonshire 017,12.76737433,E07000011,Huntingdonshire
E02000104,Wembley North - Brent 012,12.76700858,E09000005,Brent
E02002097,"Meriden, Hampton-in-Arden & Temple Balsall - Solihull 017",12.76509922,E08000029,Solihull
E02006573,Wittering & Birdham - Chichester 013,12.75811885,E07000225,Chichester
E02000149,St Mary Cray South - Bromley 023,12.74484152,E09000006,Bromley
E02003094,"Almondsbury, Pilning & Severn Beach - South Gloucestershire 005",12.74064718,E06000025,South Gloucestershire
E02003754,"Stilton, Elton & Folksworth - Huntingdonshire 002",12.73686557,E07000011,Huntingdonshire
E02001171,Swinton South East & Pendlebury West - Salford 015,12.73230804,E08000006,Salford
E02006634,"Ramsbury, Ogbournes & Avebury - Wiltshire 012",12.71610388,E06000054,Wiltshire
E02005260,Haslam Park - Preston 008,12.70433186,E07000123,Preston
E02001812,Hill View & Tunstall - Sunderland 022,12.69463968,E08000024,Sunderland
E02003156,Shiphay & the Willows - Torbay 003,12.69288275,E06000027,Torbay
E02006166,May Bank - Newcastle-under-Lyme 009,12.6900873,E07000195,Newcastle-under-Lyme
E02004106,Eckington West & Coal Aston - North East Derbyshire 002,12.67284969,E07000038,North East Derbyshire
E02004451,Halstead East & Colnes - Braintree 006,12.6653318,E07000067,Braintree
E02004662,Berkeley & Sharpness - Stroud 012,12.66408983,E07000082,Stroud
E02006504,"Earlswood, Tamworth-in-Arden & Sambourne - Stratford-on-Avon 001",12.64732031,E07000221,Stratford-on-Avon
E02003254,Orton West & Castor - Peterborough 018,12.6453702,E06000031,Peterborough
E02006109,Taunton Galmington & Trull - Taunton Deane 011,12.64475665,E06000066,Somerset
E02002458,Ossett North - Wakefield 021,12.64405898,E08000036,Wakefield
E02004160,St Thomas West - Exeter 012,12.64394991,E07000041,Exeter
E02004786,Marchwood & Dibden - New Forest 008,12.637555,E07000091,New Forest
E02005657,Kingsthorpe - Northampton 008,12.63431648,E06000062,West Northamptonshire
E02006202,Gnosall & Haughton - Stafford 015,12.6339629,E07000197,Stafford
E02006998,North Woolwich - Newham 041,12.62498874,E09000025,Newham
E02000320,Abbey Wood South - Greenwich 008,12.62327496,E09000011,Greenwich
E02005665,Little Billing - Northampton 016,12.62212455,E06000062,West Northamptonshire
E02004660,Minchinhampton & Amberley - Stroud 010,12.61601349,E07000082,Stroud
E02002418,Kippax West - Leeds 089,12.6104559,E08000035,Leeds
E02006646,Lydiard Millicent & Purton - Wiltshire 003,12.60786988,E06000054,Wiltshire
E02003841,Neston & Parkgate - Cheshire West and Chester 001,12.60371872,E06000050,Cheshire West and Chester
E02001982,Eastern Green & Tanyard Farm - Coventry 025,12.60036341,E08000026,Coventry
E02003793,Bassingbourn & the Mordens - South Cambridgeshire 019,12.59649904,E07000012,South Cambridgeshire
E02002183,Addingham & Ilkley Moor - Bradford 001,12.59530382,E08000032,Bradford
E02003265,Stopsley North - Luton 008,12.59072837,E06000032,Luton
E02004944,St Nicholas - Stevenage 001,12.58331309,E07000243,Stevenage
E02006500,Town South & School - Rugby 009,12.58268965,E07000220,Rugby
E02004618,"Sandywell, Ermin & Chedworth - Cotswold 004",12.57315903,E07000079,Cotswold
E02002933,Dothill & Shawbirch - Telford and Wrekin 006,12.5713514,E06000020,Telford and Wrekin
E02002325,Meltham - Kirklees 055,12.56914751,E08000034,Kirklees
E02002195,Baildon North - Bradford 013,12.55960393,E08000032,Bradford
E02006373,"Westcott, Ockley & Capel - Mole Valley 012",12.55341678,E07000210,Mole Valley
E02004652,"Painswick, Bisley & Eastcombe - Stroud 002",12.55201486,E07000082,Stroud
E02002324,Emley & Skelmanthorpe - Kirklees 054,12.54876007,E08000034,Kirklees
E02006174,Penkridge & Acton Trussell - South Staffordshire 001,12.54729078,E07000196,South Staffordshire
E02003294,Thorpe Bay - Southend-on-Sea 016,12.54564607,E06000033,Southend-on-Sea
E02006970,Southall Green East - Ealing 043,12.54152007,E09000009,Ealing
E02000186,Camden Town & Mornington Crescent - Camden 021,12.53839741,E09000007,Camden
E02000218,Shirley East - Croydon 025,12.53128979,E09000008,Croydon
E02000003,Chadwell Heath East - Barking and Dagenham 002,12.51999462,E09000002,Barking and Dagenham
E02005402,Ashby de la Zouch South - North West Leicestershire 006,12.51801448,E07000134,North West Leicestershire
E02006940,Central Reading South - Reading 020,12.51263275,E06000038,Reading
E02002090,Lyndon North - Solihull 010,12.50804064,E08000029,Solihull
E02005763,"Dishthorpe, Baldersby & Markington - Harrogate 003",12.50729876,E06000065,North Yorkshire
E02003017,Westbury Village - Bristol 006,12.50539884,E06000023,"Bristol, City of"
E02003666,Aylesbury Central - Aylesbury Vale 015,12.49451201,E06000060,Buckinghamshire
E02005730,Hexham & Acomb - Northumberland 035,12.48657404,E06000057,Northumberland
E02004625,Tetbury - Cotswold 011,12.48466469,E07000079,Cotswold
E02003151,Plymstock Elburton - Plymouth 030,12.48401154,E06000026,Plymouth
E02001044,Sedgley Park - Bury 026,12.4834326,E08000002,Bury
E02005677,"Cotton End, Brackmills & Hardingstone - Northampton 028",12.48243853,E06000062,West Northamptonshire
E02004208,Teignmouth North - Teignbridge 008,12.48024641,E07000045,Teignbridge
E02000548,Bedfont - Hounslow 023,12.47475946,E09000018,Hounslow
E02006281,Eastgate & Southgate - St Edmundsbury 009,12.47197894,E07000245,West Suffolk
E02004856,"Markyate, Flamstead & Gaddesden - Dacorum 001",12.46951144,E07000096,Dacorum
E02004528,"Roydon, Lower Nazeing & Epping Green - Epping Forest 002",12.46806597,E07000072,Epping Forest
E02005210,Andsell & Fairhaven - Fylde 008,12.46598434,E07000119,Fylde
E02005032,Newtown - Dartford 005,12.46509809,E07000107,Dartford
E02004473,Benfleet North - Castle Point 001,12.46008006,E07000069,Castle Point
E02005985,Abingdon South - Vale of White Horse 008,12.4508191,E07000180,Vale of White Horse
E02004118,Hatton & Burnaston - South Derbyshire 001,12.44841409,E07000039,South Derbyshire
E02000816,South Bermondsey Central - Southwark 010,12.43629047,E09000028,Southwark
E02000724,Plashet East - Newham 011,12.43373665,E09000025,Newham
E02006242,"Red Lodge, Icklingham & Moulton - Forest Heath 005",12.42112402,E07000245,West Suffolk
E02001479,Great Meols - Wirral 013,12.42040372,E08000015,Wirral
E02006709,"Stoke Heath, Finstall & Bentley - Bromsgrove 014",12.4148128,E07000234,Bromsgrove
E02003414,Cippenham Meadows - Slough 008,12.40278288,E06000039,Slough
E02006252,California - Ipswich 008,12.3948273,E07000202,Ipswich
E02005817,"Hambleton, Monk Fryston & Byram - Selby 009",12.37641325,E06000065,North Yorkshire
E02004824,Romsey Town - Test Valley 011,12.37163153,E07000093,Test Valley
E02006562,Ifold & Wisborough Green - Chichester 002,12.35815484,E07000225,Chichester
E02003007,High Littleton & Paulton - Bath and North East Somerset 023,12.34159163,E06000022,Bath and North East Somerset
E02005875,Gedling North - Gedling 011,12.33801336,E07000173,Gedling
E02002698,Market Weighton - East Riding of Yorkshire 015,12.3373231,E06000011,East Riding of Yorkshire
E02005209,Warton & Freckleton - Fylde 007,12.33162483,E07000119,Fylde
E02001441,Formby West & Freshfield North - Sefton 013,12.32848683,E08000014,Sefton
E02001500,Pensby & Thingwall - Wirral 034,12.31807106,E08000015,Wirral
E02004264,Upton & Lytchett Minster - Purbeck 002,12.30398962,E06000059,Dorset
E02000685,Sydenham Wells - Lewisham 033,12.29125465,E09000023,Lewisham
E02004100,Whaley Bridge & Chinley - High Peak 008,12.28790873,E07000037,High Peak
E02002359,"Aberford, Barwick & Thorner - Leeds 030",12.28606324,E08000035,Leeds
E02000432,Stroud Green - Haringey 036,12.28359746,E09000014,Haringey
E02004467,Brentwood North - Brentwood 004,12.27761128,E07000068,Brentwood
E02000753,Hainault West - Redbridge 003,12.27004414,E09000026,Redbridge
E02004170,Cullompton - Mid Devon 007,12.26942977,E07000042,Mid Devon
E02003663,Berryfields & Haydon Hill - Aylesbury Vale 012,12.25879335,E06000060,Buckinghamshire
E02000474,Romford North West - Havering 011,12.25827459,E09000016,Havering
E02007093,"Datchworth, Walkern & Cottered - East Hertfordshire 019",12.23398696,E07000242,East Hertfordshire
E02000921,Leytonstone South West - Waltham Forest 027,12.229931,E09000031,Waltham Forest
E02003761,Huntingdon Hartford - Huntingdonshire 009,12.22711795,E07000011,Huntingdonshire
E02000200,South Norwood Hill - Croydon 007,12.21641825,E09000008,Croydon
E02001169,Ellenbrook & Boothstown - Salford 013,12.21038679,E08000006,Salford
E02001442,Formby Central & Freshfield South - Sefton 014,12.20308928,E08000014,Sefton
E02000516,Yeading Brookside - Hillingdon 023,12.20269974,E09000017,Hillingdon
E02002472,Netherton & Middlestown - Wakefield 035,12.19555026,E08000036,Wakefield
E02005531,Sprowston Central - Broadland 012,12.19104287,E07000144,Broadland
E02004619,"Northleach, Coln Valley & Ampneys - Cotswold 005",12.1857763,E07000079,Cotswold
E02000635,Poets' Corner & Brockwell Park - Lambeth 018,12.18498265,E09000022,Lambeth
E02000329,Plumstead South - Greenwich 017,12.18104332,E09000011,Greenwich
E02004364,Old Town & Motcombe - Eastbourne 009,12.17896581,E07000061,Eastbourne
E02004990,Hatfield East - Welwyn Hatfield 011,12.17803244,E07000241,Welwyn Hatfield
E02000760,Barkingside North - Redbridge 010,12.17718618,E09000026,Redbridge
E02005391,"Bottesford, Harby & Croxton Kerrial - Melton 001",12.17299481,E07000133,Melton
E02004339,Sedgefield & Bishop Middleham - County Durham 054,12.1686033,E06000047,County Durham
E02005605,"Mulbarton, Tasburgh & Saxlingham Nethergate - South Norfolk 009",12.16853658,E07000149,South Norfolk
E02004978,Holywell - Watford 011,12.16562613,E07000103,Watford
E02004292,Chester-le-Street North - County Durham 007,12.15854455,E06000047,County Durham
E02003661,"Oakley, Brill & Edgcott - Aylesbury Vale 010",12.1585015,E06000060,Buckinghamshire
E02000543,Hounslow High Street - Hounslow 018,12.15642218,E09000018,Hounslow
E02004811,Aldershot Rowhill - Rushmoor 010,12.15518371,E07000092,Rushmoor
E02003626,Newnham - Bedford 011,12.1473237,E06000055,Bedford
E02005327,"Pilling, Great Eccleston & Inksip - Wyre 009",12.14568088,E07000128,Wyre
E02000555,Archway East - Islington 002,12.13991631,E09000019,Islington
E02003609,Shefford & Shillington - Central Bedfordshire 011,12.13989894,E06000056,Central Bedfordshire
E02004691,Old Basing & the Candovers - Basingstoke and Deane 017,12.13917998,E07000084,Basingstoke and Deane
E02000719,Forest Gate West - Newham 006,12.13892571,E09000025,Newham
E02005905,"Lowdham, Bleasby & Gunthorpe - Newark and Sherwood 013",12.13469853,E07000175,Newark and Sherwood
E02000935,Roehampton North West - Wandsworth 013,12.12798921,E09000032,Wandsworth
E02006450,"Wheelerstreet, Wormley & Hambledon - Waverley 012",12.11032518,E07000216,Waverley
E02000824,Peckham Park Road - Southwark 018,12.1101376,E09000028,Southwark
E02002296,Mirfield Central & Hopton - Kirklees 026,12.09522666,E08000034,Kirklees
E02003557,Highfield & University - Southampton 009,12.09495128,E06000045,Southampton
E02003870,Central Macclesfield - Cheshire East 018,12.08905068,E06000049,Cheshire East
E02002285,"Heckmondwike Town, Norristhorpe & Roberttown - Kirklees 015",12.0865827,E08000034,Kirklees
E02002930,Newport South - Telford and Wrekin 003,12.0715993,E06000020,Telford and Wrekin
E02002518,Redcar East - Redcar and Cleveland 004,12.07017101,E06000003,Redcar and Cleveland
E02006755,Inkberrow & Flyford Flavell - Wychavon 008,12.06206038,E07000238,Wychavon
E02001206,Marple & Rose Hill - Stockport 020,12.05096739,E08000007,Stockport
E02003740,Swaffham & Bottisham - East Cambridgeshire 009,12.05004392,E07000009,East Cambridgeshire
E02001741,Wideopen & Seaton Burn - North Tyneside 004,12.03761963,E08000022,North Tyneside
E02000627,Stockwell South - Lambeth 010,12.0228574,E09000022,Lambeth
E02002048,Great Barr - Sandwell 006,12.02199584,E08000028,Sandwell
E02000898,Larkswood - Waltham Forest 004,12.02022174,E09000031,Waltham Forest
E02003990,"Kingmoor, Houghton & Whiteclosegate - Carlisle 004",12.01468234,E06000063,Cumberland
E02003113,"Marshfield, Wick & Hawkesbury - South Gloucestershire 024",12.0124283,E06000025,South Gloucestershire
E02006382,Merstham - Reigate and Banstead 008,12.01207961,E07000211,Reigate and Banstead
E02002786,Tang Hall - York 015,12.00445824,E06000014,York
E02002805,Spondon North - Derby 010,12.00048167,E06000015,Derby
E02006782,Plaistow (Bromley) - Bromley 040,11.99965076,E09000006,Bromley
E02000989,Harwood - Bolton 006,11.99391629,E08000001,Bolton
E02000065,Crossway Park - Bexley 001,11.99182329,E09000004,Bexley
E02006196,Stafford North East - Stafford 009,11.9912405,E07000197,Stafford
E02000004,Eastbrookend - Barking and Dagenham 003,11.9760673,E09000002,Barking and Dagenham
E02002011,Kingswinford North - Dudley 012,11.96247904,E08000027,Dudley
E02004661,Cam - Stroud 011,11.95866598,E07000082,Stroud
E02002717,Hessle East & Anlaby South - East Riding of Yorkshire 034,11.94106826,E06000011,East Riding of Yorkshire
E02005371,"Fleckney, Kilworth & Foxton - Harborough 005",11.93669511,E07000131,Harborough
E02001633,Upper Stannington & Loxley - Sheffield 023,11.92945812,E08000039,Sheffield
E02004204,Chudleigh & Bovey Tracey - Teignbridge 004,11.92547431,E07000045,Teignbridge
E02004663,Nailsworth - Stroud 013,11.92477821,E07000082,Stroud
E02002342,Cookridge & Holt Park - Leeds 013,11.92406863,E08000035,Leeds
E02003758,"Somersham, Riptons & Raveleys - Huntingdonshire 006",11.92313856,E07000011,Huntingdonshire
E02005628,"Woodforth Halse, Byfield & Staverton - Daventry 010",11.92202283,E06000062,West Northamptonshire
E02005278,"Crawshawbooth, Reedsholme & Water - Rossendale 001",11.91796845,E07000125,Rossendale
E02007068,Elliman - Slough 015,11.91395727,E06000039,Slough
E02000307,Tatem Park - Enfield 031,11.90884775,E09000010,Enfield
E02006677,Downton & Morgan's Vale - Wiltshire 062,11.90735288,E06000054,Wiltshire
E02003240,"Barnack, Wittering & Wansford - Peterborough 004",11.90079205,E06000031,Peterborough
E02004870,Hemel Hempstead Town - Dacorum 015,11.8984293,E07000096,Dacorum
E02001423,Eccleston Park - St. Helens 018,11.88302328,E08000013,St. Helens
E02002450,Normanton East - Wakefield 013,11.8829617,E08000036,Wakefield
E02005029,Ebbsfleet & Greenhithe - Dartford 002,11.87144462,E07000107,Dartford
E02006276,"Fornham, Great Barton & Rougham - St Edmundsbury 004",11.86765243,E07000245,West Suffolk
E02004787,Hythe - New Forest 009,11.84582421,E07000091,New Forest
E02000812,London Bridge & Bermondsey West - Southwark 006,11.83507732,E09000028,Southwark
E02004976,Central Watford - Watford 009,11.82995141,E07000103,Watford
E02000825,Peckham North West - Southwark 019,11.8248921,E09000028,Southwark
E02003829,Crewe Sydney & Gateway - Cheshire East 038,11.81871942,E06000049,Cheshire East
E02002931,Muxton & Lilleshall - Telford and Wrekin 004,11.80075134,E06000020,Telford and Wrekin
E02004539,Loughton South - Epping Forest 013,11.80032119,E07000072,Epping Forest
E02004245,West Verwood - East Dorset 003,11.79910357,E06000059,Dorset
E02003129,Crownhill - Plymouth 008,11.78783496,E06000026,Plymouth
E02006583,Maidenbower West & Furnace Green - Crawley 009,11.78303802,E07000226,Crawley
E02002008,Dibdale - Dudley 009,11.78225411,E08000027,Dudley
E02005238,Scotforth East & Bowerham - Lancaster 018,11.77766365,E07000121,Lancaster
E02003487,Far Bletchley - Milton Keynes 029,11.77227213,E06000042,Milton Keynes
E02006049,Frome North - Mendip 003,11.76998463,E06000066,Somerset
E02000069,Erith West - Bexley 005,11.76055802,E09000004,Bexley
E02001326,Lowton Common - Wigan 040,11.75752294,E08000010,Wigan
E02000920,Leyton South - Waltham Forest 026,11.75468964,E09000031,Waltham Forest
E02005149,"Aylesford, Wouldham & Blue Bell Hill - Tonbridge and Malling 001",11.75167484,E07000115,Tonbridge and Malling
E02006298,Trimley & Kirton - Suffolk Coastal 012,11.7492631,E07000244,East Suffolk
E02000556,Tollington - Islington 003,11.74617129,E09000019,Islington
E02001030,Ainsworth & Bradley Fold - Bury 012,11.74046895,E08000002,Bury
E02003152,Plymstock Hooe & Oreston - Plymouth 031,11.74014357,E06000026,Plymouth
E02000098,Barnhill The Avenue - Brent 006,11.73917828,E09000005,Brent
E02003434,Clewer New Town - Windsor and Maidenhead 014,11.73783128,E06000040,Windsor and Maidenhead
E02003259,Sundon Park - Luton 002,11.73111211,E06000032,Luton
E02005481,Grantham South East - South Kesteven 006,11.72215931,E07000141,South Kesteven
E02006459,Sheerwater - Woking 004,11.71225346,E07000217,Woking
E02005892,"King's Walk, Berry Hill & Oakham - Mansfield 013",11.71075338,E07000174,Mansfield
E02004019,Kendal East & Whinfell - South Lakeland 005,11.70974105,E06000064,Westmorland and Furness
E02006807,Yardley Wood East - Birmingham 132,11.70858599,E08000025,Birmingham
E02006972,Kew Bridge & Gunnersbury Park - Hounslow 030,11.70617493,E09000018,Hounslow
E02005853,Kimberley North & Watnall - Broxtowe 004,11.70380867,E07000172,Broxtowe
E02000929,York Gardens - Wandsworth 007,11.69977821,E09000032,Wandsworth
E02005681,"Harpole, Kislingbury & Bugbrooke - South Northamptonshire 001",11.69812789,E06000062,West Northamptonshire
E02004524,"Layer-de-la-Haye, Abberton & Mersea East - Colchester 019",11.69687608,E07000071,Colchester
E02005536,Brundall & Cantley - Broadland 017,11.6950566,E07000144,Broadland
E02006379,Tattenham South - Reigate and Banstead 005,11.69267378,E07000211,Reigate and Banstead
E02005993,Chipping Norton - West Oxfordshire 001,11.67991232,E07000181,West Oxfordshire
E02001532,Penistone - Barnsley 024,11.67414132,E08000038,Barnsley
E02001618,Oughtibridge & Bradfield - Sheffield 008,11.67390742,E08000039,Sheffield
E02004429,Wickford West - Basildon 006,11.66181767,E07000066,Basildon
E02000723,East Ham North - Newham 010,11.65584255,E09000025,Newham
E02002493,Seaton Carew - Hartlepool 011,11.65409488,E06000001,Hartlepool
E02005934,Bicester West - Cherwell 014,11.6508726,E07000177,Cherwell
E02004821,"Chilbolton, Clatford & Barton Stacey - Test Valley 008",11.64564003,E07000093,Test Valley
E02002575,Upton Rocks - Halton 002,11.62410443,E06000006,Halton
E02000360,Amhurst Road & Pembury Estate - Hackney 016,11.61977475,E09000012,Hackney
E02005067,Sole Street & Vigo - Gravesham 013,11.61792869,E07000109,Gravesham
E02006528,Leamington East & Sydenham - Warwick 010,11.61760252,E07000222,Warwick
E02000319,Plumstead Common & Riverside - Greenwich 007,11.61374284,E09000011,Greenwich
E02004253,Parley & Hampreston - East Dorset 011,11.61082075,E06000059,Dorset
E02000292,Southbury West - Enfield 016,11.60279996,E09000010,Enfield
E02000364,Dalston East - Hackney 020,11.59530734,E09000012,Hackney
E02002692,Stamford Bridge & Sutton Upon Derwent - East Riding of Yorkshire 009,11.59089546,E06000011,East Riding of Yorkshire
E02002319,Slaithwaite & Linthwaite - Kirklees 049,11.58063247,E08000034,Kirklees
E02005687,Silverstone & Syresham & Helmdon - South Northamptonshire 007,11.57798185,E06000062,West Northamptonshire
E02005331,Poulton North & Carleton East - Wyre 013,11.57489723,E07000128,Wyre
E02006270,Stowmarket East & Needham Market North - Mid Suffolk 010,11.57291781,E07000203,Mid Suffolk
E02003010,Westfield - Bath and North East Somerset 026,11.56668192,E06000022,Bath and North East Somerset
E02005015,Herne & Broomfield - Canterbury 006,11.56665745,E07000106,Canterbury
E02005627,Long Buckby West & Weedon - Daventry 009,11.54971134,E06000062,West Northamptonshire
E02000679,Perry Vale - Lewisham 027,11.54485013,E09000023,Lewisham
E02001013,Over Hulton - Bolton 030,11.51351787,E08000001,Bolton
E02002271,Birkenshaw - Kirklees 001,11.50704484,E08000034,Kirklees
E02002632,"Tockholes, Edgworth & Hoddlesden - Blackburn with Darwen 018",11.50100963,E06000008,Blackburn with Darwen
E02002507,Acklam - Middlesbrough 012,11.49606265,E06000002,Middlesbrough
E02006814,Anlaby Common - East Riding of Yorkshire 043,11.49578836,E06000011,East Riding of Yorkshire
E02001446,Maghull North East - Sefton 018,11.4831733,E08000014,Sefton
E02006704,"Alvechurch, Hopwood & Holt End - Bromsgrove 009",11.48053614,E07000234,Bromsgrove
E02000358,Stoke Newington South - Hackney 014,11.46848063,E09000012,Hackney
E02000369,Haggerston West & Kingsland Basin - Hackney 025,11.46269873,E09000012,Hackney
E02004309,Pity Me & Framwellgate Moor - County Durham 023,11.45860114,E06000047,County Durham
E02005085,Marden - Maidstone 018,11.45607999,E07000110,Maidstone
E02000249,Greenford South - Ealing 012,11.45581959,E09000009,Ealing
E02004114,Ashover & New Tupton - North East Derbyshire 010,11.45314537,E07000038,North East Derbyshire
E02000567,Canonbury East & Mildmay Park - Islington 014,11.45265815,E09000019,Islington
E02005631,Thrapston & Brigstock - East Northamptonshire 003,11.45036361,E06000061,North Northamptonshire
E02006839,"Hindhead, Beacon Hill & Frensham - Waverley 018",11.44917881,E07000216,Waverley
E02004415,"Five Ash Down, Horsted & Chiddingly - Wealden 013",11.44744313,E07000065,Wealden
E02003108,Pucklechurch & Westerleigh - South Gloucestershire 019,11.43189488,E06000025,South Gloucestershire
E02005348,Loughborough Garendon - Charnwood 004,11.42982661,E07000130,Charnwood
E02005876,Gedling South - Gedling 012,11.42630235,E07000173,Gedling
E02005650,Boughton - Northampton 001,11.42524127,E06000062,West Northamptonshire
E02003633,Kempston West & South - Bedford 018,11.4247203,E06000055,Bedford
E02000730,Upton Park - Newham 017,11.42226143,E09000025,Newham
E02004112,Wingerworth & Holymoorside - North East Derbyshire 008,11.42154172,E07000038,North East Derbyshire
E02004011,Penrith Outer - Eden 004,11.42135974,E06000064,Westmorland and Furness
E02006372,Holmwoods - Mole Valley 011,11.41216771,E07000210,Mole Valley
E02006564,Midhurst & Cocking - Chichester 004,11.41169689,E07000225,Chichester
E02004664,Dursley - Stroud 014,11.4110992,E07000082,Stroud
E02002434,"Robin Hood, Lofthouse & Middleton Lane - Leeds 105",11.40979781,E08000035,Leeds
E02001682,Ryton - Gateshead 001,11.40256457,E08000037,Gateshead
E02003776,Cottenham - South Cambridgeshire 002,11.38438522,E07000012,South Cambridgeshire
E02003756,Sawtry & Gidding - Huntingdonshire 004,11.38392569,E07000011,Huntingdonshire
E02007092,Welham Green - Welwyn Hatfield 017,11.37718246,E07000241,Welwyn Hatfield
E02001393,Calderstones - Liverpool 047,11.37677445,E08000012,Liverpool
E02005091,Darenth Valley - Sevenoaks 005,11.36862636,E07000111,Sevenoaks
E02003068,Pill & Easton - North Somerset 004,11.35510112,E06000024,North Somerset
E02004834,Winchester East - Winchester 006,11.35509154,E07000094,Winchester
E02006753,Fernhill Heath & Ombersley - Wychavon 006,11.33851394,E07000238,Wychavon
E02004193,Ivybridge - South Hams 005,11.33814783,E07000044,South Hams
E02006660,"Corsham, Bowerhill & Lacock - Wiltshire 018",11.33644282,E06000054,Wiltshire
E02003107,Filton - South Gloucestershire 018,11.33504057,E06000025,South Gloucestershire
E02000262,Acton Central - Ealing 025,11.3314457,E09000009,Ealing
E02005101,"Hever, Leigh & Penshurst - Sevenoaks 015",11.31897154,E07000111,Sevenoaks
E02005458,"Navenby, Harmston & Brant Broughton - North Kesteven 006",11.31710882,E07000139,North Kesteven
E02006648,Sherston & Hullavington - Wiltshire 005,11.31308212,E06000054,Wiltshire
E02003840,"Audlem, Bunbury & Wrenbury - Cheshire East 051",11.31222681,E06000049,Cheshire East
E02005384,"Stoke Golding, Higham & Fenny Drayton - Hinckley and Bosworth 008",11.31169239,E07000132,Hinckley and Bosworth
E02002826,Chellaston East - Derby 031,11.31135183,E06000015,Derby
E02004144,Exmouth Halsdon - East Devon 016,11.31117418,E07000040,East Devon
E02003822,"Scholar Green, Rode Heath & Brereton - Cheshire East 033",11.31040717,E06000049,Cheshire East
E02003021,Horfield - Bristol 010,11.29296825,E06000023,"Bristol, City of"
E02006649,Royal Wootton Bassett Town - Wiltshire 006,11.28796619,E06000054,Wiltshire
E02000728,Wallend North - Newham 015,11.2849145,E09000025,Newham
E02003215,Haydon Wick - Swindon 004,11.27109939,E06000030,Swindon
E02001490,Noctorum South - Wirral 024,11.27109448,E08000015,Wirral
E02004341,Newton Aycliffe North - County Durham 060,11.26837817,E06000047,County Durham
E02000886,Limehouse East - Tower Hamlets 023,11.26829339,E09000030,Tower Hamlets
E02005970,Didcot South East - South Oxfordshire 013,11.26192447,E07000179,South Oxfordshire
E02005086,Staplehurst - Maidstone 019,11.25936743,E07000110,Maidstone
E02006568,College Lane & Oaklands - Chichester 008,11.2568121,E07000225,Chichester
E02004017,Kendal North & Burneside - South Lakeland 003,11.25647672,E06000064,Westmorland and Furness
E02000254,Southall North - Ealing 017,11.24817664,E09000009,Ealing
E02007008,Central Lewisham North - Lewisham 040,11.23101936,E09000023,Lewisham
E02006629,East Worthing - Worthing 009,11.22961263,E07000229,Worthing
E02004471,Brentwood South & Warley - Brentwood 008,11.22417743,E07000068,Brentwood
E02004559,Maldon South - Maldon 005,11.22315843,E07000074,Maldon
E02004929,Redbourn - St Albans 006,11.22283406,E07000240,St Albans
E02000221,Waddon South - Croydon 028,11.22188586,E09000008,Croydon
E02004136,Ottery St Mary & West Hill - East Devon 008,11.22136941,E07000040,East Devon
E02003518,King Alfred - Brighton and Hove 028,11.21555478,E06000043,Brighton and Hove
E02005004,Park Farm - Ashford 009,11.21486029,E07000105,Ashford
E02007115,Kings Cross & Bloomsbury North - Camden 029,11.21406143,E09000007,Camden
E02004642,"Coney Hill, Barnwood & Abbeydale - Gloucester 007",11.21337841,E07000081,Gloucester
E02000152,Bromley Common - Bromley 026,11.21033858,E09000006,Bromley
E02004474,New Thundersley - Castle Point 002,11.20757996,E07000069,Castle Point
E02004922,"Ickleford, Great Offley & Whitwell - North Hertfordshire 014",11.19746693,E07000099,North Hertfordshire
E02004911,Letchworth Grange - North Hertfordshire 003,11.19629862,E07000099,North Hertfordshire
E02007100,Shieldfield & Quayside - Newcastle upon Tyne 037,11.18495407,E08000021,Newcastle upon Tyne
E02003119,Cadbury Heath South & North Common - South Gloucestershire 030,11.18009706,E06000025,South Gloucestershire
E02000265,West Ealing - Ealing 028,11.17032918,E09000009,Ealing
E02004367,Meads - Eastbourne 012,11.16902918,E07000061,Eastbourne
E02003607,"Marston Moretaine, Lidlington & Woburn - Central Bedfordshire 009",11.1680865,E06000056,Central Bedfordshire
E02000895,Chingford Green West - Waltham Forest 001,11.16685006,E09000031,Waltham Forest
E02002784,York City Centre - York 013,11.16133343,E06000014,York
E02004945,Woodfield & Old Town - Stevenage 002,11.15998367,E07000243,Stevenage
E02001974,Sherbourne - Coventry 017,11.1555133,E08000026,Coventry
E02000120,Kilburn West - Brent 028,11.14375518,E09000005,Brent
E02002573,Middleton & Hurworth - Darlington 015,11.14301197,E06000005,Darlington
E02000419,Harringay Ladder North - Haringey 023,11.14122057,E09000014,Haringey
E02003767,"Kilmbolton, Great Staughton & Molesworth - Huntingdonshire 015",11.14050415,E07000011,Huntingdonshire
E02000101,Forty Lane - Brent 009,11.13443439,E09000005,Brent
E02002627,Ewood & Fernhurst - Blackburn with Darwen 013,11.13438727,E06000008,Blackburn with Darwen
E02004477,Hadleigh North - Castle Point 005,11.11511709,E07000069,Castle Point
E02001695,Wardley - Gateshead 014,11.09653307,E08000037,Gateshead
E02004967,South Oxhey - Three Rivers 012,11.09348153,E07000102,Three Rivers
E02003787,"Barrington, Orwell & Gamlingay - South Cambridgeshire 013",11.09147102,E07000012,South Cambridgeshire
E02004314,Durham City - County Durham 030,11.08821664,E06000047,County Durham
E02000253,Cuckoo Park - Ealing 016,11.08669983,E09000009,Ealing
E02005646,Kettering East - Kettering 008,11.08229283,E06000061,North Northamptonshire
E02005204,Kirkham & Wesham - Fylde 002,11.07480578,E07000119,Fylde
E02001797,Springwell & Usworth - Sunderland 007,11.07031674,E08000024,Sunderland
E02003636,Barton-le-Clay & Upper Sundon - Central Bedfordshire 018,11.07018515,E06000056,Central Bedfordshire
E02000831,Peckham Rye - Southwark 025,11.06958035,E09000028,Southwark
E02002444,"Stanley, Moorhouse & Bottomboat - Wakefield 007",11.06317401,E08000036,Wakefield
E02004878,Buntingford & Great Hormead - East Hertfordshire 001,11.06164203,E07000242,East Hertfordshire
E02002545,Rimswell & Bishopsgarth - Stockton-on-Tees 011,11.05852806,E06000004,Stockton-on-Tees
E02006832,New Ash Green - Sevenoaks 016,11.05443091,E07000111,Sevenoaks
E02000375,Shepherd's Bush North - Hammersmith and Fulham 004,11.0519817,E09000013,Hammersmith and Fulham
E02005718,Cramlington South - Northumberland 031,11.05163569,E06000057,Northumberland
E02001697,Low Fell East - Gateshead 016,11.03643512,E08000037,Gateshead
E02002559,"Faverdale, Heighington & Sadberge - Darlington 001",11.03428113,E06000005,Darlington
E02003606,Houghton Conquest & Clophill - Central Bedfordshire 008,11.02695519,E06000056,Central Bedfordshire
E02006635,Marlborough - Wiltshire 019,11.02179811,E06000054,Wiltshire
E02006516,"Kineton, Tysoe & Warmington - Stratford-on-Avon 013",11.01744544,E07000221,Stratford-on-Avon
E02003195,Bearwood - Poole 002,11.0159688,E06000058,"Bournemouth, Christchurch and Poole"
E02001979,Allesley Park - Coventry 022,11.00916365,E08000026,Coventry
E02006682,Bradford-on-Avon - Wiltshire 027,11.00001411,E06000054,Wiltshire
E02000710,Mitcham South - Merton 022,10.99969572,E09000024,Merton
E02004543,Grange Hill - Epping Forest 017,10.986765,E07000072,Epping Forest
E02004023,Sedbergh & Kirkby Lonsdale - South Lakeland 009,10.97640824,E06000064,Westmorland and Furness
E02006891,Driffield East & Nafferton - East Riding of Yorkshire 044,10.97542027,E06000011,East Riding of Yorkshire
E02000642,West Dulwich - Lambeth 025,10.96208152,E09000022,Lambeth
E02006570,Central Chichester - Chichester 010,10.94482845,E07000225,Chichester
E02005592,Earlham Road & College Road - Norwich 009,10.94219802,E07000148,Norwich
E02001267,Urmston East - Trafford 009,10.93929087,E08000009,Trafford
E02003655,"Marsh Gibbon, Steeple Claydon & Tingewick - Aylesbury Vale 004",10.93379244,E06000060,Buckinghamshire
E02005195,Croston & Mawdesley - Chorley 007,10.9336574,E07000118,Chorley
E02004069,"Bakewell North, Baslow & Calver - Derbyshire Dales 002",10.93221059,E07000035,Derbyshire Dales
E02006154,Burntwood Chase Terrace & Hammerwich - Lichfield 009,10.93060495,E07000194,Lichfield
E02000202,Thornton Heath West - Croydon 009,10.92945604,E09000008,Croydon
E02004431,Wickford South - Basildon 008,10.92670289,E07000066,Basildon
E02003027,Bishopston - Bristol 016,10.92395598,E06000023,"Bristol, City of"
E02002360,Meanwood - Leeds 031,10.9224232,E08000035,Leeds
E02003803,Chester City & Garden Quarter - Cheshire West and Chester 034,10.90898417,E06000050,Cheshire West and Chester
E02000638,Brixton Hilll West - Lambeth 021,10.90140865,E09000022,Lambeth
E02004197,"Wembury, Brixton & Newton Ferrers - South Hams 009",10.89722492,E07000044,South Hams
E02004606,Alstone & St Mark's - Cheltenham 007,10.89452944,E07000078,Cheltenham
E02004615,"Willersley, Chipping Campden & Blockley - Cotswold 001",10.8892041,E07000079,Cotswold
E02005330,Thornton East & Carleton West - Wyre 012,10.88616786,E07000128,Wyre
E02005755,Bedale & Snape - Hambleton 006,10.88515181,E06000065,North Yorkshire
E02002863,"Market Overton, Cottesmore & Empingham - Rutland 001",10.88131306,E06000017,Rutland
E02004850,Cheshunt Coopers Walk - Broxbourne 008,10.87764114,E07000095,Broxbourne
E02004104,Buxton Burbage & Harpur Hill - High Peak 012,10.8772867,E07000037,High Peak
E02003874,Frodsham - Cheshire West and Chester 002,10.8770081,E06000050,Cheshire West and Chester
E02005914,Cotgrave - Rushcliffe 009,10.8681444,E07000176,Rushcliffe
E02001833,Kingstanding North - Birmingham 007,10.86676546,E08000025,Birmingham
E02005860,Beeston Town - Broxtowe 011,10.86668691,E07000172,Broxtowe
E02005959,Beckley & Horspath - South Oxfordshire 002,10.86537665,E07000179,South Oxfordshire
E02003917,Falmouth West & South - Cornwall 064,10.86483759,E06000052,Cornwall
E02003305,Little Thurrock North - Thurrock 010,10.86190122,E06000034,Thurrock
E02004495,Writtle & Highwood - Chelmsford 011,10.85289762,E07000070,Chelmsford
E02002302,Kirkheaton - Kirklees 032,10.85154338,E08000034,Kirklees
E02006505,Henley-in-Arden & Claverdon - Stratford-on-Avon 002,10.85117328,E07000221,Stratford-on-Avon
E02005377,Markfield & Thornton - Hinckley and Bosworth 001,10.83749236,E07000132,Hinckley and Bosworth
E02000714,Forest Gate North - Newham 001,10.8352645,E09000025,Newham
E02004068,"Hathersage, Bradwell & Tideswell - Derbyshire Dales 001",10.82552816,E07000035,Derbyshire Dales
E02006909,"The Fens, Elwick & Hart - Hartlepool 014",10.81415315,E06000001,Hartlepool
E02003519,Brunswick - Brighton and Hove 029,10.80340099,E06000043,Brighton and Hove
E02007080,Kingswood - Kingston upon Hull 035,10.79693515,E06000010,"Kingston upon Hull, City of"
E02004659,Leonard Stanley & Uley - Stroud 009,10.77839753,E07000082,Stroud
E02004948,Symonds Green - Stevenage 005,10.77641762,E07000243,Stevenage
E02005082,"Kingswood, Langley Heath & Chart Sutton - Maidstone 015",10.77302086,E07000110,Maidstone
E02005207,Heyhouses & Park - Fylde 005,10.75580318,E07000119,Fylde
E02001683,Crawcrook & Greenside - Gateshead 002,10.75421652,E08000037,Gateshead
E02001197,Norris Bank - Stockport 011,10.74338151,E08000007,Stockport
E02000545,Isleworth & Ivybridge - Hounslow 020,10.74179099,E09000018,Hounslow
E02006927,Kidbrooke South - Greenwich 034,10.74125754,E09000011,Greenwich
E02007097,Heaton Park & Portland Road - Newcastle upon Tyne 034,10.73796133,E08000021,Newcastle upon Tyne
E02005729,Wylam & Ovingham - Northumberland 036,10.73778276,E06000057,Northumberland
E02004123,"Melbourne, Ticknall & Hartshorne - South Derbyshire 006",10.72778501,E07000039,South Derbyshire
E02006951,University & Brandon Hill - Bristol 060,10.72568433,E06000023,"Bristol, City of"
E02006982,Perton & Pattingham - South Staffordshire 015,10.72506589,E07000196,South Staffordshire
E02000071,Northumberland Heath - Bexley 007,10.71854263,E09000004,Bexley
E02002866,"Ketton, Ryhall & Luffenham - Rutland 004",10.70900062,E06000017,Rutland
E02005340,Blaby Village - Blaby 008,10.69707896,E07000129,Blaby
E02002574,Farnworth - Halton 001,10.67938831,E06000006,Halton
E02003645,Dunstable East - Central Bedfordshire 027,10.67934773,E06000056,Central Bedfordshire
E02002264,Skircoat Green - Calderdale 021,10.67242625,E08000033,Calderdale
E02005722,"Longhorsley, Hepscott & Capheaton - Northumberland 015",10.67139526,E06000057,Northumberland
E02002901,Wilford & Silverdale - Nottingham 034,10.66866845,E06000018,Nottingham
E02000629,Clapham North - Lambeth 012,10.65991571,E09000022,Lambeth
E02006534,Hillside - Adur 001,10.65938997,E07000223,Adur
E02003002,Combe Down - Bath and North East Somerset 018,10.65576004,E06000022,Bath and North East Somerset
E02003759,"Bluntisham, Earith & Needingworth - Huntingdonshire 007",10.6522844,E07000011,Huntingdonshire
E02001024,Walshaw & Woolfold - Bury 006,10.65114339,E08000002,Bury
E02002297,Cowcliffe & South Fixby - Kirklees 027,10.64824954,E08000034,Kirklees
E02004151,Pinhoe & Whipton North - Exeter 003,10.64819052,E07000041,Exeter
E02005225,Halton & Caton - Lancaster 005,10.64746909,E07000121,Lancaster
E02006506,Studley - Stratford-on-Avon 003,10.64333688,E07000221,Stratford-on-Avon
E02006569,"Southbourne, Bosham & Thorney - Chichester 009",10.64098741,E07000225,Chichester
E02005156,Hadlow & East Peckham - Tonbridge and Malling 008,10.63802187,E07000115,Tonbridge and Malling
E02000748,Beckton Park - Newham 035,10.63400421,E09000025,Newham
E02002725,Snaith - East Riding of Yorkshire 042,10.62311761,E06000011,East Riding of Yorkshire
E02002386,Cross Gates East & Manston - Leeds 057,10.62003605,E08000035,Leeds
E02004765,Waterlooville North East - Havant 004,10.61924451,E07000090,Havant
E02004072,Matlock North - Derbyshire Dales 005,10.61868987,E07000035,Derbyshire Dales
E02000044,Mill Hill Broadway - Barnet 021,10.61539055,E09000003,Barnet
E02005691,"Kings Sutton, Greatworth & Evenley - South Northamptonshire 011",10.61238941,E06000062,West Northamptonshire
E02003076,Yatton & Cleeve - North Somerset 012,10.61149875,E06000024,North Somerset
E02006790,Warlingham East & Tatsfield - Tandridge 012,10.60964335,E07000215,Tandridge
E02005904,"Fernwood, Farndon & Fiskerton - Newark and Sherwood 012",10.60939816,E07000175,Newark and Sherwood
E02003099,Yate Kingsgate - South Gloucestershire 010,10.60929358,E06000025,South Gloucestershire
E02004788,Ringwood North & Ibsley - New Forest 010,10.60913837,E07000091,New Forest
E02005818,"Eggborough, Kellington & Smeaton - Selby 010",10.6032764,E06000065,North Yorkshire
E02000675,Grove Park & Lee South - Lewisham 023,10.59957043,E09000023,Lewisham
E02000199,Thornton Heath North East - Croydon 006,10.59331533,E09000008,Croydon
E02001213,Woodsmoor & Mile End - Stockport 027,10.58513471,E08000007,Stockport
E02000913,Whipps Cross - Waltham Forest 019,10.58490908,E09000031,Waltham Forest
E02005635,Higham Ferrers - East Northamptonshire 007,10.58351319,E06000061,North Northamptonshire
E02000439,Edgware West - Harrow 007,10.57250222,E09000015,Harrow
E02003621,Putnoe - Bedford 006,10.57013288,E06000055,Bedford
E02005686,Middleton Cheney & Chipping Warden - South Northamptonshire 006,10.56951057,E06000062,West Northamptonshire
E02004718,Central Eastleigh - Eastleigh 007,10.56702906,E07000086,Eastleigh
E02004793,Brockenhurst & Sway - New Forest 015,10.56686792,E07000091,New Forest
E02005713,Blyth South - Northumberland 026,10.56628952,E06000057,Northumberland
E02003299,"Orsett, Bulphan & Hordon-on-the-Hill - Thurrock 004",10.56289492,E06000034,Thurrock
E02000183,Primrose Hill - Camden 018,10.56128376,E09000007,Camden
E02007111,Shoreditch - Hackney 033,10.54934656,E09000012,Hackney
E02004409,Chelwood & Nutley - Wealden 007,10.54648219,E07000065,Wealden
E02000227,Forestdale - Croydon 034,10.54307458,E09000008,Croydon
E02000340,Eltham South - Greenwich 028,10.53104911,E09000011,Greenwich
E02005081,Yalding & Farleigh - Maidstone 014,10.52912757,E07000110,Maidstone
E02006987,Central Croydon - Croydon 046,10.52750668,E09000008,Croydon
E02000027,Ducks Island & Underhill - Barnet 004,10.52154013,E09000003,Barnet
E02003223,Rodbourne & Cheney Manor - Swindon 012,10.52108448,E06000030,Swindon
E02003204,Oakdale East - Poole 011,10.52098575,E06000058,"Bournemouth, Christchurch and Poole"
E02006572,"Tangmere, Mundham & Hunston - Chichester 012",10.50165193,E07000225,Chichester
E02005668,New Duston East - Northampton 019,10.49644517,E06000062,West Northamptonshire
E02006763,Evesham East - Wychavon 016,10.49485582,E07000238,Wychavon
E02001669,Woodseats - Sheffield 059,10.48953223,E08000039,Sheffield
E02005203,"Elswick, Singleton & Warton - Fylde 001",10.48849216,E07000119,Fylde
E02002828,Rushey Mead North - Leicester 002,10.48649815,E06000016,Leicester
E02005476,"Ancaster, Caythorpe & Claypole - South Kesteven 001",10.48555633,E07000141,South Kesteven
E02004379,"Chailey, Newick & Barcombe - Lewes 001",10.47575244,E07000063,Lewes
E02004677,"Woolton Hill, Burghclere & Bishops Green - Basingstoke and Deane 003",10.46537175,E07000084,Basingstoke and Deane
E02000529,Heston North - Hounslow 004,10.4614499,E09000018,Hounslow
E02006409,Staines South West - Spelthorne 007,10.45798344,E07000213,Spelthorne
E02002589,Beechwood & Heath - Halton 016,10.45343181,E06000006,Halton
E02006510,Wilmcote & Great Alne - Stratford-on-Avon 007,10.44987642,E07000221,Stratford-on-Avon
E02000964,Maida Hill - Westminster 005,10.43402548,E09000033,Westminster
E02005096,Sevenoaks North - Sevenoaks 010,10.43105112,E07000111,Sevenoaks
E02005090,Hartley & Hodsoll Street - Sevenoaks 004,10.4307535,E07000111,Sevenoaks
E02004593,"Newport, Littlebury & Clavering - Uttlesford 003",10.42734544,E07000077,Uttlesford
E02002349,Roundhay Park & Slaid Hill - Leeds 020,10.42419265,E08000035,Leeds
E02002083,Castle Bromwich East - Solihull 003,10.41732122,E08000029,Solihull
E02005774,Starbeck - Harrogate 014,10.41490358,E06000065,North Yorkshire
E02005700,Earls Barton & Great Doddington - Wellingborough 009,10.413894,E06000061,North Northamptonshire
E02003495,Mile Oak - Brighton and Hove 005,10.40953033,E06000043,Brighton and Hove
E02004704,Whitehill & Selborne - East Hampshire 008,10.40870169,E07000085,East Hampshire
E02000832,Nunhead North - Southwark 026,10.40701239,E09000028,Southwark
E02005205,Clifton & Newton-with-Scales - Fylde 003,10.40691829,E07000119,Fylde
E02000118,Alperton East - Brent 026,10.40602074,E09000005,Brent
E02003771,St Neots Priory Park - Huntingdonshire 019,10.39716303,E07000011,Huntingdonshire
E02006978,Central Chelmsford East - Chelmsford 022,10.39149439,E07000070,Chelmsford
E02000910,Walthamstow Central - Waltham Forest 016,10.38633633,E09000031,Waltham Forest
E02000677,Culverley Green - Lewisham 025,10.37299427,E09000023,Lewisham
E02005642,Kettering Brambleside - Kettering 004,10.36734266,E06000061,North Northamptonshire
E02000536,Heston Central & Lampton West - Hounslow 011,10.3518215,E09000018,Hounslow
E02004655,Stonehouse - Stroud 005,10.3495325,E07000082,Stroud
E02002702,Beverley South - East Riding of Yorkshire 019,10.34632823,E06000011,East Riding of Yorkshire
E02000574,King's Cross & Pentonville - Islington 021,10.34476239,E09000019,Islington
E02003739,Burwell - East Cambridgeshire 008,10.34425326,E07000009,East Cambridgeshire
E02000063,North Cricklewood - Barnet 040,10.33807891,E09000003,Barnet
E02006739,Henwick - Worcester 006,10.33440006,E07000237,Worcester
E02000579,North Kensington - Kensington and Chelsea 003,10.33299417,E09000020,Kensington and Chelsea
E02004886,Much Hadham & Hunsdon - East Hertfordshire 009,10.32979344,E07000242,East Hertfordshire
E02003203,Branksome West - Poole 010,10.32503099,E06000058,"Bournemouth, Christchurch and Poole"
E02000660,Brockley East & St Johns - Lewisham 008,10.32382724,E09000023,Lewisham
E02005757,Thirsk North - Hambleton 008,10.31709912,E06000065,North Yorkshire
E02001681,Totley & Bradway - Sheffield 071,10.31323175,E08000039,Sheffield
E02006993,Greenwich Peninsula East - Greenwich 041,10.30289687,E09000011,Greenwich
E02003677,Chesham West - Chiltern 002,10.29478495,E06000060,Buckinghamshire
E02004989,Hatfield North & West - Welwyn Hatfield 010,10.28709095,E07000241,Welwyn Hatfield
E02003386,Newbury South West - West Berkshire 020,10.2817652,E06000037,West Berkshire
E02001634,Walkley - Sheffield 024,10.28078061,E08000039,Sheffield
E02000243,Greenford North - Ealing 006,10.27879428,E09000009,Ealing
E02005530,Hellesdon South East - Broadland 011,10.26956978,E07000144,Broadland
E02002591,Culcheth East & Hollins Green - Warrington 002,10.2694558,E06000007,Warrington
E02003236,"Wroughton, Wichelstowe & Chiseldon - Swindon 025",10.26853957,E06000030,Swindon
E02002920,"Belmont, Madley & Clehonger - Herefordshire 016",10.26822887,E06000019,"Herefordshire, County of"
E02004411,Uckfield Town & North - Wealden 009,10.26737826,E07000065,Wealden
E02001021,Nuttall & Tottington - Bury 003,10.26261174,E08000002,Bury
E02006875,Leeds City Centre - Leeds 111,10.2614817,E08000035,Leeds
E02005751,Rudby & Ingleby - Hambleton 002,10.25980626,E06000065,North Yorkshire
E02004621,Cirencester Central - Cotswold 007,10.25803284,E07000079,Cotswold
E02000827,Camberwell Green - Southwark 021,10.25580703,E09000028,Southwark
E02005866,Calverton & Woodborough - Gedling 002,10.25247055,E07000173,Gedling
E02000955,Tooting North - Wandsworth 033,10.2517267,E09000032,Wandsworth
E02002985,Keynsham North - Bath and North East Somerset 001,10.24376562,E06000022,Bath and North East Somerset
E02004722,Hedge End Wildern & Botley South - Eastleigh 011,10.23549062,E07000086,Eastleigh
E02006593,Horsham Central - Horsham 006,10.22995114,E07000227,Horsham
E02006579,Three Bridges - Crawley 005,10.22816213,E07000226,Crawley
E02000564,Lower Holloway - Islington 011,10.22723552,E09000019,Islington
E02000342,Avery Hill - Greenwich 030,10.2248011,E09000011,Greenwich
E02002184,Ilkley & Ben Rhydding - Bradford 002,10.2242806,E08000032,Bradford
E02006662,Durrington & Bulford - Wiltshire 046,10.22322722,E06000054,Wiltshire
E02001261,Gorse Hill - Trafford 003,10.22042387,E08000009,Trafford
E02003856,Handforth & Dean Row - Cheshire East 004,10.21384888,E06000049,Cheshire East
E02004121,Aston-on-Trent & Barrow-upon-Trent - South Derbyshire 004,10.20969175,E07000039,South Derbyshire
E02006588,"Rusper, Faygate & Leechpool - Horsham 001",10.20875107,E07000227,Horsham
E02003382,Thatcham Town - West Berkshire 016,10.20467804,E06000037,West Berkshire
E02003662,Watermead & Elmhurst - Aylesbury Vale 011,10.19451745,E06000060,Buckinghamshire
E02005455,"Skellingthorpe, Witham & Bassingham - North Kesteven 003",10.19158943,E07000139,North Kesteven
E02005087,Swanley East & Hextable - Sevenoaks 001,10.19033663,E07000111,Sevenoaks
E02005222,Kellet & Lune Valley - Lancaster 002,10.18522588,E07000121,Lancaster
E02006598,Cowfold & Partridge Green - Horsham 011,10.18245088,E07000227,Horsham
E02005490,Stamford North - South Kesteven 015,10.17865667,E07000141,South Kesteven
E02004826,Abbotswood & West Wellow - Test Valley 013,10.17246458,E07000093,Test Valley
E02005769,Knaresborough Central - Harrogate 009,10.15921315,E06000065,North Yorkshire
E02007030,"Church Minshull, Kingsbourne & Sound - Cheshire East 052",10.15918485,E06000049,Cheshire East
E02006419,Camberley North - Surrey Heath 004,10.15365504,E07000214,Surrey Heath
E02002520,Marske - Redcar and Cleveland 006,10.15204809,E06000003,Redcar and Cleveland
E02003757,Warboys & Bury - Huntingdonshire 005,10.13509617,E07000011,Huntingdonshire
E02003153,Plymstock Goosewell & Staddiscombe - Plymouth 032,10.13264151,E06000026,Plymouth
E02007076,"Augusta Park, East Anton & the Enhams - Test Valley 016",10.13173313,E07000093,Test Valley
E02004594,"Thaxted, Great Sampford & Radwinter - Uttlesford 004",10.11689044,E07000077,Uttlesford
E02003114,Staple Hill North - South Gloucestershire 025,10.11635552,E06000025,South Gloucestershire
E02004984,Panshanger - Welwyn Hatfield 005,10.11475428,E07000241,Welwyn Hatfield
E02003821,Sandbach Heath - Cheshire East 032,10.11213415,E06000049,Cheshire East
E02000990,Horwich South & Middlebrook - Bolton 007,10.11105557,E08000001,Bolton
E02000878,Spitalfields - Tower Hamlets 015,10.10109278,E09000030,Tower Hamlets
E02004705,Liphook - East Hampshire 009,10.10079553,E07000085,East Hampshire
E02005599,Hethersett - South Norfolk 003,10.10070295,E07000149,South Norfolk
E02003891,Tarporley & Eddisbury Hill - Cheshire West and Chester 045,10.09906883,E06000050,Cheshire West and Chester
E02000546,Hounslow Heath - Hounslow 021,10.08973352,E09000018,Hounslow
E02003875,"Comberbach, Acton Bridge & Whitley - Cheshire West and Chester 003",10.08891958,E06000050,Cheshire West and Chester
E02006353,Ash Wharf - Guildford 010,10.08762747,E07000209,Guildford
E02005336,Thorpe Astley - Blaby 004,10.0801011,E07000129,Blaby
E02005954,Cowley South & Iffley - Oxford 015,10.07818081,E07000178,Oxford
E02003489,Bletchley West - Milton Keynes 031,10.07318015,E06000042,Milton Keynes
E02000645,West Norwood East - Lambeth 028,10.07024416,E09000022,Lambeth
E02000158,Goddington - Bromley 032,10.07023008,E09000006,Bromley
E02004616,Moreton & Stow-on-the-Wold - Cotswold 002,10.06410909,E07000079,Cotswold
E02002040,Norton South - Dudley 041,10.05881583,E08000027,Dudley
E02006295,Kesgrave West & Rushmere - Suffolk Coastal 009,10.05689952,E07000244,East Suffolk
E02005526,Drayton & Thorpe Marriott - Broadland 007,10.04861614,E07000144,Broadland
E02006825,Dullingham & Cheveley - East Cambridgeshire 011,10.04800251,E07000009,East Cambridgeshire
E02000867,Bow South - Tower Hamlets 004,10.04516507,E09000030,Tower Hamlets
E02000622,Oval - Lambeth 005,10.04450387,E09000022,Lambeth
E02005961,Wheatley & Great Haseley - South Oxfordshire 004,10.04239658,E07000179,South Oxfordshire
E02003174,Northbourne - Bournemouth 003,10.03471122,E06000058,"Bournemouth, Christchurch and Poole"
E02004384,East Saltdean & Telscombe Cliffs - Lewes 006,10.02260252,E07000063,Lewes
E02002192,Crossflatts & Eldwick - Bradford 010,10.02147373,E08000032,Bradford
E02002664,Sutton South - Kingston upon Hull 013,10.01469454,E06000010,"Kingston upon Hull, City of"
E02005089,Swanley South & Crockenhill - Sevenoaks 003,10.00614768,E07000111,Sevenoaks
E02004536,Theydon Bois & Abridge - Epping Forest 010,10.00564727,E07000072,Epping Forest
E02002814,Mickleover South - Derby 019,10.00543148,E06000015,Derby
E02006727,Arrow Valley & Ipsley - Redditch 007,10.00204525,E07000236,Redditch
E02003861,Knutsford North - Cheshire East 009,9.99634369,E06000049,Cheshire East
E02000658,Telegraph Hill - Lewisham 006,9.991922504,E09000023,Lewisham
E02002593,Locking Stumps - Warrington 004,9.982446051,E06000007,Warrington
E02002719,Hessle West - East Riding of Yorkshire 036,9.969734869,E06000011,East Riding of Yorkshire
E02003603,Biggleswade West - Central Bedfordshire 005,9.965930359,E06000056,Central Bedfordshire
E02002858,Knighton - Leicester 032,9.964328247,E06000016,Leicester
E02006820,Glenfield - Blaby 013,9.95110922,E07000129,Blaby
E02006190,Stone Town - Stafford 003,9.924800444,E07000197,Stafford
E02002895,The Park & Castle - Nottingham 028,9.917411575,E06000018,Nottingham
E02000115,Brondesbury - Brent 023,9.916764361,E09000005,Brent
E02000197,Norbury West - Croydon 004,9.914195754,E09000008,Croydon
E02000126,Kilburn Park - Brent 034,9.913425989,E09000005,Brent
E02006503,"Dunchurch, Stretton-on-Dunsmore & Marton - Rugby 012",9.896041983,E07000220,Rugby
E02001524,"Silkstone, Hoylandswaine & Cawthorne - Barnsley 016",9.896031308,E08000038,Barnsley
E02004898,Potters Bar Oakmere - Hertsmere 003,9.886317203,E07000098,Hertsmere
E02004679,"Bramley, Sherfield & the Sherbornes - Basingstoke and Deane 005",9.885367731,E07000084,Basingstoke and Deane
E02000538,Cranford - Hounslow 013,9.883336226,E09000018,Hounslow
E02003823,Alsager East - Cheshire East 040,9.881283294,E06000049,Cheshire East
E02000776,Ilford North East - Redbridge 026,9.878563938,E09000026,Redbridge
E02000194,Crystal Palace Triangle - Croydon 001,9.877851998,E09000008,Croydon
E02001819,Herrington & Doxford - Sunderland 029,9.86784846,E08000024,Sunderland
E02003613,Flitwick East - Central Bedfordshire 015,9.867192767,E06000056,Central Bedfordshire
E02004653,"Frampton, Whitminster & Eastington - Stroud 003",9.864310908,E07000082,Stroud
E02004459,Coggeshall & Kelvedon - Braintree 014,9.858355415,E07000067,Braintree
E02003753,Yaxley & Farcet - Huntingdonshire 001,9.857928469,E07000011,Huntingdonshire
E02006134,Rolleston-on-Dove & Tutbury - East Staffordshire 004,9.856033834,E07000193,East Staffordshire
E02000888,Shadwell Basin & Ratcliffe - Tower Hamlets 025,9.85597274,E09000030,Tower Hamlets
E02006745,Lower Wick & Bromwich Road - Worcester 012,9.854818386,E07000237,Worcester
E02005272,Clitheroe South - Ribble Valley 003,9.851254042,E07000124,Ribble Valley
E02003872,Gawsworth & Macclesfield Forest - Cheshire East 020,9.850290493,E06000049,Cheshire East
E02005534,Thorpe St Andrew North - Broadland 015,9.845255022,E07000144,Broadland
E02001194,Heaton Moor - Stockport 008,9.83512783,E08000007,Stockport
E02004475,Benfleet Appleton - Castle Point 003,9.829960566,E07000069,Castle Point
E02000280,Chase & Crews Hill - Enfield 004,9.829263662,E09000010,Enfield
E02002357,Horsforth East - Leeds 028,9.825339494,E08000035,Leeds
E02005350,Shepshed East - Charnwood 006,9.818440523,E07000130,Charnwood
E02004096,"Dinting, Simmondley & Charlesworth - High Peak 004",9.8163374,E07000037,High Peak
E02000813,Canada Water - Southwark 007,9.809194238,E09000028,Southwark
E02004163,Countess Wear & Topsham - Exeter 015,9.808597817,E07000041,Exeter
E02000657,New Cross South - Lewisham 005,9.806770896,E09000023,Lewisham
E02006493,Brownsover - Rugby 002,9.805802685,E07000220,Rugby
E02005999,"Leafield, Minster Lovell & Duckington - West Oxfordshire 007",9.795847788,E07000181,West Oxfordshire
E02005030,Central Dartford & West Hill - Dartford 003,9.789986388,E07000107,Dartford
E02005361,Syston West - Charnwood 017,9.789252055,E07000130,Charnwood
E02004915,Letchworth Wilbury - North Hertfordshire 007,9.777956351,E07000099,North Hertfordshire
E02004796,Hordle & Bashley - New Forest 018,9.775767059,E07000091,New Forest
E02000562,Highbury - Islington 009,9.773079519,E09000019,Islington
E02006604,East Grinstead Central & North - Mid Sussex 001,9.772345603,E07000228,Mid Sussex
E02006818,Wigston North - Oadby and Wigston 008,9.764575983,E07000135,Oadby and Wigston
E02006964,Hamilton North - Leicester 042,9.763627682,E06000016,Leicester
E02000916,Lea Bridge - Waltham Forest 022,9.754239963,E09000031,Waltham Forest
E02005995,Chadlington & Wychwoods - West Oxfordshire 003,9.746739988,E07000181,West Oxfordshire
E02003608,Arlesey & Henlow - Central Bedfordshire 010,9.737397154,E06000056,Central Bedfordshire
E02006734,Northwick - Worcester 001,9.733598492,E07000237,Worcester
E02004403,Forest Row & Coleman's Hatch - Wealden 001,9.729993809,E07000065,Wealden
E02000976,Queensway - Westminster 017,9.727949846,E09000033,Westminster
E02002624,"Beardwood, Pleasington & Livesey - Blackburn with Darwen 010",9.725374617,E06000008,Blackburn with Darwen
E02002426,Woodlesford & Oulton - Leeds 097,9.72244115,E08000035,Leeds
E02004892,Hertford West - East Hertfordshire 015,9.722103206,E07000242,East Hertfordshire
E02001304,Orrell & Longshaw - Wigan 018,9.721797742,E08000010,Wigan
E02003773,St Neots Eynesbury - Huntingdonshire 021,9.716908326,E07000011,Huntingdonshire
E02007107,"Stocksfield, Riding Mill & Corbridge - Northumberland 043",9.712935799,E06000057,Northumberland
E02007090,Colney Heath & Highfield Park - St Albans 021,9.711774933,E07000240,St Albans
E02001035,Unsworth - Bury 017,9.708244773,E08000002,Bury
E02000899,Chingford Mount - Waltham Forest 005,9.705147059,E09000031,Waltham Forest
E02000083,Crayford - Bexley 019,9.69433093,E09000004,Bexley
E02006698,Rubery West - Bromsgrove 003,9.689606424,E07000234,Bromsgrove
E02004189,Woolwell & Lee Mill - South Hams 001,9.685722628,E07000044,South Hams
E02005935,Bicester South - Cherwell 015,9.683242955,E07000177,Cherwell
E02007065,Charlton Hayes - South Gloucestershire 034,9.674902829,E06000025,South Gloucestershire
E02006659,"Box, Colerne & Rudloe - Wiltshire 017",9.664329845,E06000054,Wiltshire
E02005035,Brent & Fleet Estate - Dartford 008,9.663941408,E07000107,Dartford
E02000632,Acre Lane - Lambeth 015,9.657881066,E09000022,Lambeth
E02002707,"South Cave, Newbald & Little Weighton - East Riding of Yorkshire 024",9.657470122,E06000011,East Riding of Yorkshire
E02005412,Oadby South & West - Oadby and Wigston 003,9.657125616,E07000135,Oadby and Wigston
E02004968,Woodside & Leavesden Green - Watford 001,9.650692454,E07000103,Watford
E02002328,Upperthong & Holmbridge - Kirklees 058,9.639579428,E08000034,Kirklees
E02004420,"Hailsham North, Alfriston & East Dean - Wealden 018",9.636197142,E07000065,Wealden
E02003185,Iford - Bournemouth 014,9.621705116,E06000058,"Bournemouth, Christchurch and Poole"
E02000700,Merton Church Road & Phipps Bridge - Merton 012,9.620370701,E09000024,Merton
E02002705,Cottingham West - East Riding of Yorkshire 022,9.617199461,E06000011,East Riding of Yorkshire
E02000918,Leytonstone East - Waltham Forest 024,9.596934351,E09000031,Waltham Forest
E02001506,Gayton & Lower Heswall - Wirral 040,9.594721265,E08000015,Wirral
E02002746,Scartho - North East Lincolnshire 021,9.591061234,E06000012,North East Lincolnshire
E02002403,Garforth West - Leeds 074,9.5909748,E08000035,Leeds
E02000781,South Park - Redbridge 031,9.587423916,E09000026,Redbridge
E02002148,Pheasey & Sutton Road - Walsall 039,9.585816331,E08000030,Walsall
E02004852,Cheshunt Central - Broxbourne 010,9.585026515,E07000095,Broxbourne
E02003180,Winton - Bournemouth 009,9.584129238,E06000058,"Bournemouth, Christchurch and Poole"
E02000241,Northolt East - Ealing 004,9.580545933,E09000009,Ealing
E02005399,Ashby de la Zouch North - North West Leicestershire 003,9.566399211,E07000134,North West Leicestershire
E02003620,Brickhill - Bedford 005,9.544984218,E06000055,Bedford
E02004542,Chigwell - Epping Forest 016,9.541016431,E07000072,Epping Forest
E02004076,Ashbourne South - Derbyshire Dales 009,9.53838245,E07000035,Derbyshire Dales
E02003862,Prestbury & Adlington - Cheshire East 011,9.536046398,E06000049,Cheshire East
E02000511,Charville - Hillingdon 018,9.533357416,E09000017,Hillingdon
E02004820,Over Wallop & Shipton Bellinger - Test Valley 007,9.518486064,E07000093,Test Valley
E02001443,Formby South West - Sefton 015,9.515288938,E08000014,Sefton
E02005784,Catterick & Brompton-on-Swale - Richmondshire 003,9.513696314,E06000065,North Yorkshire
E02000492,Rainham East & Wennington - Havering 029,9.513602456,E09000016,Havering
E02004851,Rosedale - Broxbourne 009,9.512596338,E07000095,Broxbourne
E02005360,"Thurcaston, Woodhouse & Bradgate - Charnwood 016",9.511604678,E07000130,Charnwood
E02001192,Heaton Chapel & Shaw Road - Stockport 006,9.51014877,E08000007,Stockport
E02006650,Royal Wootton Bassett Outer & Lyneham - Wiltshire 007,9.509742276,E06000054,Wiltshire
E02002912,"Lugwardine, Withington & Moreton on Lugg - Herefordshire 008",9.504467017,E06000019,"Herefordshire, County of"
E02004940,Cottonmill & Sopwell - St Albans 017,9.488965317,E07000240,St Albans
E02002323,Honley & Brockholes - Kirklees 053,9.487115644,E08000034,Kirklees
E02003392,Lower Caversham - Reading 004,9.483661661,E06000038,Reading
E02000625,Stockwell West - Lambeth 008,9.475608329,E09000022,Lambeth
E02000649,Streatham Green - Lambeth 032,9.47060896,E09000022,Lambeth
E02005486,Bourne East - South Kesteven 011,9.465423269,E07000141,South Kesteven
E02004383,Lewes West - Lewes 005,9.464652866,E07000063,Lewes
E02004444,Langdon Hills - Basildon 021,9.461254107,E07000066,Basildon
E02004517,Stanway - Colchester 012,9.448780024,E07000071,Colchester
E02002290,Northorpe & Crossley - Kirklees 020,9.442916596,E08000034,Kirklees
E02006699,Hollywood & Drakes Cross - Bromsgrove 004,9.442004077,E07000234,Bromsgrove
E02004249,Colehill - East Dorset 007,9.440666318,E06000059,Dorset
E02005810,"Church Fenton, Appleton & Wistow - Selby 002",9.434759902,E06000065,North Yorkshire
E02000547,North Feltham & Hatton - Hounslow 022,9.432622669,E09000018,Hounslow
E02006628,Broadwater South - Worthing 008,9.43254809,E07000229,Worthing
E02000738,East Ham South West - Newham 025,9.429661595,E09000025,Newham
E02004801,Milford & Lymington South - New Forest 023,9.427366293,E07000091,New Forest
E02004964,"Mill End, Heronsgate & Maple Cross - Three Rivers 009",9.425873473,E07000102,Three Rivers
E02000537,Osterley & Lampton East - Hounslow 012,9.424342589,E09000018,Hounslow
E02004657,Rodborough & Thrupp - Stroud 007,9.424292345,E07000082,Stroud
E02005726,"Darras Hall, Stamfordham & Heddon - Northumberland 034",9.421164017,E06000057,Northumberland
E02005994,"Kingham, Enstone & Middle Barton - West Oxfordshire 002",9.411739946,E07000181,West Oxfordshire
E02001289,Shevington - Wigan 003,9.409194033,E08000010,Wigan
E02003202,Branksome East - Poole 009,9.407011973,E06000058,"Bournemouth, Christchurch and Poole"
E02005809,Tadcaster - Selby 001,9.406540652,E06000065,North Yorkshire
E02006924,Valentines Park & Cranbrook - Redbridge 035,9.398094884,E09000026,Redbridge
E02000720,Forest Gate East - Newham 007,9.396577854,E09000025,Newham
E02004684,Winklebury & Rooksdown - Basingstoke and Deane 010,9.396206862,E07000084,Basingstoke and Deane
E02003006,Peasedown & Bathavon West - Bath and North East Somerset 022,9.390925924,E06000022,Bath and North East Somerset
E02004506,"Horkesley Heath, Langham & Dedham - Colchester 001",9.389871567,E07000071,Colchester
E02003199,Creekmoor - Poole 006,9.384972825,E06000058,"Bournemouth, Christchurch and Poole"
E02002144,Walsall South East - Walsall 035,9.384564575,E08000030,Walsall
E02003693,"Burham North, Taplow & Dorney - South Bucks 006",9.383624472,E06000060,Buckinghamshire
E02003342,Rainham South East - Medway 029,9.379749315,E06000035,Medway
E02004696,Overton & North Waltham - Basingstoke and Deane 022,9.376551145,E07000084,Basingstoke and Deane
E02006199,Rowley & Derrington - Stafford 012,9.370012929,E07000197,Stafford
E02006498,Cawston & Long Lawford - Rugby 007,9.360667811,E07000220,Rugby
E02003140,Plympton Underwood - Plymouth 019,9.359047401,E06000026,Plymouth
E02005929,"Sibford, Hook Norton & Milcombe - Cherwell 009",9.355357887,E07000177,Cherwell
E02005489,Deeping St James & Frognall - South Kesteven 014,9.348327195,E07000141,South Kesteven
E02003417,Central Slough & Upton Court - Slough 011,9.345854801,E06000039,Slough
E02003463,Great Linford & Giffard Park - Milton Keynes 005,9.342625615,E06000042,Milton Keynes
E02002994,Bathavon North & South - Bath and North East Somerset 010,9.320401002,E06000022,Bath and North East Somerset
E02004570,Rayleigh South West - Rochford 008,9.305371295,E07000075,Rochford
E02004254,Corfe Mullen - East Dorset 012,9.303903938,E06000059,Dorset
E02004410,"Buxted, Framfield & Rotherfield - Wealden 008",9.297759692,E07000065,Wealden
E02006264,"Thurston, Badwell Ash & Elmswell North - Mid Suffolk 004",9.296568435,E07000203,Mid Suffolk
E02006668,Salisbury Stratford - Wiltshire 053,9.2943833,E06000054,Wiltshire
E02004807,Farnborough Town - Rushmoor 006,9.290764857,E07000092,Rushmoor
E02003813,Middlewich West - Cheshire East 024,9.289531668,E06000049,Cheshire East
E02000308,New Southgate & Arnos Grove - Enfield 032,9.285673748,E09000010,Enfield
E02000523,Hayes South - Hillingdon 030,9.285280013,E09000017,Hillingdon
E02003640,Linslade East - Central Bedfordshire 022,9.281360104,E06000056,Central Bedfordshire
E02000374,Wormholt Road - Hammersmith and Fulham 003,9.268824136,E09000013,Hammersmith and Fulham
E02000443,Wealdstone North - Harrow 011,9.268776753,E09000015,Harrow
E02005299,Leyland North - South Ribble 013,9.265629389,E07000126,South Ribble
E02004623,Fairford & Lechdale - Cotswold 009,9.265415585,E07000079,Cotswold
E02004417,Hailsham Central & East - Wealden 015,9.263043995,E07000065,Wealden
E02004498,Great Baddow South & West - Chelmsford 014,9.252298654,E07000070,Chelmsford
E02006501,Hillmorton - Rugby 010,9.24685491,E07000220,Rugby
E02002392,University & Little Woodhouse - Leeds 063,9.240039953,E08000035,Leeds
E02006906,"Kimberley South, Trowell & Awsworth - Broxtowe 016",9.238681094,E07000172,Broxtowe
E02004527,"North Weald, Matching & Sheering - Epping Forest 001",9.225034853,E07000072,Epping Forest
E02005223,Hest Bank & Bolton-le-Sands - Lancaster 003,9.223038835,E07000121,Lancaster
E02003887,Winsford North - Cheshire West and Chester 037,9.22011034,E06000050,Cheshire West and Chester
E02006518,Shipston-on-Stour & Brailes - Stratford-on-Avon 015,9.216780146,E07000221,Stratford-on-Avon
E02004836,Winchester Stanmore - Winchester 008,9.211095634,E07000094,Winchester
E02007110,Hoxton South & East - Hackney 032,9.202966164,E09000012,Hackney
E02000826,Camberwell North - Southwark 020,9.201250832,E09000028,Southwark
E02000496,Harefield - Hillingdon 003,9.184619056,E09000017,Hillingdon
E02000637,Brixton Hill East - Lambeth 020,9.172068965,E09000022,Lambeth
E02003079,North Worle - North Somerset 015,9.168581775,E06000024,North Somerset
E02003219,"Broad Blunsdon, South Marston & Wanborough - Swindon 008",9.165944268,E06000030,Swindon
E02005861,Beeston Rylands - Broxtowe 012,9.164352713,E07000172,Broxtowe
E02006509,Alcester - Stratford-on-Avon 006,9.158564079,E07000221,Stratford-on-Avon
E02004544,Old Harlow & Newhall - Harlow 001,9.156128786,E07000073,Harlow
E02000986,Eagley & Sharples - Bolton 003,9.150000605,E08000001,Bolton
E02005258,Cadley & College - Preston 006,9.146976427,E07000123,Preston
E02004538,Loughton North - Epping Forest 012,9.145779199,E07000072,Epping Forest
E02004432,Bursteads - Basildon 009,9.145591092,E07000066,Basildon
E02005630,"Oundle, Warmington & Titchmarsh - East Northamptonshire 002",9.145431631,E06000061,North Northamptonshire
E02006955,Wembley Park - Brent 035,9.14347901,E09000005,Brent
E02004213,"Ogwell, Mile End & Teigngrace - Teignbridge 013",9.136701212,E07000045,Teignbridge
E02001744,Shiremoor North & South Wellfield - North Tyneside 007,9.120510715,E08000022,North Tyneside
E02003088,"Winscombe, Langford & Blagdon - North Somerset 024",9.115959947,E06000024,North Somerset
E02003349,Parkwood West - Medway 036,9.114738315,E06000035,Medway
E02005868,Redhill - Gedling 004,9.112935719,E07000173,Gedling
E02001018,Westhoughton Daisy Hill - Bolton 035,9.10385361,E08000001,Bolton
E02000974,Paddington & St George's Fields - Westminster 015,9.100469995,E09000033,Westminster
E02004971,Leggatts - Watford 004,9.097350508,E07000103,Watford
E02003220,Lower Stratton - Swindon 009,9.091315545,E06000030,Swindon
E02000573,Angel - Islington 020,9.085829514,E09000019,Islington
E02002767,Scunthorpe Yaddlethorpe - North Lincolnshire 019,9.081834103,E06000013,North Lincolnshire
E02000370,Hoxton & Wenlock - Hackney 026,9.076962141,E09000012,Hackney
E02005811,Barlby & Riccall - Selby 003,9.070147649,E06000065,North Yorkshire
E02002510,Trimdon - Middlesbrough 015,9.068210907,E06000002,Middlesbrough
E02000353,Stoke Newington North - Hackney 009,9.064503857,E09000012,Hackney
E02006361,"Gomshall, Shere & Albury - Guildford 018",9.061219687,E07000209,Guildford
E02004037,Belper Far Laund - Amber Valley 009,9.061214273,E07000032,Amber Valley
E02007071,Burton Latimer - North Northamptonshire 023,9.05747607,E06000061,North Northamptonshire
E02000291,Enfield Town South & Bush Hill Park - Enfield 015,9.054712019,E09000010,Enfield
E02005038,Wilmington & Hawley - Dartford 011,9.050837895,E07000107,Dartford
E02005001,Highfield & Willesborough - Ashford 006,9.05035744,E07000105,Ashford
E02004783,Totton Rushington - New Forest 005,9.043183415,E07000091,New Forest
E02003384,Kintbury & Boxford - West Berkshire 018,9.036035756,E06000037,West Berkshire
E02005005,Brabourne Lees & North Romney - Ashford 010,9.034879825,E07000105,Ashford
E02003460,"Hanslope, Castlethorpe & Sherington - Milton Keynes 002",9.021073711,E06000042,Milton Keynes
E02000739,Plaistow Park - Newham 026,9.011043337,E09000025,Newham
E02006566,"Dean, Lavant & Summersdale - Chichester 006",9.004875985,E07000225,Chichester
E02004733,Titchfield & Titchfield Common - Fareham 007,9.003464812,E07000087,Fareham
E02002898,Lenton & Dunkirk - Nottingham 031,8.995739705,E06000018,Nottingham
E02005307,Burscough - West Lancashire 004,8.995002913,E07000127,West Lancashire
E02005684,Towcester West & Blakesley - South Northamptonshire 004,8.99497973,E06000062,West Northamptonshire
E02007072,Upton - West Northamptonshire 035,8.994309051,E06000062,West Northamptonshire
E02004564,Ashingdon - Rochford 002,8.993546519,E07000075,Rochford
E02004809,Aldershot Town - Rushmoor 008,8.989715097,E07000092,Rushmoor
E02006721,Riverside & Church Hill North - Redditch 001,8.98717163,E07000236,Redditch
E02000386,North End - Hammersmith and Fulham 015,8.980040294,E09000013,Hammersmith and Fulham
E02006336,Ruxley Lane - Epsom and Ewell 002,8.979385176,E07000208,Epsom and Ewell
E02002435,Morley Bruntcliffe & Woodkirk - Leeds 106,8.978047179,E08000035,Leeds
E02001271,Ashton upon Mersey North - Trafford 013,8.971735784,E08000009,Trafford
E02004902,Borehamwood Brookmeadow - Hertsmere 007,8.971216714,E07000098,Hertsmere
E02005986,Faringdon & Stanford - Vale of White Horse 009,8.965539824,E07000180,Vale of White Horse
E02006899,Central - Birmingham 138,8.959032492,E08000025,Birmingham
E02000233,Kenley North - Croydon 040,8.946899834,E09000008,Croydon
E02006148,Burntwood North East & Longdon - Lichfield 003,8.946673896,E07000194,Lichfield
E02006956,Tokyngton - Brent 036,8.93605408,E09000005,Brent
E02000814,Surrey Quays - Southwark 008,8.935936309,E09000028,Southwark
E02006177,Cheslyn Hay - South Staffordshire 004,8.930948461,E07000196,South Staffordshire
E02006886,"Shrivenham, Watchfield & Uffington - Vale of White Horse 016",8.928903069,E07000180,Vale of White Horse
E02000097,Kingsbury South - Brent 005,8.926645194,E09000005,Brent
E02005151,Larkfield & New Hythe - Tonbridge and Malling 003,8.920883041,E07000115,Tonbridge and Malling
E02003468,Stony Stratford & Old Wolverton - Milton Keynes 010,8.915118396,E06000042,Milton Keynes
E02000111,Wembley West - Brent 019,8.910945075,E09000005,Brent
E02004847,Wormley & Turnford - Broxbourne 005,8.910272469,E07000095,Broxbourne
E02006670,Salisbury Churchfields - Wiltshire 055,8.908719503,E06000054,Wiltshire
E02000906,William Morris - Waltham Forest 012,8.905463629,E09000031,Waltham Forest
E02002732,"Laceby, Healing & Stallingborough - North East Lincolnshire 007",8.904511302,E06000012,North East Lincolnshire
E02006374,"Charlwood, Newdigate & Beare Green - Mole Valley 013",8.901903086,E07000210,Mole Valley
E02002694,Pocklington - East Riding of Yorkshire 011,8.901021495,E06000011,East Riding of Yorkshire
E02001037,Whitefield West & Park Lane - Bury 019,8.899717649,E08000002,Bury
E02002338,Guiseley East & South - Leeds 009,8.894367906,E08000035,Leeds
E02003232,Kingshill & Okus - Swindon 021,8.890882516,E06000030,Swindon
E02000384,Hammersmith Broadway - Hammersmith and Fulham 013,8.885243239,E09000013,Hammersmith and Fulham
E02001646,Broomhall - Sheffield 036,8.878048556,E08000039,Sheffield
E02004839,"Swanmore, Hambledon & West Meon - Winchester 011",8.877778004,E07000094,Winchester
E02000624,Stockwell East - Lambeth 007,8.877324983,E09000022,Lambeth
E02005532,Sprowston East - Broadland 013,8.872092844,E07000144,Broadland
E02003379,Newbury Clay Hill - West Berkshire 013,8.870606192,E06000037,West Berkshire
E02005372,"Dunton Bassett, Claybrooke & Swinford - Harborough 006",8.870354074,E07000131,Harborough
E02006675,"Whaddon, Whiteparish & Winterslow - Wiltshire 060",8.868296367,E06000054,Wiltshire
E02006808,Shirley West - Solihull 030,8.860542795,E08000029,Solihull
E02002187,Menston & Burley Moor - Bradford 005,8.853032684,E08000032,Bradford
E02005262,Lea & Marina - Preston 010,8.852299986,E07000123,Preston
E02004500,Danbury & Bicknacre - Chelmsford 016,8.849907126,E07000070,Chelmsford
E02002915,Hereford North East - Herefordshire 011,8.84416309,E06000019,"Herefordshire, County of"
E02005387,Hinckley West - Hinckley and Bosworth 011,8.838014717,E07000132,Hinckley and Bosworth
E02004983,Haldens - Welwyn Hatfield 004,8.837732762,E07000241,Welwyn Hatfield
E02000268,St Mary's - Ealing 031,8.836060405,E09000009,Ealing
E02002475,"Walton, Woolley & Bretton - Wakefield 038",8.827773476,E08000036,Wakefield
E02005685,Towcester East & Paulerspury - South Northamptonshire 005,8.825255352,E06000062,West Northamptonshire
E02001215,Marple & Hawk Green - Stockport 029,8.817602292,E08000007,Stockport
E02000944,West Hill North - Wandsworth 022,8.815774791,E09000032,Wandsworth
E02003026,Stoke Bishop - Bristol 015,8.813436175,E06000023,"Bristol, City of"
E02004502,"Margaretting, Stock & Ramsden - Chelmsford 018",8.804830893,E07000070,Chelmsford
E02002781,Heworth South & The Groves - York 010,8.80301796,E06000014,York
E02005759,Easingwold & Stillington - Hambleton 010,8.797962648,E06000065,North Yorkshire
E02000803,Nursery Lands & Hampton North - Richmond upon Thames 020,8.793023374,E09000027,Richmond upon Thames
E02000030,Totteridge & Barnet Gate - Barnet 007,8.789648049,E09000003,Barnet
E02004501,Galleywood - Chelmsford 017,8.787640699,E07000070,Chelmsford
E02003189,Southbourne West - Bournemouth 018,8.779673329,E06000058,"Bournemouth, Christchurch and Poole"
E02004380,"Wivelsfield Green, Ditchling & Rodmell - Lewes 002",8.771686521,E07000063,Lewes
E02001489,Greasby - Wirral 023,8.767499452,E08000015,Wirral
E02003005,"Chew, Bishop Sutton & East Harptree - Bath and North East Somerset 021",8.766686962,E06000022,Bath and North East Somerset
E02005068,Boxley & Detling - Maidstone 001,8.76313673,E07000110,Maidstone
E02006867,North Hykeham North - North Kesteven 014,8.761576067,E07000139,North Kesteven
E02005357,Sileby - Charnwood 013,8.760290706,E07000130,Charnwood
E02005407,Hugglescote & Bardon Hill - North West Leicestershire 011,8.759115361,E07000134,North West Leicestershire
E02000045,Colney Hatch - Barnet 022,8.756094306,E09000003,Barnet
E02003676,"Hyde Heath, Bellingdon & Latimer - Chiltern 001",8.752224962,E06000060,Buckinghamshire
E02002446,Altofts - Wakefield 009,8.751297061,E08000036,Wakefield
E02005310,Ormskirk Town & East - West Lancashire 007,8.74991842,E07000127,West Lancashire
E02002329,"Holmfirth, New Mill & Hepworth - Kirklees 059",8.749184638,E08000034,Kirklees
E02004678,Kingsclere & Heath End - Basingstoke and Deane 004,8.746690714,E07000084,Basingstoke and Deane
E02005342,"Cosby, Croft & Elmesthorpe - Blaby 010",8.739795395,E07000129,Blaby
E02003398,Palmer Park - Reading 010,8.739191072,E06000038,Reading
E02004868,Maylands & Adeyfield - Dacorum 013,8.737482057,E07000096,Dacorum
E02002797,Allestree South - Derby 002,8.734849055,E06000015,Derby
E02005602,"Trowse, Poringland & Stoke Holy Cross - South Norfolk 006",8.733598185,E07000149,South Norfolk
E02000490,South Hornchurch - Havering 027,8.727644927,E09000016,Havering
E02006004,Burford & Brize Norton - West Oxfordshire 012,8.724334968,E07000181,West Oxfordshire
E02000378,Shepherd's Bush South - Hammersmith and Fulham 007,8.719750964,E09000013,Hammersmith and Fulham
E02003801,Vicars Cross & Hoole East - Cheshire West and Chester 032,8.716158539,E06000050,Cheshire West and Chester
E02000844,The Wrythe - Sutton 005,8.714198136,E09000029,Sutton
E02001676,Beauchief - Sheffield 066,8.714093115,E08000039,Sheffield
E02000110,Dudden Hill - Brent 018,8.714045724,E09000005,Brent
E02003418,Langley Kederminster - Slough 012,8.705569578,E06000039,Slough
E02003885,Davenham & Moulton - Cheshire West and Chester 026,8.701955795,E06000050,Cheshire West and Chester
E02000114,Willesden Green - Brent 022,8.70179243,E09000005,Brent
E02001565,Bessacarr Grange & Lakeside - Doncaster 027,8.698022338,E08000017,Doncaster
E02006802,Southwark St George's - Southwark 034,8.696993676,E09000028,Southwark
E02000810,Bermondsey East - Southwark 004,8.696931236,E09000028,Southwark
E02000583,Notting Hill West - Kensington and Chelsea 007,8.694698074,E09000020,Kensington and Chelsea
E02000094,Kingsbury East & Colindale - Brent 002,8.694252918,E09000005,Brent
E02005933,Bicester East - Cherwell 013,8.694062634,E07000177,Cherwell
E02005950,East Central Oxford - Oxford 011,8.692278296,E07000178,Oxford
E02004236,Burton & Airport - Christchurch 001,8.684617313,E06000058,"Bournemouth, Christchurch and Poole"
E02006746,Battenhall & Diglis - Worcester 013,8.675847688,E07000237,Worcester
E02005760,"Linton, Tollerton & Raskelf - Hambleton 011",8.671252861,E06000065,North Yorkshire
E02000772,Goodmayes North - Redbridge 022,8.665201884,E09000026,Redbridge
E02005915,"Cropwell Bishop, Kinoulton & Upper Broughton - Rushcliffe 010",8.663400651,E07000176,Rushcliffe
E02005066,Istead Rise & Meopham - Gravesham 012,8.662055061,E07000109,Gravesham
E02001997,Stivichall & Finham - Coventry 040,8.658152639,E08000026,Coventry
E02001207,Offerton East & Bosden Farm - Stockport 021,8.657881862,E08000007,Stockport
E02003509,Goldsmid West - Brighton and Hove 019,8.656400049,E06000043,Brighton and Hove
E02003376,Hungerford - West Berkshire 010,8.643459195,E06000037,West Berkshire
E02005315,Aughton - West Lancashire 012,8.643418514,E07000127,West Lancashire
E02003657,"Granborough, Stewkley & Great Brickhill - Aylesbury Vale 006",8.641901401,E06000060,Buckinghamshire
E02001773,Harton West - South Tyneside 006,8.640133188,E08000023,South Tyneside
E02003694,Burnham South - South Bucks 007,8.637761256,E06000060,Buckinghamshire
E02003105,Winterbourne - South Gloucestershire 016,8.636207121,E06000025,South Gloucestershire
E02003618,"Clapham, Oakley & Thurleigh - Bedford 003",8.634558232,E06000055,Bedford
E02005083,Loose & Coxheath - Maidstone 016,8.620654604,E07000110,Maidstone
E02005025,South Canterbury - Canterbury 016,8.614822227,E07000106,Canterbury
E02004729,Fareham North West - Fareham 003,8.608909552,E07000087,Fareham
E02005325,Garstang & Catterall - Wyre 007,8.598616038,E07000128,Wyre
E02004697,Bentley & Holybourne - East Hampshire 001,8.595264078,E07000085,East Hampshire
E02005922,Banbury Hardwick - Cherwell 002,8.590722516,E07000177,Cherwell
E02000651,Streatham Common - Lambeth 034,8.582649359,E09000022,Lambeth
E02005949,Churchill - Oxford 010,8.576407263,E07000178,Oxford
E02005682,"Cogenhoe, Hackleton & Denton - South Northamptonshire 002",8.57519959,E06000062,West Northamptonshire
E02001719,North Heaton - Newcastle upon Tyne 012,8.574548723,E08000021,Newcastle upon Tyne
E02001638,Springvale & Steel Bank - Sheffield 028,8.572201211,E08000039,Sheffield
E02000531,Brentford Central - Hounslow 006,8.571446623,E09000018,Hounslow
E02005525,Taverham - Broadland 006,8.568767124,E07000144,Broadland
E02005235,Moorlands & Greaves - Lancaster 015,8.564604849,E07000121,Lancaster
E02005094,"Knockholt, Shoreham & Dunton Green - Sevenoaks 008",8.556069557,E07000111,Sevenoaks
E02002568,College & Park West - Darlington 010,8.554383544,E06000005,Darlington
E02003611,"Clifton, Meppershall & Stondon - Central Bedfordshire 013",8.550680051,E06000056,Central Bedfordshire
E02000462,Alexandra Park - Harrow 030,8.549977197,E09000015,Harrow
E02005930,"Deddington, Steeple Aston & Heyfords - Cherwell 010",8.541645476,E07000177,Cherwell
E02000131,Crystal Palace Park - Bromley 005,8.536563025,E09000006,Bromley
E02000376,Shepherd's Bush West - Hammersmith and Fulham 005,8.533359014,E09000013,Hammersmith and Fulham
E02000112,Wembley East - Brent 020,8.53075165,E09000005,Brent
E02006296,Kesgrave East & Martlesham - Suffolk Coastal 010,8.528692814,E07000244,East Suffolk
E02003069,Clevedon North & Walton - North Somerset 005,8.526151096,E06000024,North Somerset
E02006785,Wickham Street & East Wickham - Bexley 029,8.526148268,E09000004,Bexley
E02004734,Fareham Town & Cams Hill - Fareham 008,8.522227449,E07000087,Fareham
E02004955,Broadwater & Bragbury End - Stevenage 012,8.51813745,E07000243,Stevenage
E02003814,Middlewich East - Cheshire East 025,8.49703394,E06000049,Cheshire East
E02001265,Flixton & Moorside - Trafford 007,8.492051926,E08000009,Trafford
E02005288,Gregson Lane & Coupe Green - South Ribble 002,8.490672932,E07000126,South Ribble
E02001315,"Astley, Blackmoor & Mosley Common - Wigan 029",8.487497773,E08000010,Wigan
E02002582,"Sandymoor, Daresbury & Preston Brook - Halton 009",8.486095124,E06000006,Halton
E02005295,Lostock Hall - South Ribble 009,8.484712199,E07000126,South Ribble
E02005344,"Stoney Stanton, Sapcote & Sharnton - Blaby 012",8.48387228,E07000129,Blaby
E02006728,Webheath - Redditch 008,8.480878588,E07000236,Redditch
E02000095,Kingsbury West - Brent 003,8.469256406,E09000005,Brent
E02002042,Hayley Green - Dudley 043,8.464885862,E08000027,Dudley
E02003659,Waddesdon & Whitchurch - Aylesbury Vale 008,8.454988373,E06000060,Buckinghamshire
E02006396,Thorpe - Runnymede 004,8.433885961,E07000212,Runnymede
E02001520,Wilthorpe & Barugh Green - Barnsley 012,8.425353818,E08000038,Barnsley
E02006508,"Harbury, Long Itchington & Fenny Compton - Stratford-on-Avon 005",8.421406096,E07000221,Stratford-on-Avon
E02000195,Upper Norwood - Croydon 002,8.4180633,E09000008,Croydon
E02003289,Leigh - Southend-on-Sea 011,8.409605395,E06000033,Southend-on-Sea
E02002185,Burley-in-Wharfedale - Bradford 003,8.407203597,E08000032,Bradford
E02003093,"Alveston, Olveston & Oddbury - South Gloucestershire 004",8.397929974,E06000025,South Gloucestershire
E02005725,Ponteland - Northumberland 033,8.394869399,E06000057,Northumberland
E02006455,Haslemere West - Waverley 017,8.391543193,E07000216,Waverley
E02005363,Birstall Wanlip & Riverside - Charnwood 019,8.389997178,E07000130,Charnwood
E02006930,Greenwich East - Greenwich 037,8.376112115,E09000011,Greenwich
E02005815,"Selby South, Brayton & Barlow - Selby 007",8.374236889,E06000065,North Yorkshire
E02004841,"Whiteley, Knowle & Wickham - Winchester 013",8.37084234,E07000094,Winchester
E02002596,Houghton Green & Fearnhead - Warrington 007,8.366370522,E06000007,Warrington
E02001980,Allesley Green & Lower Eastern Green - Coventry 023,8.365319076,E08000026,Coventry
E02000639,Clapham Park East & Streatham Hill North - Lambeth 022,8.364170127,E09000022,Lambeth
E02005211,Lytham - Fylde 009,8.35849078,E07000119,Fylde
E02003347,Settington - Medway 034,8.358027548,E06000035,Medway
E02005694,Redwell - Wellingborough 003,8.354095615,E06000061,North Northamptonshire
E02001226,Heald Green East - Stockport 040,8.345606519,E08000007,Stockport
E02003065,Portishead Central - North Somerset 001,8.342837532,E06000024,North Somerset
E02004668,Winchcombe & Washbourne - Tewkesbury 003,8.334136353,E07000083,Tewkesbury
E02000705,Rowan Road - Merton 017,8.333960816,E09000024,Merton
E02000377,Askew - Hammersmith and Fulham 006,8.332834744,E09000013,Hammersmith and Fulham
E02000041,Edgware Central - Barnet 018,8.329961678,E09000003,Barnet
E02005300,Moss Side - South Ribble 014,8.32607024,E07000126,South Ribble
E02000711,Morden Central - Merton 023,8.324841403,E09000024,Merton
E02001835,Sutton Coldfield South & Central - Birmingham 009,8.321986121,E08000025,Birmingham
E02006440,Farnham Upper Hale - Waverley 002,8.307346555,E07000216,Waverley
E02000540,Spring Grove - Hounslow 015,8.307247462,E09000018,Hounslow
E02006576,Pound Hill - Crawley 002,8.306519187,E07000226,Crawley
E02005256,Longsands - Preston 004,8.298803573,E07000123,Preston
E02003671,Walton Court & Hawkslade - Aylesbury Vale 020,8.290419483,E06000060,Buckinghamshire
E02004294,Chester-le-Street South & East - County Durham 013,8.288719846,E06000047,County Durham
E02004504,South Woodham Ferrers South - Chelmsford 020,8.279058094,E07000070,Chelmsford
E02003604,Biggleswade East - Central Bedfordshire 006,8.278648328,E06000056,Central Bedfordshire
E02006392,Horley Central - Reigate and Banstead 018,8.273636849,E07000211,Reigate and Banstead
E02000382,Ravenscourt Park South - Hammersmith and Fulham 011,8.272864918,E09000013,Hammersmith and Fulham
E02003712,Lane End & Booker - Wycombe 017,8.270289065,E06000060,Buckinghamshire
E02005623,Walgrave & Moulton - Daventry 005,8.269081923,E06000062,West Northamptonshire
E02000623,Stockwell North - Lambeth 006,8.26474935,E09000022,Lambeth
E02005075,Barming - Maidstone 008,8.261426811,E07000110,Maidstone
E02000130,Penge East - Bromley 004,8.261332607,E09000006,Bromley
E02005852,Eastwood East - Broxtowe 003,8.25485316,E07000172,Broxtowe
E02002549,Fairfield - Stockton-on-Tees 015,8.251298812,E06000004,Stockton-on-Tees
E02004685,"Basingstoke Central, Black Dam & Eastrop - Basingstoke and Deane 011",8.250746426,E07000084,Basingstoke and Deane
E02003118,Cadbury Heath North & Bridgeyate - South Gloucestershire 029,8.228937274,E06000025,South Gloucestershire
E02006433,Oxted North - Tandridge 006,8.223431659,E07000215,Tandridge
E02004865,Gadebridge & Old Town - Dacorum 010,8.219404183,E07000096,Dacorum
E02004939,The Camp & Cunningham - St Albans 016,8.209354617,E07000240,St Albans
E02000391,Parsons Green East & Eel Brook Common - Hammersmith and Fulham 020,8.205974909,E09000013,Hammersmith and Fulham
E02004476,Thundersley Glen - Castle Point 004,8.204151515,E07000069,Castle Point
E02000712,St Helier North - Merton 024,8.201708157,E09000024,Merton
E02005964,"Chalgrove, Stadhampton & Dorchester - South Oxfordshire 007",8.197939335,E07000179,South Oxfordshire
E02004860,Woodhall Farm - Dacorum 005,8.195667422,E07000096,Dacorum
E02006811,Nunthorpe & Marton East - Middlesbrough 020,8.19038697,E06000002,Middlesbrough
E02002787,Holgate West - York 016,8.18767477,E06000014,York
E02005858,Beeston North - Broxtowe 009,8.179990773,E07000172,Broxtowe
E02003705,Bowerdean - Wycombe 010,8.177265134,E06000060,Buckinghamshire
E02006931,Greenwich Town & Park - Greenwich 038,8.176390127,E09000011,Greenwich
E02004970,Garston - Watford 003,8.168784706,E07000103,Watford
E02000938,Roehampton North East - Wandsworth 016,8.166379948,E09000032,Wandsworth
E02005598,"Cringleford, Little Melton & Easton - South Norfolk 002",8.165702281,E07000149,South Norfolk
E02006672,"Laverstock, Bodenham & Coombe Bissett - Wiltshire 057",8.165132207,E06000054,Wiltshire
E02002471,Ackworth & Darrington - Wakefield 034,8.163615753,E08000036,Wakefield
E02003000,"Saltford, Farmborough & Timsbury - Bath and North East Somerset 016",8.161130209,E06000022,Bath and North East Somerset
E02004530,Chipping Ongar - Epping Forest 004,8.160819105,E07000072,Epping Forest
E02005762,Ripon North & West - Harrogate 002,8.156506211,E06000065,North Yorkshire
E02003853,Disley & Lyme Park - Cheshire East 001,8.152499773,E06000049,Cheshire East
E02005379,Groby West & Ratby - Hinckley and Bosworth 003,8.125137119,E07000132,Hinckley and Bosworth
E02004407,Mayfield & Wadhurst - Wealden 005,8.124894032,E07000065,Wealden
E02003264,Barnfield - Luton 007,8.124185378,E06000032,Luton
E02001899,Harborne West - Birmingham 073,8.113237749,E08000025,Birmingham
E02001901,Harborne East - Birmingham 075,8.113146837,E08000025,Birmingham
E02001325,Lowton - Wigan 039,8.111051377,E08000010,Wigan
E02000539,Syon Green - Hounslow 014,8.105458609,E09000018,Hounslow
E02004109,Dronfield Woodhouse & Holmesfield - North East Derbyshire 005,8.104943391,E07000038,North East Derbyshire
E02000339,Eltham Park - Greenwich 027,8.104941875,E09000011,Greenwich
E02000270,South Acton - Ealing 033,8.103433526,E09000009,Ealing
E02006652,Chippenham North - Wiltshire 009,8.102960297,E06000054,Wiltshire
E02000905,Lloyd Park - Waltham Forest 011,8.101169166,E09000031,Waltham Forest
E02005456,Bracebridge Heath & Waddington - North Kesteven 004,8.099780011,E07000139,North Kesteven
E02002333,Otley South - Leeds 004,8.093601088,E08000035,Leeds
E02003022,Henleaze - Bristol 011,8.074972463,E06000023,"Bristol, City of"
E02003318,Broomhill - Medway 005,8.064721723,E06000035,Medway
E02000902,Highams Park West - Waltham Forest 008,8.049244208,E09000031,Waltham Forest
E02006609,"Horsted Keynes, Ardingly & Sharpthorne - Mid Sussex 006",8.031065845,E07000228,Mid Sussex
E02004988,Hollybush - Welwyn Hatfield 009,8.024518051,E07000241,Welwyn Hatfield
E02003804,Chester Boughton East - Cheshire West and Chester 036,8.018745634,E06000050,Cheshire West and Chester
E02004241,Christchurch Town - Christchurch 006,8.014549148,E06000058,"Bournemouth, Christchurch and Poole"
E02005951,Grandpont & New Hinksey - Oxford 012,8.010787957,E07000178,Oxford
E02002539,"Billingham West, Stillington & Longnewton - Stockton-on-Tees 005",7.996715478,E06000004,Stockton-on-Tees
E02004515,Marks Tey & Wakes Colne - Colchester 010,7.985118914,E07000071,Colchester
E02002091,Elmdon Park - Solihull 011,7.984402408,E08000029,Solihull
E02000992,Blackrod & Butterwick Fields - Bolton 009,7.976160349,E08000001,Bolton
E02003615,"Westoning, Harlington & Silsoe - Central Bedfordshire 017",7.974980751,E06000056,Central Bedfordshire
E02006156,"Shenstone, Stonnall & Little Aston - Lichfield 011",7.971465785,E07000194,Lichfield
E02005535,Thorpe St Andrew South & Dussindale - Broadland 016,7.969592337,E07000144,Broadland
E02000459,South Harrow - Harrow 027,7.968500995,E09000015,Harrow
E02005273,"Longridge North, Ribchester - Ribble Valley 004",7.959684251,E07000124,Ribble Valley
E02004977,West Watford - Watford 010,7.955715451,E07000103,Watford
E02005290,Walton-le-Dale - South Ribble 004,7.951289861,E07000126,South Ribble
E02002796,Allestree North - Derby 001,7.949305125,E06000015,Derby
E02000059,West Hendon - Barnet 036,7.945269904,E09000003,Barnet
E02000012,Longbridge & Barking Park - Barking and Dagenham 011,7.942479483,E09000002,Barking and Dagenham
E02000643,Streatham Hill - Lambeth 026,7.942050366,E09000022,Lambeth
E02003271,Wigmore & Airport - Luton 014,7.934894752,E06000032,Luton
E02004088,Long Eaton West - Erewash 011,7.934777559,E07000036,Erewash
E02000647,West Norwood West & Streatham East - Lambeth 030,7.931022601,E09000022,Lambeth
E02005926,Banbury Easington - Cherwell 006,7.927590653,E07000177,Cherwell
E02000351,Brownswood - Hackney 007,7.911612704,E09000012,Hackney
E02005095,Kemsing & Otford - Sevenoaks 009,7.907343497,E07000111,Sevenoaks
E02000251,Greenford Ravenor Park - Ealing 014,7.907142332,E09000009,Ealing
E02003072,Nailsea West - North Somerset 008,7.9044438,E06000024,North Somerset
E02003300,Stanford West - Thurrock 005,7.898587329,E06000034,Thurrock
E02005351,Loughborough - University - Charnwood 007,7.898565221,E07000130,Charnwood
E02000674,Corbett Estate - Lewisham 022,7.896951627,E09000023,Lewisham
E02006475,Weddington & St Nicholas Park - Nuneaton and Bedworth 001,7.892936245,E07000219,Nuneaton and Bedworth
E02002254,Hipperholme - Calderdale 011,7.892574111,E08000033,Calderdale
E02000755,Woodford Bridge - Redbridge 005,7.888357176,E09000026,Redbridge
E02005304,Hesketh Bank & Tarleton - West Lancashire 001,7.888052798,E07000127,West Lancashire
E02002989,Weston - Bath and North East Somerset 005,7.885671902,E06000022,Bath and North East Somerset
E02006378,Chipstead & Netherne - Reigate and Banstead 004,7.884187164,E07000211,Reigate and Banstead
E02007096,Kingston Park - Newcastle upon Tyne 033,7.872491466,E08000021,Newcastle upon Tyne
E02005499,Dunholme & Welton - West Lindsey 008,7.872030245,E07000142,West Lindsey
E02000566,Highbury Fields - Islington 013,7.868988096,E09000019,Islington
E02000230,Purley Central - Croydon 037,7.868929213,E09000008,Croydon
E02005338,Enderby & Glen Parva - Blaby 006,7.867042509,E07000129,Blaby
E02001847,Minworth - Birmingham 021,7.852131136,E08000025,Birmingham
E02004238,Highcliffe & Walkford - Christchurch 003,7.845758696,E06000058,"Bournemouth, Christchurch and Poole"
E02003679,Chesham South - Chiltern 004,7.84102967,E06000060,Buckinghamshire
E02000893,Mudchute - Tower Hamlets 030,7.833281982,E09000030,Tower Hamlets
E02000445,Wealdstone South - Harrow 013,7.831035034,E09000015,Harrow
E02003422,Cookham & Waltham - Windsor and Maidenhead 002,7.827667169,E06000040,Windsor and Maidenhead
E02003138,Peverell - Plymouth 017,7.827191374,E06000026,Plymouth
E02006653,Chippenham West - Wiltshire 010,7.82529908,E06000054,Wiltshire
E02000851,Sutton Central - Sutton 012,7.821061217,E09000029,Sutton
E02003461,Newport Pagnell North - Milton Keynes 003,7.811361866,E06000042,Milton Keynes
E02000460,Newton Farm - Harrow 028,7.809722628,E09000015,Harrow
E02002534,Guisborough Outer & Upleatham - Redcar and Cleveland 020,7.796880439,E06000003,Redcar and Cleveland
E02005159,Tonbridge Higham Wood - Tonbridge and Malling 011,7.795537859,E07000115,Tonbridge and Malling
E02006666,Salisbury Bishopsdown - Wiltshire 051,7.788108538,E06000054,Wiltshire
E02004844,Rye Park - Broxbourne 002,7.770830282,E07000095,Broxbourne
E02003003,Odd Down - Bath and North East Somerset 019,7.770826416,E06000022,Bath and North East Somerset
E02006453,Ewhurst & Chiddingfold - Waverley 015,7.769883074,E07000216,Waverley
E02005500,Saxilby & Scampton - West Lindsey 009,7.769736007,E07000142,West Lindsey
E02003654,Newton Longville & Great Horwood - Aylesbury Vale 003,7.767354345,E06000060,Buckinghamshire
E02000630,Clapham Old Town - Lambeth 013,7.749359855,E09000022,Lambeth
E02001314,Tyldesley South - Wigan 028,7.748600764,E08000010,Wigan
E02004404,Frant & Groombridge - Wealden 002,7.743121873,E07000065,Wealden
E02002991,Central Bath & Lansdown - Bath and North East Somerset 007,7.723839055,E06000022,Bath and North East Somerset
E02007054,Old Costessey & Queens Hills - South Norfolk 016,7.723588331,E07000149,South Norfolk
E02000796,Heathfield - Richmond upon Thames 013,7.723440706,E09000027,Richmond upon Thames
E02005528,Old Catton - Broadland 009,7.720944399,E07000144,Broadland
E02005771,Saltergate - Harrogate 011,7.720226813,E06000065,North Yorkshire
E02005364,Birstall Central - Charnwood 020,7.719721934,E07000130,Charnwood
E02005172,"Goudhurst, Horsmonden & Lamberhurst - Tunbridge Wells 011",7.714541526,E07000116,Tunbridge Wells
E02000237,Old Coulsdon - Croydon 044,7.714153219,E09000008,Croydon
E02005781,"Spofforth, Burn Bridge & Huby - Harrogate 021",7.713255824,E06000065,North Yorkshire
E02005153,Ditton - Tonbridge and Malling 005,7.712942552,E07000115,Tonbridge and Malling
E02000483,Hornchurch - Havering 020,7.711593421,E09000016,Havering
E02003345,Parkwood East - Medway 032,7.693884718,E06000035,Medway
E02003033,Cotham - Bristol 022,7.693836605,E06000023,"Bristol, City of"
E02000479,Romford South - Havering 016,7.687825683,E09000016,Havering
E02006733,Hunt End & Feckenham - Redditch 013,7.687200566,E07000236,Redditch
E02004887,"Watton-at-Stone, Bramfield & Bayford - East Hertfordshire 010",7.680388813,E07000242,East Hertfordshire
E02006143,Branston - East Staffordshire 013,7.67591207,E07000193,East Staffordshire
E02003867,Macclesfield Upton Priory & Greenside - Cheshire East 015,7.67587459,E06000049,Cheshire East
E02000180,Camden Road South - Camden 015,7.655213929,E09000007,Camden
E02000669,Hither Green - Lewisham 017,7.645075413,E09000023,Lewisham
E02003091,Thornbury South - South Gloucestershire 002,7.637325991,E06000025,South Gloucestershire
E02000332,Shooters Hill - Greenwich 020,7.635338284,E09000011,Greenwich
E02004600,Swindon Village & Wyman's Brook - Cheltenham 001,7.633957705,E07000078,Cheltenham
E02000210,Addiscombe North - Croydon 017,7.629665652,E09000008,Croydon
E02003734,North Ely - East Cambridgeshire 003,7.6267423,E07000009,East Cambridgeshire
E02002098,Shirley East - Solihull 018,7.625540592,E08000029,Solihull
E02006816,"Houghton, Thurby & Scraptoft - Harborough 011",7.614989709,E07000131,Harborough
E02005651,Moulton - Northampton 002,7.608145159,E06000062,West Northamptonshire
E02004874,Corner Hall - Dacorum 019,7.604649079,E07000096,Dacorum
E02006617,Burgess Hill Central - Mid Sussex 014,7.60403744,E07000228,Mid Sussex
E02003229,Freshbrook North & Grange Park - Swindon 018,7.601297432,E06000030,Swindon
E02006511,Wellesbourne & Snitterfield - Stratford-on-Avon 008,7.593646009,E07000221,Stratford-on-Avon
E02000652,Streatham Vale - Lambeth 035,7.593252683,E09000022,Lambeth
E02007026,Tidworth - Wiltshire 066,7.591709913,E06000054,Wiltshire
E02001020,Summerseat - Bury 002,7.589337482,E08000002,Bury
E02000333,Blackheath Standard & Village - Greenwich 021,7.585410983,E09000011,Greenwich
E02001504,"Poulton, Raby Mere & Thornton Hough - Wirral 038",7.583888877,E08000015,Wirral
E02002422,Churwell - Leeds 093,7.581122469,E08000035,Leeds
E02004044,"Duffield, Quarndon & Kirk Langley - Amber Valley 016",7.579808133,E07000032,Amber Valley
E02006607,East Grinstead West & South - Mid Sussex 004,7.57910538,E07000228,Mid Sussex
E02000644,Leigham Vale & Royal Circus - Lambeth 027,7.575217542,E09000022,Lambeth
E02000081,Barnehurst South - Bexley 017,7.571031518,E09000004,Bexley
E02003020,Westbury on Trym - Bristol 009,7.569076384,E06000023,"Bristol, City of"
E02003511,Portslade by Sea - Brighton and Hove 021,7.568954197,E06000043,Brighton and Hove
E02003430,Windsor Town & Eton - Windsor and Maidenhead 010,7.56493448,E06000040,Windsor and Maidenhead
E02002351,"Scarcroft, Shadwell & Scholes - Leeds 022",7.563980776,E08000035,Leeds
E02002306,"Scapegoat Hill, Outlane & West Golcar - Kirklees 036",7.563948786,E08000034,Kirklees
E02005776,"Ouseburn, Hammerton & Tockwith - Harrogate 016",7.563491716,E06000065,North Yorkshire
E02002353,Roundhay West - Leeds 024,7.555966273,E08000035,Leeds
E02006195,Weston & Haywood - Stafford 008,7.554776306,E07000197,Stafford
E02007086,Trumpington - Cambridge 015,7.552634917,E07000008,Cambridge
E02000917,Leyton North - Waltham Forest 023,7.55042419,E09000031,Waltham Forest
E02001494,Caldy & Newton - Wirral 028,7.537443614,E08000015,Wirral
E02000922,Leytonstone South East - Waltham Forest 028,7.535954217,E09000031,Waltham Forest
E02001428,Rainhill South - St. Helens 023,7.529456289,E08000013,St. Helens
E02004312,Belmont & Carrville - County Durham 028,7.51357611,E06000047,County Durham
E02007116,Cowley North - Oxford 019,7.509235363,E07000178,Oxford
E02006413,Halliford & Sunbury West - Spelthorne 011,7.508224547,E07000213,Spelthorne
E02004120,"Willington North, Findern & Stenson Fields - South Derbyshire 003",7.507664037,E07000039,South Derbyshire
E02005332,Poulton South - Wyre 014,7.50100346,E07000128,Wyre
E02000400,Bounds Green - Haringey 004,7.498984509,E09000014,Haringey
E02001755,Holystone & Benton - North Tyneside 018,7.474916763,E08000022,North Tyneside
E02003842,"Hooton, Willaston & Ness - Cheshire West and Chester 004",7.465364776,E06000050,Cheshire West and Chester
E02002918,Hereford East - Herefordshire 014,7.457435397,E06000019,"Herefordshire, County of"
E02001789,Cleadon & East Boldon - South Tyneside 022,7.448770345,E08000023,South Tyneside
E02006838,Headley Down & Grayshott - East Hampshire 017,7.44868563,E07000085,East Hampshire
E02000038,Friern Barnet - Barnet 015,7.4481472,E09000003,Barnet
E02005349,Shepshed West - Charnwood 005,7.447222858,E07000130,Charnwood
E02005460,Ruskington West & Cranwell - North Kesteven 008,7.440745253,E07000139,North Kesteven
E02000215,Addiscombe West - Croydon 022,7.437658749,E09000008,Croydon
E02000659,Blackheath West - Lewisham 007,7.421264359,E09000023,Lewisham
E02002363,Chapel Allerton North - Leeds 034,7.420757453,E08000035,Leeds
E02004738,Portchester South East - Fareham 012,7.41616497,E07000087,Fareham
E02006002,Witney Central - West Oxfordshire 010,7.410897175,E07000181,West Oxfordshire
E02005311,Bickerstaffe & Newburgh - West Lancashire 008,7.404933199,E07000127,West Lancashire
E02000417,Muswell Hill South - Haringey 021,7.400759349,E09000014,Haringey
E02000795,"Richmond Park, Sheen Gate & Petersham - Richmond upon Thames 012",7.400669358,E09000027,Richmond upon Thames
E02002605,Hood Manor & Sankey Bridges - Warrington 016,7.392911439,E06000007,Warrington
E02005275,Longridge South - Ribble Valley 006,7.391245165,E07000124,Ribble Valley
E02003770,"Little Paxton, Love's Farm & Great Gransden - Huntingdonshire 018",7.387576103,E07000011,Huntingdonshire
E02005079,Loose Valley & Boughton Monchelsea - Maidstone 012,7.381496117,E07000110,Maidstone
E02000925,Battersea Latchmere - Wandsworth 003,7.380856407,E09000032,Wandsworth
E02000463,Earlsmead - Harrow 031,7.376170861,E09000015,Harrow
E02006360,Shalford & Wanborough - Guildford 017,7.374317436,E07000209,Guildford
E02005971,Didcot South West - South Oxfordshire 014,7.366196667,E07000179,South Oxfordshire
E02000820,Kennington East - Southwark 014,7.361988453,E09000028,Southwark
E02003605,Cranfield & Apsley Guise - Central Bedfordshire 007,7.361692415,E06000056,Central Bedfordshire
E02001746,Monkseaton - North Tyneside 009,7.35369859,E08000022,North Tyneside
E02003103,Yate South - South Gloucestershire 014,7.344674617,E06000025,South Gloucestershire
E02003402,Southampton Street & Redlands Road - Reading 014,7.33815677,E06000038,Reading
E02002810,Mickleover North - Derby 015,7.330684846,E06000015,Derby
E02004617,Bourton-on-the-Water & Vale - Cotswold 003,7.319770256,E07000079,Cotswold
E02002451,Wrenthorpe & Kirkhamgate - Wakefield 014,7.303969336,E08000036,Wakefield
E02000985,Bromley Cross & Bradshaw - Bolton 002,7.293365685,E08000001,Bolton
E02000559,Gillespie Road - Islington 006,7.29066865,E09000019,Islington
E02006866,North Hykeham South - North Kesteven 013,7.271733071,E07000139,North Kesteven
E02005953,Iffley Fields - Oxford 014,7.269510707,E07000178,Oxford
E02000064,Childs Hill - Barnet 041,7.265485584,E09000003,Barnet
E02004493,Waterhouse Lane & Admirals Park - Chelmsford 009,7.262655431,E07000070,Chelmsford
E02000591,Earl's Court - Kensington and Chelsea 015,7.262550484,E09000020,Kensington and Chelsea
E02006145,Barton-under-Needwood - East Staffordshire 015,7.256739017,E07000193,East Staffordshire
E02005991,Wantage Town - Vale of White Horse 014,7.253835751,E07000180,Vale of White Horse
E02000122,Brondesbury Park - Brent 030,7.251953814,E09000005,Brent
E02000489,Elm Park West - Havering 026,7.241900937,E09000016,Havering
E02000121,Alperton West - Brent 029,7.234641007,E09000005,Brent
E02002988,Lambridge & Fairfield Park - Bath and North East Somerset 004,7.227760519,E06000022,Bath and North East Somerset
E02004920,Hitchin Town & West - North Hertfordshire 012,7.227373824,E07000099,North Hertfordshire
E02005021,"Blean Forest, Chartham Hatch & University - Canterbury 012",7.218670752,E07000106,Canterbury
E02003096,Yate West - South Gloucestershire 007,7.214317606,E06000025,South Gloucestershire
E02005624,Daventry North - Daventry 006,7.213205841,E06000062,West Northamptonshire
E02003419,Langley Foxborough - Slough 013,7.211117811,E06000039,Slough
E02001656,Brincliffe & Sharrow Vale - Sheffield 046,7.209890604,E08000039,Sheffield
E02001283,"Altrincham West, Dunham & Warburton - Trafford 025",7.20698467,E08000009,Trafford
E02006466,Old Woking & Westfield - Woking 011,7.199193528,E07000217,Woking
E02002867,"Uppingham, Lyddington & Braunston - Rutland 005",7.186537041,E06000017,Rutland
E02000261,East Acton - Ealing 024,7.186130842,E09000009,Ealing
E02004469,Brook Street & Pilgrim's Hatch - Brentwood 006,7.184218704,E07000068,Brentwood
E02005069,Penenden Heath - Maidstone 002,7.179224529,E07000110,Maidstone
E02003484,Furzton - Milton Keynes 026,7.178955917,E06000042,Milton Keynes
E02003120,Hanham - South Gloucestershire 031,7.177418247,E06000025,South Gloucestershire
E02005040,"Longfield, New Barn & Southfleet - Dartford 013",7.177013744,E07000107,Dartford
E02001220,Cheadle Hulme West - Stockport 034,7.176664831,E08000007,Stockport
E02001222,Heald Green West - Stockport 036,7.172196093,E08000007,Stockport
E02004464,Kelvedon Hatch & Doddinghurst - Brentwood 001,7.171767909,E07000068,Brentwood
E02002131,Aldridge South - Walsall 022,7.169596679,E08000030,Walsall
E02000050,Fallow Corner - Barnet 027,7.164908605,E09000003,Barnet
E02006034,Shrewsbury Copthorne & Bowbrook - Shropshire 020,7.163850337,E06000051,Shropshire
E02002316,"Lepton, Grange Moor & Flockton - Kirklees 046",7.163611104,E08000034,Kirklees
E02005754,Northallerton South & Leeming Bar - Hambleton 005,7.155508203,E06000065,North Yorkshire
E02003137,Mannamead & Hartley - Plymouth 016,7.150703001,E06000026,Plymouth
E02005352,"Wymeswold, Rearsby & Cossington - Charnwood 008",7.148728305,E07000130,Charnwood
E02001003,Lostock & Ladybridge - Bolton 020,7.145747943,E08000001,Bolton
E02005690,Brackley South - South Northamptonshire 010,7.138985327,E06000062,West Northamptonshire
E02000839,Sydenham Hill - Southwark 033,7.137863703,E09000028,Southwark
E02000328,Westcombe Park & Maze Hill - Greenwich 016,7.135131802,E09000011,Greenwich
E02005309,Ormskirk North & West - West Lancashire 006,7.113943877,E07000127,West Lancashire
E02002334,Boston Spa & Bramham - Leeds 005,7.112133524,E08000035,Leeds
E02001639,Crookes - Sheffield 029,7.104447577,E08000039,Sheffield
E02005239,"University, Galgate & Dolphinholme - Lancaster 019",7.102828938,E07000121,Lancaster
E02000442,Queensbury East - Harrow 010,7.101647234,E09000015,Harrow
E02005366,Anstey - Charnwood 022,7.090294437,E07000130,Charnwood
E02000800,Ham - Richmond upon Thames 017,7.0863487,E09000027,Richmond upon Thames
E02000552,Lower Feltham - Hounslow 027,7.085423902,E09000018,Hounslow
E02001288,Standish South - Wigan 002,7.076670136,E08000010,Wigan
E02006344,West Clandon & Send - Guildford 001,7.07448705,E07000209,Guildford
E02005345,Loughborough Dishley & Hathern - Charnwood 001,7.071724593,E07000130,Charnwood
E02000134,Bromley North & Sundridge - Bromley 008,7.071470651,E09000006,Bromley
E02001264,Trafford Park East & Sevenways - Trafford 006,7.070124181,E08000009,Trafford
E02003429,Bray Wick & Holyport - Windsor and Maidenhead 009,7.067077607,E06000040,Windsor and Maidenhead
E02004532,Epping South - Epping Forest 006,7.063003809,E07000072,Epping Forest
E02000472,Romford North - Havering 009,7.051976904,E09000016,Havering
E02005482,"Corby Glen, Ropsley & Grantham Outskirts - South Kesteven 007",7.044849956,E07000141,South Kesteven
E02006389,Salfords & Woodhatch - Reigate and Banstead 015,7.044641181,E07000211,Reigate and Banstead
E02006182,Codsall - South Staffordshire 009,7.044282027,E07000196,South Staffordshire
E02004906,Borehamwood Hillside - Hertsmere 011,7.043520499,E07000098,Hertsmere
E02005488,Market Deeping - South Kesteven 013,7.0428246,E07000141,South Kesteven
E02006661,"Larkhill, Shrewton & Bulford Camp - Wiltshire 045",7.040844709,E06000054,Wiltshire
E02000352,Clissold North - Hackney 008,7.03769241,E09000012,Hackney
E02002270,"Ripponden, Rishworth & Barkisland - Calderdale 027",7.03355299,E08000033,Calderdale
E02006619,Hurstpierpoint & Bolney - Mid Sussex 016,7.032216331,E07000228,Mid Sussex
E02006803,Mosborough & Halfway - Sheffield 072,7.03149967,E08000039,Sheffield
E02004875,Nash Mills & Bennetts End - Dacorum 020,7.029014657,E07000096,Dacorum
E02005014,Chestfield & South Tankerton - Canterbury 005,7.011345759,E07000106,Canterbury
E02005976,Shiplake & Binfield Heath - South Oxfordshire 019,7.005378697,E07000179,South Oxfordshire
E02005335,Kirby Muxloe & Thurlaston - Blaby 003,7.005371118,E07000129,Blaby
E02006515,Bidford & Welford - Stratford-on-Avon 012,7.004177036,E07000221,Stratford-on-Avon
E02003735,South Ely - East Cambridgeshire 004,6.994428994,E07000009,East Cambridgeshire
E02000264,Ealing Common & Twyford Ave - Ealing 027,6.993691388,E09000009,Ealing
E02006003,Eynsham & Stanton Harcourt - West Oxfordshire 011,6.983953882,E07000181,West Oxfordshire
E02006517,Lower Quinton & Ettington - Stratford-on-Avon 014,6.981809552,E07000221,Stratford-on-Avon
E02003780,"HIston, Impington & Orchard Park - South Cambridgeshire 006",6.973962694,E07000012,South Cambridgeshire
E02000695,Graveney - Merton 007,6.973028596,E09000024,Merton
E02007028,Cranbrook - East Devon 022,6.95758638,E07000040,East Devon
E02000437,Harrow Weald - Harrow 005,6.955273154,E09000015,Harrow
E02004514,Lexden - Colchester 009,6.942455386,E07000071,Colchester
E02004608,Lansdown & Montpellier - Cheltenham 009,6.937422756,E07000078,Cheltenham
E02002102,Blossomfield - Solihull 022,6.932718026,E08000029,Solihull
E02000576,Old Street & St Luke's - Islington 023,6.930863202,E09000019,Islington
E02003197,Canford Heath West - Poole 004,6.930114668,E06000058,"Bournemouth, Christchurch and Poole"
E02003037,Clifton East - Bristol 026,6.929167151,E06000023,"Bristol, City of"
E02006732,Crabbs Cross - Redditch 012,6.927069817,E07000236,Redditch
E02006602,Ashington & Washington - Horsham 015,6.91602011,E07000227,Horsham
E02006477,Horeston Grange - Nuneaton and Bedworth 003,6.915203724,E07000219,Nuneaton and Bedworth
E02002993,Kingsmead - Bath and North East Somerset 009,6.911184602,E06000022,Bath and North East Somerset
E02006441,Farnham Town - Waverley 003,6.909207753,E07000216,Waverley
E02000108,Sudbury West - Brent 016,6.902263299,E09000005,Brent
E02005770,Bilton - Harrogate 010,6.899242924,E06000065,North Yorkshire
E02005620,Broxworth & Spratton - Daventry 002,6.896658608,E06000062,West Northamptonshire
E02006863,Snatchill - Corby 009,6.894550487,E06000061,North Northamptonshire
E02000475,Gidea Park - Havering 012,6.887083333,E09000016,Havering
E02005359,East Goscote & Queniborough - Charnwood 015,6.886878065,E07000130,Charnwood
E02004531,Epping North - Epping Forest 005,6.882160439,E07000072,Epping Forest
E02000188,Euston - Camden 023,6.868652264,E09000007,Camden
E02005683,"Blisworth, Roade & Yardley Gobion - South Northamptonshire 003",6.867699418,E06000062,West Northamptonshire
E02000296,Southgate - Enfield 020,6.854900625,E09000010,Enfield
E02003412,Cippenham Green - Slough 006,6.854265112,E06000039,Slough
E02000312,Broomfield Park - Enfield 036,6.851556706,E09000010,Enfield
E02003111,Downend South - South Gloucestershire 022,6.851350535,E06000025,South Gloucestershire
E02006135,Burton Stretton - East Staffordshire 005,6.850159149,E07000193,East Staffordshire
E02006571,Stockbridge & Fishbourne - Chichester 011,6.847971777,E07000225,Chichester
E02002558,Yarm - Stockton-on-Tees 024,6.835565626,E06000004,Stockton-on-Tees
E02004674,Brockworth & Coopers Edge - Tewkesbury 009,6.834115547,E07000083,Tewkesbury
E02005906,East Bridgford & Aslockton - Rushcliffe 001,6.833887485,E07000176,Rushcliffe
E02002599,Callands & Old Hall - Warrington 010,6.833593742,E06000007,Warrington
E02003097,Chipping Sodbury - South Gloucestershire 008,6.83211229,E06000025,South Gloucestershire
E02003790,Linton & Balsham - South Cambridgeshire 016,6.829136562,E07000012,South Cambridgeshire
E02002512,Marton West - Middlesbrough 017,6.828541303,E06000002,Middlesbrough
E02001836,New Oscott - Birmingham 010,6.826604548,E08000025,Birmingham
E02006147,"Alrewas, Fradley & King's Bromley - Lichfield 002",6.81306741,E07000194,Lichfield
E02000602,Kingston East & Norbiton West - Kingston upon Thames 005,6.810294691,E09000021,Kingston upon Thames
E02003122,Glenholt & Widewell - Plymouth 001,6.796317666,E06000026,Plymouth
E02001199,Heaton Mersey - Stockport 013,6.792090075,E08000007,Stockport
E02003041,Clifton Village - Bristol 030,6.787614721,E06000023,"Bristol, City of"
E02000758,Clayhall North - Redbridge 008,6.78610043,E09000026,Redbridge
E02004914,Letchworth East - North Hertfordshire 006,6.779830999,E07000099,North Hertfordshire
E02006969,Ealing Broadway East - Ealing 042,6.777741393,E09000009,Ealing
E02004781,West Totton - New Forest 003,6.777709765,E07000091,New Forest
E02006601,Henfield & Small Dole - Horsham 014,6.776508915,E07000227,Horsham
E02004152,St James's Park & Hoopern - Exeter 004,6.768497969,E07000041,Exeter
E02004845,Hoddesdon Town - Broxbourne 003,6.764882989,E07000095,Broxbourne
E02003851,Whitby & Stanney Woods - Cheshire West and Chester 014,6.764585222,E06000050,Cheshire West and Chester
E02000915,Leytonstone North - Waltham Forest 021,6.762267239,E09000031,Waltham Forest
E02000884,Aldgate - Tower Hamlets 021,6.759868755,E09000030,Tower Hamlets
E02004866,Warners End - Dacorum 011,6.753826308,E07000096,Dacorum
E02003431,Datchet - Windsor and Maidenhead 011,6.744502816,E06000040,Windsor and Maidenhead
E02003372,Calcot North & Little Heath - West Berkshire 006,6.739617012,E06000037,West Berkshire
E02004122,Willington South & Repton - South Derbyshire 005,6.73586382,E07000039,South Derbyshire
E02000033,Brunswick Park Road - Barnet 010,6.735399254,E09000003,Barnet
E02003643,Leighton Buzzard South East - Central Bedfordshire 024,6.734722453,E06000056,Central Bedfordshire
E02000763,Aldborough Hatch - Redbridge 013,6.731502913,E09000026,Redbridge
E02003768,"Houghton, Hemingford & Fenstanton - Huntingdonshire 016",6.730417957,E07000011,Huntingdonshire
E02007062,Ingleby Barwick North - Stockton-on-Tees 027,6.729606801,E06000004,Stockton-on-Tees
E02001828,Four Oaks - Birmingham 002,6.729103573,E08000025,Birmingham
E02004465,Ingatestone & Mountnessing - Brentwood 002,6.720038837,E07000068,Brentwood
E02002300,North Lindley & Birchencliffe - Kirklees 030,6.718561727,E08000034,Kirklees
E02005937,Kidlington North - Cherwell 017,6.714313802,E07000177,Cherwell
E02000582,Notting Hill Gate - Kensington and Chelsea 006,6.713578806,E09000020,Kensington and Chelsea
E02006341,Epsom North - Epsom and Ewell 007,6.709819055,E07000208,Epsom and Ewell
E02004408,Crowborough South East - Wealden 006,6.694415358,E07000065,Wealden
E02006536,North Lancing - Adur 003,6.691061863,E07000223,Adur
E02005375,Market Harborough South & Little Bowden - Harborough 009,6.686247581,E07000131,Harborough
E02001673,Sothall - Sheffield 063,6.666565734,E08000039,Sheffield
E02000956,Tooting West - Wandsworth 034,6.658921506,E09000032,Wandsworth
E02003409,Haymill & Lynch Hill - Slough 003,6.65324483,E06000039,Slough
E02006741,Lyppard Grange - Worcester 008,6.649648066,E07000237,Worcester
E02006514,Stratford South West - Stratford-on-Avon 011,6.649134523,E07000221,Stratford-on-Avon
E02003491,Patcham East - Brighton and Hove 001,6.647467405,E06000043,Brighton and Hove
E02003355,Priestwood - Bracknell Forest 004,6.6445277,E06000036,Bracknell Forest
E02000908,Blackhorse Road - Waltham Forest 014,6.640602394,E09000031,Waltham Forest
E02003844,Little Neston - Cheshire West and Chester 006,6.639274838,E06000050,Cheshire West and Chester
E02000231,Woodcote - Croydon 038,6.638635768,E09000008,Croydon
E02003653,Buckingham North - Aylesbury Vale 002,6.635070978,E06000060,Buckinghamshire
E02004024,"Burton-in-Kendal, Levens & Natland - South Lakeland 010",6.631874117,E06000064,Westmorland and Furness
E02003695,Iver & Richings Park - South Bucks 008,6.628115996,E06000060,Buckinghamshire
E02000510,Hillingdon South - Hillingdon 017,6.627281456,E09000017,Hillingdon
E02000344,New Eltham - Greenwich 032,6.616140808,E09000011,Greenwich
E02001990,Binley - Coventry 033,6.615268786,E08000026,Coventry
E02003785,Fulbourn & Teversham - South Cambridgeshire 011,6.598108896,E07000012,South Cambridgeshire
E02005355,Barrow upon Soar - Charnwood 011,6.596460495,E07000130,Charnwood
E02000235,Kenley South - Croydon 042,6.593855486,E09000008,Croydon
E02006789,Biggin Hill East & Cudham - Bromley 042,6.592163538,E09000006,Bromley
E02002103,Shirley Heath - Solihull 023,6.588286759,E08000029,Solihull
E02001713,Coxlodge & West Gosforth - Newcastle upon Tyne 006,6.587153671,E08000021,Newcastle upon Tyne
E02002470,Sandal - Wakefield 033,6.585616809,E08000036,Wakefield
E02007018,Chadwell Heath South West - Redbridge 038,6.580027337,E09000026,Redbridge
E02000252,North Acton - Ealing 015,6.578807165,E09000009,Ealing
E02005274,"Read, Sabden & Chatburn - Ribble Valley 005",6.573361209,E07000124,Ribble Valley
E02000873,Mile End West - Tower Hamlets 010,6.570518961,E09000030,Tower Hamlets
E02006610,Balcombe & Handcross - Mid Sussex 007,6.559252217,E07000228,Mid Sussex
E02000646,Streatham Central - Lambeth 029,6.558724213,E09000022,Lambeth
E02000385,Barons Court - Hammersmith and Fulham 014,6.553474595,E09000013,Hammersmith and Fulham
E02002897,Wollaton Vale - Nottingham 030,6.550022995,E06000018,Nottingham
E02000954,Upper Tooting - Wandsworth 032,6.545158337,E09000032,Wandsworth
E02005277,Wilpshire & Mellor - Ribble Valley 008,6.54417086,E07000124,Ribble Valley
E02003884,Sandiway - Cheshire West and Chester 024,6.538792458,E06000050,Cheshire West and Chester
E02003706,Totteridge - Wycombe 011,6.53567793,E06000060,Buckinghamshire
E02000603,Norbiton East - Kingston upon Thames 006,6.532762165,E09000021,Kingston upon Thames
E02005253,Grimsargh & Goosnargh - Preston 001,6.521513468,E07000123,Preston
E02001747,Cullercoats - North Tyneside 010,6.520147245,E08000022,North Tyneside
E02006843,Cathedral & Kelham - Sheffield 073,6.518812987,E08000039,Sheffield
E02002336,Bramhope & Pool-in-Wharfedale - Leeds 007,6.518093977,E08000035,Leeds
E02000946,Earlsfield South - Wandsworth 024,6.516603003,E09000032,Wandsworth
E02006432,Caterham West - Tandridge 005,6.516199765,E07000215,Tandridge
E02006527,Leamington West & Milverton - Warwick 009,6.512675349,E07000222,Warwick
E02003028,Westbury Park - Bristol 017,6.512070708,E06000023,"Bristol, City of"
E02003692,Stoke Poges & George Green - South Bucks 005,6.511637643,E06000060,Buckinghamshire
E02007113,Blackwall - Tower Hamlets 035,6.497396037,E09000030,Tower Hamlets
E02006323,Walton Central - Elmbridge 007,6.495429171,E07000207,Elmbridge
E02004671,"Highnam, Longford & Norton - Tewkesbury 006",6.487725854,E07000083,Tewkesbury
E02004861,Northchurch & Potten End - Dacorum 006,6.487583654,E07000096,Dacorum
E02004119,Hilton & Etwall - South Derbyshire 002,6.484403478,E07000039,South Derbyshire
E02000174,Kentish Town East - Camden 009,6.479229189,E09000007,Camden
E02003009,Midsomer Norton North - Bath and North East Somerset 025,6.474432073,E06000022,Bath and North East Somerset
E02005487,"Langtoft, Thurlby & Uffington - South Kesteven 012",6.470260217,E07000141,South Kesteven
E02000621,Vauxhall South - Lambeth 004,6.464433103,E09000022,Lambeth
E02003309,Little Thurrock South - Thurrock 014,6.451492795,E06000034,Thurrock
E02002997,Oldfield Park West - Bath and North East Somerset 013,6.451426062,E06000022,Bath and North East Somerset
E02004540,Loughton West - Epping Forest 014,6.451355956,E07000072,Epping Forest
E02004832,New Alresford - Winchester 004,6.442302589,E07000094,Winchester
E02001216,Cheadle Hulme Orrishmere - Stockport 030,6.439464344,E08000007,Stockport
E02001643,Sandygate & Crosspool - Sheffield 033,6.436575763,E08000039,Sheffield
E02001791,Fulwell - Sunderland 001,6.436441044,E08000024,Sunderland
E02000079,Bexleyheath Broadway - Bexley 015,6.431952148,E09000004,Bexley
E02006369,Box Hill & Brockham - Mole Valley 008,6.431190714,E07000210,Mole Valley
E02002779,Heworth North & Stockton - York 008,6.430238227,E06000014,York
E02000896,Chingford Green East - Waltham Forest 002,6.427469225,E09000031,Waltham Forest
E02004858,Tring North - Dacorum 003,6.427278859,E07000096,Dacorum
E02003469,Bradwell Village - Milton Keynes 011,6.421215787,E06000042,Milton Keynes
E02002791,"Dunnington, Elvington & Wheldrake - York 020",6.416786297,E06000014,York
E02004466,Hutton - Brentwood 003,6.411421365,E07000068,Brentwood
E02004932,Townsend & New Greens - St Albans 009,6.404622282,E07000240,St Albans
E02003377,Thatcham South East & Bradfield - West Berkshire 011,6.400908455,E06000037,West Berkshire
E02006394,Englefield Green & University - Runnymede 002,6.395972354,E07000212,Runnymede
E02000124,Queens Park - Brent 032,6.391128556,E09000005,Brent
E02003092,"Charfield, Wickwar & Iron Acton - South Gloucestershire 003",6.382785952,E06000025,South Gloucestershire
E02000216,Park Hill & Lloyd Park - Croydon 023,6.374049145,E09000008,Croydon
E02005334,Leicester Forest East - Blaby 002,6.373940047,E07000129,Blaby
E02005603,Wymondham East & Spooner Row - South Norfolk 007,6.372187424,E07000149,South Norfolk
E02004669,"Cleeve Hill, Gotherington & Apperley - Tewkesbury 004",6.369967933,E07000083,Tewkesbury
E02000662,Brockley West - Lewisham 010,6.367933879,E09000023,Lewisham
E02006006,Carterton South - West Oxfordshire 014,6.365202565,E07000181,West Oxfordshire
E02000620,Kennington West & Vauxhall North - Lambeth 003,6.353292541,E09000022,Lambeth
E02000193,"Holborn, St Giles & Bloomsbury South - Camden 028",6.335209255,E09000007,Camden
E02004716,Bishopstoke - Eastleigh 005,6.334694295,E07000086,Eastleigh
E02000696,Lavender Park - Merton 008,6.328065425,E09000024,Merton
E02004607,Pittville & Fairview - Cheltenham 008,6.318570402,E07000078,Cheltenham
E02000405,Alexandra Park - Haringey 009,6.317903577,E09000014,Haringey
E02005765,Boroughbridge & Marton-cum-Grafton - Harrogate 005,6.316451159,E06000065,North Yorkshire
E02000927,Lavender Hill East - Wandsworth 005,6.312483428,E09000032,Wandsworth
E02006191,Little Stoke & Milwich - Stafford 004,6.309184545,E07000197,Stafford
E02005975,"Goring, Woodcote & Whitchurch - South Oxfordshire 018",6.3040379,E07000179,South Oxfordshire
E02000168,Tufnell Park West - Camden 003,6.302882756,E09000007,Camden
E02005983,Abingdon Town & West - Vale of White Horse 006,6.290229065,E07000180,Vale of White Horse
E02003374,Calcot South - West Berkshire 008,6.290035681,E06000037,West Berkshire
E02001827,Hill Hook - Birmingham 001,6.286189672,E08000025,Birmingham
E02004998,Kennington & Little Burton Farm - Ashford 003,6.28566965,E07000105,Ashford
E02005900,Southwell - Newark and Sherwood 008,6.284012777,E07000175,Newark and Sherwood
E02006376,Banstead - Reigate and Banstead 002,6.270475468,E07000211,Reigate and Banstead
E02004927,Wheathampstead - St Albans 004,6.261805944,E07000240,St Albans
E02002710,Willerby - East Riding of Yorkshire 027,6.256248661,E06000011,East Riding of Yorkshire
E02004599,"Hatfield Heath, Hallingburys & Rodings - Uttlesford 009",6.25327424,E07000077,Uttlesford
E02003369,Streatley & Pangbourne - West Berkshire 003,6.251480384,E06000037,West Berkshire
E02005308,"Parbold, Appley Bridge & Wrightington - West Lancashire 005",6.250797296,E07000127,West Lancashire
E02003635,Wootton & Stewartby - Bedford 020,6.247217814,E06000055,Bedford
E02004673,"Shurdington, Staverton & Witcombe - Tewkesbury 008",6.243673297,E07000083,Tewkesbury
E02006801,"Lambeth North, Waterloo & South Bank - Lambeth 036",6.241115616,E09000022,Lambeth
E02006193,Stafford Common & Great Bridgeford - Stafford 006,6.238235528,E07000197,Stafford
E02000860,Sutton South & Shanklin - Sutton 021,6.237070709,E09000029,Sutton
E02006928,Greenwich & Deptford Creekside - Greenwich 035,6.234087179,E09000011,Greenwich
E02000957,Tooting East - Wandsworth 035,6.232231123,E09000032,Wandsworth
E02001211,Gatley North - Stockport 025,6.231817871,E08000007,Stockport
E02004596,"Takeley, Airport & Mountfitchet South - Uttlesford 006",6.230461526,E07000077,Uttlesford
E02000663,Loampit & Hilly Fields - Lewisham 011,6.222089246,E09000023,Lewisham
E02005190,Brindle & Withnell - Chorley 002,6.205146808,E07000118,Chorley
E02004923,"Knebworth, Codicote & Kimpton - North Hertfordshire 015",6.194063279,E07000099,North Hertfordshire
E02002095,Elmdon Heath & Catherine-de-Barnes - Solihull 015,6.189685381,E08000029,Solihull
E02004830,Springvale & Itchen Abbas - Winchester 002,6.182056973,E07000094,Winchester
E02005992,"South Wantage, Harwell & Blewbury - Vale of White Horse 015",6.181864372,E07000180,Vale of White Horse
E02001998,Finham Park - Coventry 041,6.179385693,E08000026,Coventry
E02006007,"Bampton, Clanfield & Standlake - West Oxfordshire 015",6.169208534,E07000181,West Oxfordshire
E02007063,Ingleby Barwick West & South - Stockton-on-Tees 028,6.166391849,E06000004,Stockton-on-Tees
E02005812,Sherburn in Elmet & South Milford - Selby 004,6.155728263,E06000065,North Yorkshire
E02000025,Hadley Wood - Barnet 002,6.15368933,E09000003,Barnet
E02007084,Queenstown Road & Patmore - Wandsworth 039,6.151452765,E09000032,Wandsworth
E02003807,Chester Handbridge Park - Cheshire West and Chester 043,6.142402319,E06000050,Cheshire West and Chester
E02004916,Letchworth South West - North Hertfordshire 008,6.142313205,E07000099,North Hertfordshire
E02004942,How Wood & Park Street - St Albans 019,6.141439875,E07000240,St Albans
E02005856,Bramcote - Broxtowe 007,6.140755061,E07000172,Broxtowe
E02005622,Long Buckby East & Ravensthorpe - Daventry 004,6.123693372,E06000062,West Northamptonshire
E02004065,Brookside & Walton - Chesterfield 011,6.121213325,E07000034,Chesterfield
E02004308,Newton Hall & Brasside - County Durham 022,6.120055292,E06000047,County Durham
E02000666,Ladywell - Lewisham 014,6.117435371,E09000023,Lewisham
E02003765,St Ives South - Huntingdonshire 013,6.115397467,E07000011,Huntingdonshire
E02002368,Calverley & Farsley North - Leeds 039,6.099955561,E08000035,Leeds
E02006431,Caterham Valley - Tandridge 004,6.087875584,E07000215,Tandridge
E02005392,Melton Mowbray North - Melton 002,6.083566453,E07000133,Melton
E02006172,Westlands & Seabridge - Newcastle-under-Lyme 015,6.081098327,E07000195,Newcastle-under-Lyme
E02003869,Macclesfield Bollinbrook - Cheshire East 017,6.078715693,E06000049,Cheshire East
E02003045,Hotwells - Bristol 034,6.077179546,E06000023,"Bristol, City of"
E02000238,Whitton Avenue West - Ealing 001,6.07363063,E09000009,Ealing
E02003474,Woughton & Woolstone - Milton Keynes 016,6.066552007,E06000042,Milton Keynes
E02000837,Herne Hill & Dulwich Park - Southwark 031,6.058664007,E09000028,Southwark
E02000388,Fulham Broadway - Hammersmith and Fulham 017,6.055809734,E09000013,Hammersmith and Fulham
E02004485,Great Leighs & the Walthams - Chelmsford 001,6.048108893,E07000070,Chelmsford
E02003674,"Worminghall, Long Crendon & Cuddington - Aylesbury Vale 023",6.046684033,E06000060,Buckinghamshire
E02003701,Downley - Wycombe 006,6.04589086,E06000060,Buckinghamshire
E02003090,Thornbury North - South Gloucestershire 001,6.04587293,E06000025,South Gloucestershire
E02003649,Dunstable South - Central Bedfordshire 031,6.042381322,E06000056,Central Bedfordshire
E02000636,Clapham South - Lambeth 019,6.022030181,E09000022,Lambeth
E02003373,Hermitage & Cold Ash - West Berkshire 007,6.014187466,E06000037,West Berkshire
E02004676,"Tadley East, Pamber & Silchester - Basingstoke and Deane 002",6.01119006,E07000084,Basingstoke and Deane
E02002816,Littleover West & Heatherton - Derby 021,6.006772078,E06000015,Derby
E02005775,Central Harrogate - Harrogate 015,6.000890645,E06000065,North Yorkshire
E02002402,"Colton, Austhorpe & Whitkirk - Leeds 073",5.997529611,E08000035,Leeds
E02004819,Andover South - Test Valley 006,5.986078575,E07000093,Test Valley
E02001507,Bromborough South - Wirral 041,5.981505377,E08000015,Wirral
E02007011,Wixams & Elstow - Bedford 022,5.977931132,E06000055,Bedford
E02003691,Farnham & Hedgerley - South Bucks 004,5.974781318,E06000060,Buckinghamshire
E02000070,Lesnes Abbey - Bexley 006,5.974290278,E09000004,Bexley
E02000509,Uxbridge West - Hillingdon 016,5.970388131,E09000017,Hillingdon
E02006297,"Bixley, Warren Heath & Nacton - Suffolk Coastal 011",5.967361783,E07000244,East Suffolk
E02006852,Far Headingley & Weetwood - Leeds 109,5.966991216,E08000035,Leeds
E02003811,Cranage & Goostrey - Cheshire East 022,5.965052831,E06000049,Cheshire East
E02004508,West Bergholt & Wormingford - Colchester 003,5.962116088,E07000071,Colchester
E02001028,Elton Vale - Bury 010,5.961208914,E08000002,Bury
E02000619,Lambeth Walk & North Kennington - Lambeth 002,5.957163445,E09000022,Lambeth
E02004154,Heavitree West & Polsloe - Exeter 006,5.955267882,E07000041,Exeter
E02000765,Barkingside East - Redbridge 015,5.954606117,E09000026,Redbridge
E02000665,Manor House - Lewisham 013,5.952305429,E09000023,Lewisham
E02006590,Broadbridge Heath & Warnham - Horsham 003,5.949649725,E07000227,Horsham
E02006443,Farncombe - Waverley 005,5.949514618,E07000216,Waverley
E02003665,Victoria Park - Aylesbury Vale 014,5.944772691,E06000060,Buckinghamshire
E02005865,Ravenshead & Newstead - Gedling 001,5.942021255,E07000173,Gedling
E02006622,Salvington - Worthing 002,5.933540109,E07000229,Worthing
E02006597,Billingshurst - Horsham 010,5.931318752,E07000227,Horsham
E02005202,Adlington & Rivington - Chorley 014,5.896217157,E07000118,Chorley
E02002773,Haxby - York 002,5.884987089,E06000014,York
E02005638,Rushden South - East Northamptonshire 010,5.884531653,E06000061,North Northamptonshire
E02005162,Paddock Wood & Five Oak Green - Tunbridge Wells 001,5.884178467,E07000116,Tunbridge Wells
E02005948,"Osney, Jericho & Port Meadow - Oxford 009",5.878313705,E07000178,Oxford
E02003102,Frampton Cotterell - South Gloucestershire 013,5.866325036,E06000025,South Gloucestershire
E02003825,Crewe Leighton - Cheshire East 034,5.854543348,E06000049,Cheshire East
E02002798,Oakwood - Derby 003,5.853107043,E06000015,Derby
E02004739,Stubbington - Fareham 013,5.852662705,E07000087,Fareham
E02001218,Bramhall North West - Stockport 032,5.852494251,E08000007,Stockport
E02004707,Petersfield North & East Meon - East Hampshire 011,5.848803816,E07000085,East Hampshire
E02000224,Purley North - Croydon 031,5.846612679,E09000008,Croydon
E02003224,Covingham - Swindon 013,5.844143231,E06000030,Swindon
E02003075,Backwell & Flax Bourton - North Somerset 011,5.840062118,E06000024,North Somerset
E02005165,Pembury & Matfield - Tunbridge Wells 004,5.837672262,E07000116,Tunbridge Wells
E02004142,"Clyst, Exton & Lympstone - East Devon 014",5.831061477,E07000040,East Devon
E02000977,"Strand, St James & Mayfair - Westminster 018",5.822183045,E09000033,Westminster
E02000304,Southgate Green - Enfield 028,5.812956386,E09000010,Enfield
E02005369,Kibworth & Great Glen - Harborough 003,5.810495157,E07000131,Harborough
E02006591,Horsham East & Roffey - Horsham 004,5.810036733,E07000227,Horsham
E02005997,Charlbury & North Leigh - West Oxfordshire 005,5.798324565,E07000181,West Oxfordshire
E02003764,Huntingdon Central & West - Huntingdonshire 012,5.794457095,E07000011,Huntingdonshire
E02000061,Golders Green South - Barnet 038,5.792677261,E09000003,Barnet
E02006627,Durrington South - Worthing 007,5.791475092,E07000229,Worthing
E02000754,Woodford Green - Redbridge 004,5.790710929,E09000026,Redbridge
E02006512,Stratford North - Stratford-on-Avon 009,5.790366842,E07000221,Stratford-on-Avon
E02000426,Highgate Wood - Haringey 030,5.779873175,E09000014,Haringey
E02004020,Kendal South - South Lakeland 006,5.769829448,E06000064,Westmorland and Furness
E02006507,"Southam, Stockton & Napton - Stratford-on-Avon 004",5.768580095,E07000221,Stratford-on-Avon
E02004889,Ware East - East Hertfordshire 012,5.764650681,E07000242,East Hertfordshire
E02003690,Denham - South Bucks 003,5.763403626,E06000060,Buckinghamshire
E02006599,West Chiltington Common - Horsham 012,5.756980588,E07000227,Horsham
E02005984,Kingston Bagpuize & East Hanney - Vale of White Horse 007,5.750449544,E07000180,Vale of White Horse
E02000162,Farnborough - Bromley 036,5.747406004,E09000006,Bromley
E02003235,Lawn & East Wichel - Swindon 024,5.738114812,E06000030,Swindon
E02004624,Kemble & South Cerney - Cotswold 010,5.731582245,E07000079,Cotswold
E02006633,Goring-by-Sea - Worthing 013,5.724868967,E07000229,Worthing
E02005324,"Bonds, Bilsborrow & Wyresdale - Wyre 006",5.724003849,E07000128,Wyre
E02002783,Acomb - York 012,5.719055079,E06000014,York
E02000077,St Michael's - Bexley 013,5.714556491,E09000004,Bexley
E02006449,Elstead & Milford - Waverley 011,5.711106155,E07000216,Waverley
E02003432,Clewer Village - Windsor and Maidenhead 012,5.708365412,E06000040,Windsor and Maidenhead
E02001999,Cannon Park & University - Coventry 042,5.707895511,E08000026,Coventry
E02003656,Winslow & Padbury - Aylesbury Vale 005,5.703572478,E06000060,Buckinghamshire
E02000435,Stanmore Uxbridge Road - Harrow 003,5.697055511,E09000015,Harrow
E02004728,Park Gate & Segensworth - Fareham 002,5.696155903,E07000087,Fareham
E02000105,Sudbury East - Brent 013,5.695453807,E09000005,Brent
E02000424,Hornsey Vale - Haringey 028,5.689793336,E09000014,Haringey
E02004237,Jumpers Common & Fairmile - Christchurch 002,5.688981127,E06000058,"Bournemouth, Christchurch and Poole"
E02006523,"Cubbington, Stoneleigh & Radford Semele - Warwick 005",5.688131566,E07000222,Warwick
E02005724,Morpeth South & West - Northumberland 018,5.683999969,E06000057,Northumberland
E02004754,Hartley Wintney & Heckfield - Hart 004,5.682260122,E07000089,Hart
E02005980,"Radley, Wootton & Marcham - Vale of White Horse 003",5.679035898,E07000180,Vale of White Horse
E02001414,Eccleston - St. Helens 009,5.677156516,E08000013,St. Helens
E02001712,South Gosforth - Newcastle upon Tyne 005,5.675454048,E08000021,Newcastle upon Tyne
E02001678,Dore & Whirlow - Sheffield 068,5.673898121,E08000039,Sheffield
E02000983,Pilmlico South - Westminster 024,5.669333246,E09000033,Westminster
E02004598,"Flitch Green, Felsted & High Easter - Uttlesford 008",5.665169097,E07000077,Uttlesford
E02004829,"South Wonston, Sutton Scotney & Micheldever - Winchester 001",5.664771831,E07000094,Winchester
E02005918,Keyworth South - Rushcliffe 013,5.656552145,E07000176,Rushcliffe
E02005688,"Deanshanger, Potterspury & Old Stratford - South Northamptonshire 008",5.644597292,E06000062,West Northamptonshire
E02004675,Tadley West - Basingstoke and Deane 001,5.641811058,E07000084,Basingstoke and Deane
E02004884,Bishop's Stortford Central - East Hertfordshire 007,5.636997494,E07000242,East Hertfordshire
E02004412,Heathfield - Wealden 010,5.626407243,E07000065,Wealden
E02004242,Mudeford - Christchurch 007,5.616634529,E06000058,"Bournemouth, Christchurch and Poole"
E02000889,St George in the East & Wapping North - Tower Hamlets 026,5.612928255,E09000030,Tower Hamlets
E02000561,Tufnell Park East - Islington 008,5.59896982,E09000019,Islington
E02000901,Highams Park East - Waltham Forest 007,5.587757505,E09000031,Waltham Forest
E02004692,Kempshott - Basingstoke and Deane 018,5.586250123,E07000084,Basingstoke and Deane
E02006355,Park Barn & University - Guildford 012,5.585004495,E07000209,Guildford
E02000219,Shirley West - Croydon 026,5.579748056,E09000008,Croydon
E02006968,North Ealing - Ealing 041,5.578590359,E09000009,Ealing
E02006416,Chobham & Windlesham - Surrey Heath 001,5.572415532,E07000214,Surrey Heath
E02004244,East Verwood - East Dorset 002,5.570764045,E06000059,Dorset
E02005874,Mapperley & Porchester - Gedling 010,5.567710095,E07000173,Gedling
E02004848,Flamstead End - Broxbourne 006,5.565577735,E07000095,Broxbourne
E02000533,Chiswick South West - Hounslow 008,5.561907693,E09000018,Hounslow
E02004969,Stanborough - Watford 002,5.559024928,E07000103,Watford
E02000350,Stoke Newington East & Cazenove - Hackney 006,5.550489009,E09000012,Hackney
E02005987,"Sutton Courtenay, Drayton & Steventon - Vale of White Horse 010",5.5491638,E07000180,Vale of White Horse
E02003206,Penn Hill - Poole 013,5.54491382,E06000058,"Bournemouth, Christchurch and Poole"
E02006401,Addlestone South - Runnymede 009,5.539923128,E07000212,Runnymede
E02000971,Bryanston & Dorset Square - Westminster 012,5.539855729,E09000033,Westminster
E02002782,"Poppleton, Rufforth & Askham - York 011",5.538527705,E06000014,York
E02000232,Selsdon Park & Hamsey Green - Croydon 039,5.532761598,E09000008,Croydon
E02004963,Oxhey Hall & Hayling - Three Rivers 008,5.531503305,E07000102,Three Rivers
E02007082,"Lenton Abbey, University & Wollaton Park - Nottingham 041",5.529425242,E06000018,Nottingham
E02006319,West Molesey South - Elmbridge 003,5.525588128,E07000207,Elmbridge
E02006942,Bermondsey North - Southwark 036,5.519987914,E09000028,Southwark
E02005871,Plains Estate - Gedling 007,5.517521277,E07000173,Gedling
E02003707,Sands - Wycombe 012,5.512122986,E06000060,Buckinghamshire
E02006456,Byfleet - Woking 001,5.506182609,E07000217,Woking
E02006405,Ashford West - Spelthorne 003,5.497534258,E07000213,Spelthorne
E02003183,Talbot & Branksome Woods - Bournemouth 012,5.497171467,E06000058,"Bournemouth, Christchurch and Poole"
E02002747,New Waltham - North East Lincolnshire 022,5.495680352,E06000012,North East Lincolnshire
E02000032,Osidge - Barnet 009,5.489636542,E09000003,Barnet
E02000029,New Barnet Town & East Barnet - Barnet 006,5.485187484,E09000003,Barnet
E02003857,Lacey Green & Wilmslow Park - Cheshire East 005,5.479138227,E06000049,Cheshire East
E02000438,Hatch End South - Harrow 006,5.47749558,E09000015,Harrow
E02000668,Lee - Lewisham 016,5.474461309,E09000023,Lewisham
E02003175,Throop & Muscliffe - Bournemouth 004,5.469323259,E06000058,"Bournemouth, Christchurch and Poole"
E02004622,Cirencester South - Cotswold 008,5.463272654,E07000079,Cotswold
E02003433,Dedworth - Windsor and Maidenhead 013,5.456555737,E06000040,Windsor and Maidenhead
E02002096,Lode Heath - Solihull 016,5.455690629,E08000029,Solihull
E02003660,"Cheddington, Pitstone & Edlesborough - Aylesbury Vale 009",5.44329683,E06000060,Buckinghamshire
E02005463,Sleaford West - North Kesteven 011,5.437565528,E07000139,North Kesteven
E02002437,Tingley West & West Ardsley - Leeds 108,5.429851191,E08000035,Leeds
E02003697,"Longwick, Kimble & Lacey Green - Wycombe 002",5.425126326,E06000060,Buckinghamshire
E02006142,Burton Brizlincote - East Staffordshire 012,5.423754495,E07000193,East Staffordshire
E02000756,Fairlop - Redbridge 006,5.41898576,E09000026,Redbridge
E02003139,Plympton Chaddlewood - Plymouth 018,5.418511533,E06000026,Plymouth
E02006001,Witney West - West Oxfordshire 009,5.418026279,E07000181,West Oxfordshire
E02000484,Hylands - Havering 021,5.41613101,E09000016,Havering
E02002793,Woodthorpe & Acomb Park - York 022,5.413148628,E06000014,York
E02000904,Fulbourne Road & Walthamstow Forest - Waltham Forest 010,5.392468779,E09000031,Waltham Forest
E02006606,East Grinstead East - Mid Sussex 003,5.38560833,E07000228,Mid Sussex
E02000767,Newbury Park - Redbridge 017,5.377763861,E09000026,Redbridge
E02001224,High Lane - Stockport 038,5.374593763,E08000007,Stockport
E02000859,Carshalton on the Hill - Sutton 020,5.372863109,E09000029,Sutton
E02000614,Tolworth - Kingston upon Thames 017,5.371984797,E09000021,Kingston upon Thames
E02003512,Hanover - Brighton and Hove 022,5.370296488,E06000043,Brighton and Hove
E02004689,East Oakley - Basingstoke and Deane 015,5.369224644,E07000084,Basingstoke and Deane
E02007077,Picket Twenty & Picket Piece - Test Valley 017,5.367525036,E07000093,Test Valley
E02004658,Chalford & Bussage - Stroud 008,5.365313563,E07000082,Stroud
E02003378,Newbury North West - West Berkshire 012,5.364789824,E06000037,West Berkshire
E02003423,Furze Platt - Windsor and Maidenhead 003,5.363853236,E06000040,Windsor and Maidenhead
E02001841,Wylde Green - Birmingham 015,5.363045331,E08000025,Birmingham
E02000434,Canons Park - Harrow 002,5.362887865,E09000015,Harrow
E02003451,Wokingham Town - Wokingham 013,5.358585587,E06000041,Wokingham
E02006460,Goldsworth Park - Woking 005,5.34760788,E07000217,Woking
E02006444,Farnham Shortheath - Waverley 006,5.342272751,E07000216,Waverley
E02003658,"Wing, Wingrave & Bierton - Aylesbury Vale 007",5.340247855,E06000060,Buckinghamshire
E02005199,Eccleston & Charnock Richard - Chorley 011,5.340014517,E07000118,Chorley
E02003877,Helsby & Kingsley - Cheshire West and Chester 015,5.339375534,E06000050,Cheshire West and Chester
E02003436,Old Windsor & Wraysbury - Windsor and Maidenhead 016,5.337199552,E06000040,Windsor and Maidenhead
E02002137,Streetly North - Walsall 028,5.334091562,E08000030,Walsall
E02000234,Coulsdon - Croydon 041,5.333577432,E09000008,Croydon
E02002105,Balsall Common - Solihull 025,5.327454169,E08000029,Solihull
E02003375,Theale & Beenham - West Berkshire 009,5.32331284,E06000037,West Berkshire
E02000653,Silwood & Pepys - Lewisham 001,5.319087624,E09000023,Lewisham
E02000770,Seven Kings Park - Redbridge 020,5.311483969,E09000026,Redbridge
E02005919,"Ratcliffe, Sutton Bonington & Gotham - Rushcliffe 014",5.303797142,E07000176,Rushcliffe
E02005779,Stray - Harrogate 019,5.302787645,E06000065,North Yorkshire
E02004497,Great Baddow North & East - Chelmsford 013,5.301880573,E07000070,Chelmsford
E02000192,Hatton Garden & Theobalds Road - Camden 027,5.296767072,E09000007,Camden
E02000141,Anerley South - Bromley 015,5.290970817,E09000006,Bromley
E02000326,Charlton Slopes - Greenwich 014,5.287087404,E09000011,Greenwich
E02002590,Culcheth West & Croft - Warrington 001,5.286937231,E06000007,Warrington
E02004503,South Woodham Ferrers North - Chelmsford 019,5.283878222,E07000070,Chelmsford
E02000036,Edgware East - Barnet 013,5.280899077,E09000003,Barnet
E02001270,Sale North - Trafford 012,5.278598282,E08000009,Trafford
E02003385,Newbury Central & Greenham - West Berkshire 019,5.267349561,E06000037,West Berkshire
E02007056,"Mile End North, Braiswick & Kingswood Heath - Colchester 023",5.264646659,E07000071,Colchester
E02000026,Oak Hill - Barnet 003,5.2643272,E09000003,Barnet
E02005863,Attenborough & Chilwell East - Broxtowe 014,5.256755765,E07000172,Broxtowe
E02005477,"Long Bennington, Allington & Barrowby - South Kesteven 002",5.245044642,E07000141,South Kesteven
E02004591,"Audley End, Ashdon & the Chesterfords - Uttlesford 001",5.243532334,E07000077,Uttlesford
E02002790,Fulford Road & Clementhorpe - York 019,5.242747638,E06000014,York
E02000255,Drayton Green & Cleveland - Ealing 018,5.239194445,E09000009,Ealing
E02003722,West Chesterton - Cambridge 004,5.236729556,E07000008,Cambridge
E02000919,Leyton East - Waltham Forest 025,5.232766028,E09000031,Waltham Forest
E02006595,"Horsham South, Mannings Heath & Nuthurst - Horsham 008",5.232368705,E07000227,Horsham
E02006613,Haywards Heath East - Mid Sussex 010,5.225365062,E07000228,Mid Sussex
E02003191,East Southbourne & Hengistbury Head - Bournemouth 020,5.222823542,E06000058,"Bournemouth, Christchurch and Poole"
E02000128,Chislehurst North - Bromley 002,5.221272499,E09000006,Bromley
E02004592,Saffron Walden Town - Uttlesford 002,5.220091811,E07000077,Uttlesford
E02002864,"Oakham West, Langham & Whissendine - Rutland 002",5.218645499,E06000017,Rutland
E02000793,Whitton - Richmond upon Thames 010,5.216276676,E09000027,Richmond upon Thames
E02003066,Portishead Redcliffe - North Somerset 002,5.21181707,E06000024,North Somerset
E02005154,"Borough Green, Wrotham & Shipbourne - Tonbridge and Malling 006",5.206855852,E07000115,Tonbridge and Malling
E02003792,"Meldreth, Melbourn & Great Chishill - South Cambridgeshire 018",5.203204198,E07000012,South Cambridgeshire
E02000380,Brackenbury - Hammersmith and Fulham 009,5.198077877,E09000013,Hammersmith and Fulham
E02003699,Stokenchurch - Wycombe 004,5.193166164,E06000060,Buckinghamshire
E02004720,West End & Chartwell Green - Eastleigh 009,5.19206543,E07000086,Eastleigh
E02004828,"Chilworth, Nursling & Rownhams - Test Valley 015",5.188187159,E07000093,Test Valley
E02002321,Kirkburton & Farnley Tyas - Kirklees 051,5.182616146,E08000034,Kirklees
E02004726,Hamble-le-Rice - Eastleigh 015,5.179024563,E07000086,Eastleigh
E02003104,Stoke Gifford - South Gloucestershire 015,5.178666724,E06000025,South Gloucestershire
E02001287,Standish North - Wigan 001,5.170809927,E08000010,Wigan
E02004414,Uckfield South - Wealden 012,5.159009409,E07000065,Wealden
E02003775,Willingham & Over - South Cambridgeshire 001,5.152305624,E07000012,South Cambridgeshire
E02005479,Grantham North West - South Kesteven 004,5.150895651,E07000141,South Kesteven
E02004715,Boyatt Wood - Eastleigh 004,5.150013645,E07000086,Eastleigh
E02005373,"Market Harborough West, Great Bowden & Lubenham - Harborough 007",5.149699674,E07000131,Harborough
E02003819,Sandbach North - Cheshire East 030,5.146055913,E06000049,Cheshire East
E02005416,Wigston Harcourt & Little Hill - Oadby and Wigston 007,5.143694424,E07000135,Oadby and Wigston
E02002443,Outwood East - Wakefield 006,5.138585388,E08000036,Wakefield
E02006332,Weybridge St George's Hill - Elmbridge 016,5.1383795,E07000207,Elmbridge
E02000381,Brook Green - Hammersmith and Fulham 010,5.132999551,E09000013,Hammersmith and Fulham
E02005669,Abington Vale - Northampton 020,5.132908089,E06000062,West Northamptonshire
E02005343,Countesthorpe & Kilby - Blaby 011,5.131876269,E07000129,Blaby
E02003296,Corringham North & London Gateway - Thurrock 001,5.123359724,E06000034,Thurrock
E02003805,"Christleton, Guilden Sutton & Waverton - Cheshire West and Chester 039",5.115442688,E06000050,Cheshire West and Chester
E02003225,Westlea & Shaw - Swindon 014,5.107134447,E06000030,Swindon
E02005501,"Nettleham, Sudbrooke & Scothern - West Lindsey 010",5.090226337,E07000142,West Lindsey
E02001273,Sale Central - Trafford 015,5.088490621,E08000009,Trafford
E02000768,Wanstead - Redbridge 018,5.083379599,E09000026,Redbridge
E02005034,Heath - Dartford 007,5.081432359,E07000107,Dartford
E02000473,Ardleigh Green - Havering 010,5.077524902,E09000016,Havering
E02002335,"Collingham, Rigton & Harewood - Leeds 006",5.06903507,E08000035,Leeds
E02000293,Grange Park - Enfield 017,5.065712675,E09000010,Enfield
E02004568,Rayleigh North West - Rochford 006,5.06498176,E07000075,Rochford
E02000418,Hornsey West - Haringey 022,5.063618399,E09000014,Haringey
E02003205,Oakdale West - Poole 012,5.061846796,E06000058,"Bournemouth, Christchurch and Poole"
E02006526,Warwick North - Warwick 008,5.060999228,E07000222,Warwick
E02000093,Queensbury South - Brent 001,5.060405608,E09000005,Brent
E02002703,"Walkington, Bishop Burton & Woodmansey - East Riding of Yorkshire 020",5.060244473,E06000011,East Riding of Yorkshire
E02004810,Aldershot North Town - Rushmoor 009,5.057618801,E07000092,Rushmoor
E02007015,Fairfields & Grange Farm - Milton Keynes 036,5.0543745,E06000042,Milton Keynes
E02004694,Whitchurch & Ashmansworth - Basingstoke and Deane 020,5.048648693,E07000084,Basingstoke and Deane
E02004489,Boreham & Little Baddow - Chelmsford 005,5.046654583,E07000070,Chelmsford
E02004985,Welwyn Garden City Central & Handside - Welwyn Hatfield 006,5.03976173,E07000241,Welwyn Hatfield
E02003797,Upton West & Heath - Cheshire West and Chester 028,5.033177969,E06000050,Cheshire West and Chester
E02000487,Upminster South & Corbets Tey - Havering 024,5.031695735,E09000016,Havering
E02006462,Knaphill - Woking 007,5.03078197,E07000217,Woking
E02004703,Four Marks & Tisted - East Hampshire 007,5.025208276,E07000085,East Hampshire
E02005296,New Longton & Hutton - South Ribble 010,5.024660342,E07000126,South Ribble
E02005996,"Woodstock, Stonesfield & Tackley - West Oxfordshire 004",5.016421009,E07000181,West Oxfordshire
E02001307,Winstanley - Wigan 021,5.013738219,E08000010,Wigan
E02006925,Clayhall South - Redbridge 036,5.013382348,E09000026,Redbridge
E02001651,Fulwood & Lodge Moor - Sheffield 041,5.010127126,E08000039,Sheffield
E02004825,North Baddesley & Braishfield - Test Valley 012,5.007724012,E07000093,Test Valley
E02006981,Hockley South & Hawkwell West - Rochford 012,5.002107001,E07000075,Rochford
E02004871,Chaulden - Dacorum 016,4.999530695,E07000096,Dacorum
E02006381,Kingswood - Reigate and Banstead 007,4.996625234,E07000211,Reigate and Banstead
E02003702,"Bledlow, Cadmore End & Hambleden Valley - Wycombe 007",4.991784897,E06000060,Buckinghamshire
E02003612,Stotfold - Central Bedfordshire 014,4.99121664,E06000056,Central Bedfordshire
E02003506,Aldrington - Brighton and Hove 016,4.987615962,E06000043,Brighton and Hove
E02000259,Brent Valley - Ealing 022,4.987210818,E09000009,Ealing
E02004666,Tewkesbury East & Ashchurch - Tewkesbury 001,4.984942913,E07000083,Tewkesbury
E02000789,Queen's Road - Richmond upon Thames 006,4.98347625,E09000027,Richmond upon Thames
E02000449,Kenton East - Harrow 017,4.981431792,E09000015,Harrow
E02000850,Beddington - Sutton 011,4.976203342,E09000029,Sutton
E02006538,Shoreham Central & Beach - Adur 005,4.957823422,E07000223,Adur
E02004941,London Colney - St Albans 018,4.951982246,E07000240,St Albans
E02002540,Norton North - Stockton-on-Tees 006,4.950825392,E06000004,Stockton-on-Tees
E02004595,Stansted Mountfitchet & Elsenham - Uttlesford 005,4.946756878,E07000077,Uttlesford
E02004541,Buckhurst Hill - Epping Forest 015,4.943900026,E07000072,Epping Forest
E02000631,Herne Hill East - Lambeth 014,4.943213595,E09000022,Lambeth
E02004814,Andover Charlton & Bourne Valley - Test Valley 001,4.940555934,E07000093,Test Valley
E02003523,Rottingdean & Saltdean - Brighton and Hove 033,4.939556765,E06000043,Brighton and Hove
E02000617,Chessington South & Malden Rushett - Kingston upon Thames 020,4.939003534,E09000021,Kingston upon Thames
E02005967,Didcot West - South Oxfordshire 010,4.934188815,E07000179,South Oxfordshire
E02006407,Ashford East - Spelthorne 005,4.93074273,E07000213,Spelthorne
E02004507,Highwoods - Colchester 002,4.926441012,E07000071,Colchester
E02000090,Sidcup East - Bexley 026,4.9258828,E09000004,Bexley
E02005491,"Stamford Central, West and South - South Kesteven 016",4.915768681,E07000141,South Kesteven
E02002795,Bishopthorpe & Copmanthorpe - York 024,4.915652104,E06000014,York
E02005160,Tonbridge Town - Tonbridge and Malling 012,4.903359059,E07000115,Tonbridge and Malling
E02006464,St John's - Woking 009,4.902743113,E07000217,Woking
E02000973,Westbourne Grove - Westminster 014,4.898975279,E09000033,Westminster
E02006399,Addlestone North - Runnymede 007,4.892292443,E07000212,Runnymede
E02000150,Eden Park & Bethlem - Bromley 024,4.882811896,E09000006,Bromley
E02005341,Whetstone - Blaby 009,4.878342748,E07000129,Blaby
E02004973,North Watford - Watford 006,4.875648606,E07000103,Watford
E02006406,Staines Town - Spelthorne 004,4.871983971,E07000213,Spelthorne
E02006847,Mouldon Hill & Oakhurst - Swindon 026,4.863933264,E06000030,Swindon
E02000258,Acton Noel Road & Lunton Road - Ealing 021,4.863366415,E09000009,Ealing
E02007085,"Bar Hill, Girton & Grantchester - South Cambridgeshire 022",4.85721458,E07000012,South Cambridgeshire
E02006414,Littleton & Shepperton Green - Spelthorne 012,4.85185042,E07000213,Spelthorne
E02001724,South Jesmond & Sandyford - Newcastle upon Tyne 017,4.844894861,E08000021,Newcastle upon Tyne
E02000244,Perivale - Ealing 007,4.841042375,E09000009,Ealing
E02004470,Brentwood Central - Brentwood 007,4.840594723,E07000068,Brentwood
E02005098,Sevenoaks Town & Weald - Sevenoaks 012,4.840492293,E07000111,Sevenoaks
E02000486,Elm Park East - Havering 023,4.834141052,E09000016,Havering
E02006525,Leamington Central & North - Warwick 007,4.831288901,E07000222,Warwick
E02000179,Adelaide Road - Camden 014,4.828210457,E09000007,Camden
E02003362,Hanworth West - Bracknell Forest 011,4.825069466,E06000036,Bracknell Forest
E02000139,Clock House & Cator Park - Bromley 013,4.813704319,E09000006,Bromley
E02003361,Birch Hill & Hanworth East - Bracknell Forest 010,4.809881251,E06000036,Bracknell Forest
E02003864,Alderley Edge & Chelford - Cheshire East 012,4.805779348,E06000049,Cheshire East
E02000379,Ravenscourt Park North - Hammersmith and Fulham 008,4.805184961,E09000013,Hammersmith and Fulham
E02003516,Hove Central - Brighton and Hove 026,4.787442338,E06000043,Brighton and Hove
E02006519,Kenilworth West - Warwick 001,4.784162939,E07000222,Warwick
E02000413,Fortis Green & Coldfall - Haringey 017,4.778879496,E09000014,Haringey
E02001272,Sale East - Trafford 014,4.778304602,E08000009,Trafford
E02006328,Weybridge Riverside - Elmbridge 012,4.778164274,E07000207,Elmbridge
E02000807,Rotherhithe - Southwark 001,4.776409526,E09000028,Southwark
E02002141,Streetly South - Walsall 032,4.775956355,E08000030,Walsall
E02000759,Roding - Redbridge 009,4.764297136,E09000026,Redbridge
E02003623,Bromham & Biddenham - Bedford 008,4.763155693,E06000055,Bedford
E02000057,Hendon Park - Barnet 034,4.757443217,E09000003,Barnet
E02000091,Sidcup West - Bexley 027,4.751053572,E09000004,Bexley
E02000383,West Kensington - Hammersmith and Fulham 012,4.749100095,E09000013,Hammersmith and Fulham
E02002352,Moortown - Leeds 023,4.748174392,E08000035,Leeds
E02006467,Mayford & Brookwood - Woking 012,4.74687228,E07000217,Woking
E02005988,Grove - Vale of White Horse 011,4.739371588,E07000180,Vale of White Horse
E02000302,Palmers Green East - Enfield 026,4.738751807,E09000010,Enfield
E02005648,Barton Seagrave - Kettering 010,4.735987993,E06000061,North Northamptonshire
E02004665,Wotton-under-Edge & Kingswood - Stroud 015,4.73530248,E07000082,Stroud
E02006395,Egham Hythe & Pooley Green - Runnymede 003,4.734469613,E07000212,Runnymede
E02003388,Mortimer & Aldermaston Wharf - West Berkshire 022,4.731874015,E06000037,West Berkshire
E02003728,Coleridge - Cambridge 010,4.727237978,E07000008,Cambridge
E02005977,Sonning Common & Kidmore End - South Oxfordshire 020,4.722082054,E07000179,South Oxfordshire
E02000470,Harold Park & Harold Wood - Havering 007,4.720519201,E09000016,Havering
E02004994,Brookmans Park - Welwyn Hatfield 015,4.720033172,E07000241,Welwyn Hatfield
E02003381,Burghfield Common - West Berkshire 015,4.717195889,E06000037,West Berkshire
E02003778,Waterbeach and Landbeach - South Cambridgeshire 004,4.70787771,E07000012,South Cambridgeshire
E02003210,Parkstone - Poole 017,4.706924643,E06000058,"Bournemouth, Christchurch and Poole"
E02006150,Lichfield East - Lichfield 005,4.69850726,E07000194,Lichfield
E02000972,Fitzrovia West & Soho - Westminster 013,4.695460877,E09000033,Westminster
E02000575,Clerkenwell - Islington 022,4.692021225,E09000019,Islington
E02000590,Brompton - Kensington and Chelsea 014,4.68327994,E09000020,Kensington and Chelsea
E02004912,Baldock - North Hertfordshire 004,4.67425045,E07000099,North Hertfordshire
E02003181,Queens Park - Bournemouth 010,4.672198018,E06000058,"Bournemouth, Christchurch and Poole"
E02000170,Fortune Green - Camden 005,4.668688685,E09000007,Camden
E02000060,Golders Green North - Barnet 037,4.663919627,E09000003,Barnet
E02004649,Quedgeley North - Gloucester 014,4.651490161,E07000081,Gloucester
E02001011,Westhoughton East - Bolton 028,4.645913646,E08000001,Bolton
E02000661,Blackheath Village - Lewisham 009,4.635810874,E09000023,Lewisham
E02002341,Alwoodley - Leeds 012,4.634295722,E08000035,Leeds
E02004518,Abbey Field - Colchester 013,4.631991448,E07000071,Colchester
E02000980,Millbank - Westminster 021,4.624130952,E09000033,Westminster
E02000923,Battersea Park - Wandsworth 001,4.622233601,E09000032,Wandsworth
E02000042,North Finchley - Barnet 019,4.610955735,E09000003,Barnet
E02001698,Whickham - Gateshead 017,4.610859548,E08000037,Gateshead
E02000171,Mansfield Road & Park Hill Road - Camden 006,4.601805049,E09000007,Camden
E02003480,Walnut Tree & Tilbrook - Milton Keynes 022,4.600551806,E06000042,Milton Keynes
E02004732,Warsash - Fareham 006,4.598919589,E07000087,Fareham
E02001657,Ecclesall & Greystones - Sheffield 047,4.598916619,E08000039,Sheffield
E02006390,Horley West - Reigate and Banstead 016,4.595800988,E07000211,Reigate and Banstead
E02003763,St Ives North - Huntingdonshire 011,4.59518676,E07000011,Huntingdonshire
E02003358,Central Bracknell & Wildridings - Bracknell Forest 007,4.59233919,E06000036,Bracknell Forest
E02006442,Farnham Moor Park & Bourne - Waverley 004,4.58805535,E07000216,Waverley
E02006324,Walton East - Elmbridge 008,4.587579224,E07000207,Elmbridge
E02004519,Prettygate & Westlands - Colchester 014,4.587185759,E07000071,Colchester
E02004842,Denmead & Southwick - Winchester 014,4.583838696,E07000094,Winchester
E02001750,Preston Grange - North Tyneside 013,4.581873944,E08000022,North Tyneside
E02006829,Horndean South & Rowlands Castle - East Hampshire 016,4.566561141,E07000085,East Hampshire
E02000392,Parsons Green West - Hammersmith and Fulham 021,4.558774663,E09000013,Hammersmith and Fulham
E02003360,Great Hollands - Bracknell Forest 009,4.556011606,E06000036,Bracknell Forest
E02006127,Hawks Green - Cannock Chase 010,4.554298566,E07000192,Cannock Chase
E02000481,Cranham East - Havering 018,4.55399163,E09000016,Havering
E02000222,Croham - Croydon 029,4.546218858,E09000008,Croydon
E02005873,Woodthorpe & Arno Vale - Gedling 009,4.543119005,E07000173,Gedling
E02000055,Hendon Central - Barnet 032,4.541157333,E09000003,Barnet
E02001268,Urmston West - Trafford 010,4.540892887,E08000009,Trafford
E02000242,Bilton Road - Ealing 005,4.53840024,E09000009,Ealing
E02000248,Hanger Hill East - Ealing 011,4.535871838,E09000009,Ealing
E02000673,Forest Hill West - Lewisham 021,4.533686267,E09000023,Lewisham
E02007016,Shenley Wood & Crownhill - Milton Keynes 037,4.527362356,E06000042,Milton Keynes
E02000146,Bickley West - Bromley 020,4.521700409,E09000006,Bromley
E02005354,Loughborough - Outwoods - Charnwood 010,4.513369429,E07000130,Charnwood
E02003182,Littledown - Bournemouth 011,4.510975178,E06000058,"Bournemouth, Christchurch and Poole"
E02004883,Puckeridge & Thundridge - East Hertfordshire 006,4.507259114,E07000242,East Hertfordshire
E02003788,"Little Shelford , Foxton & Haslingfield - South Cambridgeshire 014",4.506538453,E07000012,South Cambridgeshire
E02001905,Edgbaston South & University - Birmingham 079,4.506088821,E08000025,Birmingham
E02006736,Warndon East - Worcester 003,4.505288945,E07000237,Worcester
E02005767,Knaresborough North - Harrogate 007,4.503590817,E06000065,North Yorkshire
E02007017,Chadwell Heath North West - Redbridge 037,4.499019158,E09000026,Redbridge
E02000785,Kew Gardens - Richmond upon Thames 002,4.492457971,E09000027,Richmond upon Thames
E02003667,Fairford Leys - Aylesbury Vale 016,4.490708545,E06000060,Buckinghamshire
E02000671,Honor Oak - Lewisham 019,4.489894034,E09000023,Lewisham
E02000485,Upminster Bridge - Havering 022,4.482738884,E09000016,Havering
E02003641,Linslade West - Central Bedfordshire 023,4.476665578,E06000056,Central Bedfordshire
E02003777,"Longstanton, Swavesey & Oakington - South Cambridgeshire 003",4.468101435,E07000012,South Cambridgeshire
E02006997,Mill Meads - Newham 040,4.466297918,E09000025,Newham
E02004651,Upton St Leonards & Hardwicke - Stroud 001,4.46480047,E07000082,Stroud
E02000099,Preston Park & East Lane - Brent 007,4.463867855,E09000005,Brent
E02006448,Godalming South - Waverley 010,4.458718083,E07000216,Waverley
E02000387,Lillie Road & Greyhound Road - Hammersmith and Fulham 016,4.45766749,E09000013,Hammersmith and Fulham
E02002350,Horsforth West - Leeds 021,4.455492976,E08000035,Leeds
E02004823,Romsey Cupernham & Halterworth - Test Valley 010,4.441719137,E07000093,Test Valley
E02004690,Viables - Basingstoke and Deane 016,4.420735455,E07000084,Basingstoke and Deane
E02006330,Hersham - Elmbridge 014,4.414875563,E07000207,Elmbridge
E02004900,Radlett - Hertsmere 005,4.411940008,E07000098,Hertsmere
E02004840,Bishop's Waltham & Waltham Chase - Winchester 012,4.408292287,E07000094,Winchester
E02002027,Withymoor Village - Dudley 028,4.408070343,E08000027,Dudley
E02000471,Rise Park - Havering 008,4.407097503,E09000016,Havering
E02004641,Hucclecote - Gloucester 006,4.404385403,E07000081,Gloucester
E02004859,"Tring East, Wigginton & Aldbury - Dacorum 004",4.403869082,E07000096,Dacorum
E02004472,"Herongate, Ingrave & West Horndon - Brentwood 009",4.400071262,E07000068,Brentwood
E02000356,Clissold South - Hackney 012,4.396736323,E09000012,Hackney
E02000214,Addiscombe East - Croydon 021,4.388703108,E09000008,Croydon
E02000676,Forest Hill East - Lewisham 024,4.383215292,E09000023,Lewisham
E02000305,Palmers Green West - Enfield 029,4.374907437,E09000010,Enfield
E02004965,Carpenders Park - Three Rivers 010,4.366702538,E07000102,Three Rivers
E02006339,Horton & Manor Park - Epsom and Ewell 005,4.363914083,E07000208,Epsom and Ewell
E02000961,Abbey Road - Westminster 002,4.35628044,E09000033,Westminster
E02001260,Trafford Park West & Kingsway Park - Trafford 002,4.343073331,E08000009,Trafford
E02000054,North Hendon & Sunny Hill - Barnet 031,4.342781132,E09000003,Barnet
E02005097,Sevenoaks West & Chevening - Sevenoaks 011,4.340255087,E07000111,Sevenoaks
E02006333,Cobham - Elmbridge 017,4.336719379,E07000207,Elmbridge
E02003067,Portishead South - North Somerset 003,4.325369937,E06000024,North Somerset
E02004894,Hertford South - East Hertfordshire 017,4.320287455,E07000242,East Hertfordshire
E02000959,Furzedown East - Wandsworth 037,4.31901878,E09000032,Wandsworth
E02006499,Eastlands - Rugby 008,4.317228637,E07000220,Rugby
E02001701,Low Fell West - Gateshead 020,4.316694203,E08000037,Gateshead
E02006703,Marlbrook & Lickey End - Bromsgrove 008,4.312490505,E07000234,Bromsgrove
E02005287,Penwortham North - South Ribble 001,4.302578675,E07000126,South Ribble
E02000863,"Orchard Hill, Woodcote Green & Clockhouse - Sutton 024",4.300336081,E09000029,Sutton
E02004708,Petersfield South - East Hampshire 012,4.296860465,E07000085,East Hampshire
E02005376,Lutterworth - Harborough 010,4.291813174,E07000131,Harborough
E02003493,Patcham West & Westdene - Brighton and Hove 003,4.289773734,E06000043,Brighton and Hove
E02001720,North Jesmond - Newcastle upon Tyne 013,4.288962719,E08000021,Newcastle upon Tyne
E02007047,"Godinton, Repton & Orchard Heights - Ashford 016",4.288521395,E07000105,Ashford
E02005927,Banbury Calthorpe - Cherwell 007,4.288106937,E07000177,Cherwell
E02007091,Chells North - Stevenage 013,4.285631631,E07000243,Stevenage
E02002356,Horsforth South & Rawdon - Leeds 027,4.283779714,E08000035,Leeds
E02004812,Aldershot Manor Park - Rushmoor 011,4.280929883,E07000092,Rushmoor
E02003652,"Buckingham South, Maids Moreton & Akeley - Aylesbury Vale 001",4.278065288,E06000060,Buckinghamshire
E02003678,Chesham East - Chiltern 003,4.271856518,E06000060,Buckinghamshire
E02005940,Wolvercote & Cutteslowe - Oxford 001,4.269269845,E07000178,Oxford
E02003505,Round Hill - Brighton and Hove 015,4.267677267,E06000043,Brighton and Hove
E02000930,Lavender Hill West & Little India - Wandsworth 008,4.26489817,E09000032,Wandsworth
E02001830,Sutton Coldfield North & Park - Birmingham 004,4.262476377,E08000025,Birmingham
E02006980,Hockley North & West - Rochford 011,4.254940226,E07000075,Rochford
E02005164,Southborough East & Longfield Road - Tunbridge Wells 003,4.2517603,E07000116,Tunbridge Wells
E02005358,Mountsorrel & Rothley - Charnwood 014,4.248739977,E07000130,Charnwood
E02007012,Broughton West & Milton Keynes Village - Milton Keynes 033,4.248608677,E06000042,Milton Keynes
E02000284,Chase Side - Enfield 008,4.242591722,E09000010,Enfield
E02003614,Flitwick West - Central Bedfordshire 016,4.240800522,E06000056,Central Bedfordshire
E02000854,Carshalton Village - Sutton 015,4.238915827,E09000029,Sutton
E02002569,Hummersknott - Darlington 011,4.235905525,E06000005,Darlington
E02003865,Bollington - Cheshire East 013,4.235189949,E06000049,Cheshire East
E02002533,Guisborough West - Redcar and Cleveland 019,4.234437574,E06000003,Redcar and Cleveland
E02001922,Selly Oak - Birmingham 096,4.23362277,E08000025,Birmingham
E02006317,West Molesey North - Elmbridge 001,4.230793799,E07000207,Elmbridge
E02006796,South Ruislip - Hillingdon 033,4.229210424,E09000017,Hillingdon
E02007021,Lye Valley & Cowley East - Oxford 020,4.228620903,E07000178,Oxford
E02004904,Borehamwood Kenilworth - Hertsmere 009,4.219527177,E07000098,Hertsmere
E02006999,Silvertown & Royal Wharf - Newham 042,4.213329262,E09000025,Newham
E02002326,Shelley & Shepley - Kirklees 056,4.212299577,E08000034,Kirklees
E02000948,Tooting Bec Common - Wandsworth 026,4.205499709,E09000032,Wandsworth
E02000773,Ley Street - Redbridge 023,4.204215789,E09000026,Redbridge
E02004721,Hedge End North & Botley North - Eastleigh 010,4.200547698,E07000086,Eastleigh
E02003710,Town Centre & Marlow Hill - Wycombe 015,4.195634692,E06000060,Buckinghamshire
E02003074,Clevedon South & Yeo - North Somerset 010,4.19341082,E06000024,North Somerset
E02000410,Muswell Hill North - Haringey 014,4.192249171,E09000014,Haringey
E02003817,Congleton West Heath - Cheshire East 028,4.191789734,E06000049,Cheshire East
E02007014,Kents Hill - Milton Keynes 035,4.186886404,E06000042,Milton Keynes
E02003380,Thatcham West - West Berkshire 014,4.186224576,E06000037,West Berkshire
E02006398,Chertsey - Runnymede 006,4.169426097,E07000212,Runnymede
E02000835,Nunhead South & Newlands - Southwark 029,4.167953707,E09000028,Southwark
E02000125,Kensal Green - Brent 033,4.167061437,E09000005,Brent
E02004723,Hedge End South - Eastleigh 012,4.154132797,E07000086,Eastleigh
E02003482,Bow Brickhill & Woburn Sands - Milton Keynes 024,4.152756428,E06000042,Milton Keynes
E02003198,Canford Heath East - Poole 005,4.150319983,E06000058,"Bournemouth, Christchurch and Poole"
E02000532,Chiswick South East - Hounslow 007,4.150212701,E09000018,Hounslow
E02000276,South Ealing - Ealing 039,4.147402371,E09000009,Ealing
E02000452,Greenhill North - Harrow 020,4.139524395,E09000015,Harrow
E02003508,Elm Grove & Bear Road - Brighton and Hove 018,4.137446606,E06000043,Brighton and Hove
E02000080,Welling - Bexley 016,4.136632124,E09000004,Bexley
E02000507,Hillingdon North East - Hillingdon 014,4.135318377,E09000017,Hillingdon
E02000082,Falconwood - Bexley 018,4.131794884,E09000004,Bexley
E02000784,North Barnes - Richmond upon Thames 001,4.131284785,E09000027,Richmond upon Thames
E02003727,Romsey - Cambridge 009,4.125774239,E07000008,Cambridge
E02005193,Euxton - Chorley 005,4.12400951,E07000118,Chorley
E02006400,Ottershaw & Lyne - Runnymede 008,4.123842202,E07000212,Runnymede
E02006701,Barnt Green & Lickey Hills - Bromsgrove 006,4.116611359,E07000234,Bromsgrove
E02004818,Andover West - Test Valley 005,4.098811294,E07000093,Test Valley
E02004682,Daneshill & Little Basing - Basingstoke and Deane 008,4.088559263,E07000084,Basingstoke and Deane
E02001665,Bents Green & Millhouses - Sheffield 055,4.08116115,E08000039,Sheffield
E02004876,Bovingdon & Chipperfield - Dacorum 021,4.07982604,E07000096,Dacorum
E02003400,Wokingham Road - Reading 012,4.068893095,E06000038,Reading
E02000039,Mill Hill Park - Barnet 016,4.065206968,E09000003,Barnet
E02003766,Godmanchester - Huntingdonshire 014,4.05553998,E07000011,Huntingdonshire
E02000940,Wandsworth South - Wandsworth 018,4.053871224,E09000032,Wandsworth
E02000595,Chelsea Riverside East - Kensington and Chelsea 019,4.053300798,E09000020,Kensington and Chelsea
E02003443,Woodley South - Wokingham 005,4.046346345,E06000041,Wokingham
E02000979,Central Westminster - Westminster 020,4.038858852,E09000033,Westminster
E02006430,Caterham North - Tandridge 003,4.030123985,E07000215,Tandridge
E02000585,Holland Park - Kensington and Chelsea 009,4.028636047,E09000020,Kensington and Chelsea
E02000078,Barnehurst North - Bexley 014,4.022027359,E09000004,Bexley
E02000834,Peckham Rye Common - Southwark 028,4.021975561,E09000028,Southwark
E02003791,"Duxford, Whittlesford & the Abingtons - South Cambridgeshire 017",4.018574998,E07000012,South Cambridgeshire
E02000909,Upper Walthamstow - Waltham Forest 015,4.018400773,E09000031,Waltham Forest
E02005254,Broughton & Wychnor - Preston 002,4.018145287,E07000123,Preston
E02000787,North Sheen - Richmond upon Thames 004,4.014543369,E09000027,Richmond upon Thames
E02000040,Mill Hill East - Barnet 017,4.011534181,E09000003,Barnet
E02002990,Walcot - Bath and North East Somerset 006,4.011201953,E06000022,Bath and North East Somerset
E02006529,Warwick South West & Aylesford - Warwick 011,4.010592694,E07000222,Warwick
E02000182,Swiss Cottage - Camden 017,4.008142323,E09000007,Camden
E02000704,Raynes Park - Merton 016,4.007262724,E09000024,Merton
E02000593,West Brompton - Kensington and Chelsea 017,3.986009267,E09000020,Kensington and Chelsea
E02000433,Stanmore Park - Harrow 001,3.983600415,E09000015,Harrow
E02006954,Colindale West & South - Barnet 043,3.971867386,E09000003,Barnet
E02004903,Bushey North - Hertsmere 008,3.971073806,E07000098,Hertsmere
E02006447,Farnham Wrecclesham - Waverley 009,3.965909439,E07000216,Waverley
E02000295,Oakwood Park & Highlands - Enfield 019,3.954865162,E09000010,Enfield
E02005037,Joydens Wood - Dartford 010,3.948267091,E07000107,Dartford
E02001203,Marple Bridge & Mellor - Stockport 017,3.948011133,E08000007,Stockport
E02003781,"Milton, Fen Ditton & Quy - South Cambridgeshire 007",3.946003695,E07000012,South Cambridgeshire
E02003855,Poynton East - Cheshire East 003,3.94053942,E06000049,Cheshire East
E02004981,Welwyn & Hatfield Garden Village - Welwyn Hatfield 002,3.937084499,E07000241,Welwyn Hatfield
E02006345,Pirbright & Normandy - Guildford 002,3.933567613,E07000209,Guildford
E02002794,"Fulford, Heslington & University - York 023",3.929194557,E06000014,York
E02003610,Ampthill & Millbrook - Central Bedfordshire 012,3.926046244,E06000056,Central Bedfordshire
E02001754,Tynemouth West - North Tyneside 017,3.923652964,E08000022,North Tyneside
E02004808,South Farnborough & North Camp - Rushmoor 007,3.92275077,E07000092,Rushmoor
E02000958,Furzedown West - Wandsworth 036,3.913160086,E09000032,Wandsworth
E02000609,Malden Manor - Kingston upon Thames 012,3.905764912,E09000021,Kingston upon Thames
E02004430,Wickford Shotgate - Basildon 007,3.904181171,E07000066,Basildon
E02006446,"Blackheath, Wonersh & Shamley Green - Waverley 008",3.89974851,E07000216,Waverley
E02003784,Hardwick & Highfields - South Cambridgeshire 010,3.897509685,E07000012,South Cambridgeshire
E02005297,Longton & Walmer Bridge - South Ribble 011,3.892287898,E07000126,South Ribble
E02000024,High Barnet & Hadley - Barnet 001,3.888525141,E09000003,Barnet
E02002603,Woolston - Warrington 014,3.885798219,E06000007,Warrington
E02006000,Witney East - West Oxfordshire 008,3.885700735,E07000181,West Oxfordshire
E02007031,Nantwich South East & Wybunbury - Cheshire East 053,3.883213198,E06000049,Cheshire East
E02006533,Whitnash - Warwick 015,3.874280511,E07000222,Warwick
E02004458,Great Notley & Black Notley - Braintree 013,3.871854899,E07000067,Braintree
E02002608,Penketh & Cuerdley - Warrington 019,3.870791157,E06000007,Warrington
E02006329,Esher - Elmbridge 013,3.869885858,E07000207,Elmbridge
E02003510,Goldsmid East - Brighton and Hove 020,3.864694085,E06000043,Brighton and Hove
E02004982,Knightsfield - Welwyn Hatfield 003,3.863164605,E07000241,Welwyn Hatfield
E02005298,Farington - South Ribble 012,3.858327721,E07000126,South Ribble
E02001284,Hale - Trafford 026,3.855988977,E08000009,Trafford
E02003800,"Kelsall, Tarvin & Ashton Hayes - Cheshire West and Chester 030",3.854532687,E06000050,Cheshire West and Chester
E02002718,North Ferriby & Swanland - East Riding of Yorkshire 035,3.851738561,E06000011,East Riding of Yorkshire
E02001709,North Gosforth - Newcastle upon Tyne 002,3.849396576,E08000021,Newcastle upon Tyne
E02003348,Hempstead & Wigmore - Medway 035,3.845219086,E06000035,Medway
E02000429,Crouch End West - Haringey 033,3.844910361,E09000014,Haringey
E02006485,Whitestone - Nuneaton and Bedworth 011,3.844463308,E07000219,Nuneaton and Bedworth
E02006621,High Salvington & Findon Valley - Worthing 001,3.841534358,E07000229,Worthing
E02005485,Bourne West - South Kesteven 010,3.839801826,E07000141,South Kesteven
E02002720,Howden South & Goole North - East Riding of Yorkshire 037,3.839437733,E06000011,East Riding of Yorkshire
E02004567,Rayleigh North East - Rochford 005,3.836397644,E07000075,Rochford
E02005453,Washingborough & Branston - North Kesteven 001,3.835728376,E07000139,North Kesteven
E02005962,Chinnor & Tetsworth - South Oxfordshire 005,3.831862455,E07000179,South Oxfordshire
E02006874,"Papworth, Caxton & Fen Drayton - South Cambridgeshire 021",3.828912869,E07000012,South Cambridgeshire
E02007089,Great Ashby & Wymondley - North Hertfordshire 017,3.821814671,E07000099,North Hertfordshire
E02005271,Clitheroe North - Ribble Valley 002,3.818497775,E07000124,Ribble Valley
E02004943,Bricket Wood & Chiswell Green - St Albans 020,3.8135684,E07000240,St Albans
E02000690,Wimbledon Common - Merton 002,3.803755101,E09000024,Merton
E02006823,Knotty Green & Holmer Green - Chiltern 013,3.797880118,E06000060,Buckinghamshire
E02004548,Church Langley - Harlow 005,3.797593676,E07000073,Harlow
E02005917,"Keyworth North, Tollerton & Willoughby - Rushcliffe 012",3.794819118,E07000176,Rushcliffe
E02004804,Pinewood - Rushmoor 003,3.792504344,E07000092,Rushmoor
E02000594,Chelsea Manor & Royal Hospital - Kensington and Chelsea 018,3.7830944,E09000020,Kensington and Chelsea
E02003070,Long Ashton & Gordano - North Somerset 006,3.781418885,E06000024,North Somerset
E02004891,Hertford Bengeo - East Hertfordshire 014,3.779239105,E07000242,East Hertfordshire
E02006605,Copthorne & Turners Hill - Mid Sussex 002,3.774309344,E07000228,Mid Sussex
E02005998,Hanborough & Cassington - West Oxfordshire 006,3.77407507,E07000181,West Oxfordshire
E02000478,Emerson Park - Havering 015,3.768175431,E09000016,Havering
E02006582,Maidenbower East & Worth - Crawley 008,3.761512385,E07000226,Crawley
E02004571,Rayleigh South East - Rochford 009,3.758063361,E07000075,Rochford
E02003439,Twyford East & Wargrave - Wokingham 001,3.754915817,E06000041,Wokingham
E02000949,Springfield - Wandsworth 027,3.753813882,E09000032,Wandsworth
E02002535,Billingham North & Wolviston - Stockton-on-Tees 001,3.747621121,E06000004,Stockton-on-Tees
E02003365,Sandhurst - Bracknell Forest 014,3.747287091,E06000036,Bracknell Forest
E02003504,Preston Park - Brighton and Hove 014,3.741879991,E06000043,Brighton and Hove
E02004736,Portchester North West - Fareham 010,3.740326894,E07000087,Fareham
E02003725,Central & West Cambridge - Cambridge 007,3.729913706,E07000008,Cambridge
E02004638,Elmbridge - Gloucester 003,3.724699782,E07000081,Gloucester
E02000798,Twickenham West - Richmond upon Thames 015,3.722947326,E09000027,Richmond upon Thames
E02002996,"Widcombe, Bathwick Hill & Claverton Down - Bath and North East Somerset 012",3.720733407,E06000022,Bath and North East Somerset
E02004597,Great Dunmow - Uttlesford 007,3.717182865,E07000077,Uttlesford
E02002556,Ingleby Barwick East & Hilton - Stockton-on-Tees 022,3.710026154,E06000004,Stockton-on-Tees
E02004709,Clanfield & Finchdean - East Hampshire 013,3.709562044,E07000085,East Hampshire
E02000287,Cockfosters & Hadley Wood - Enfield 011,3.705197338,E09000010,Enfield
E02004735,Fareham West - Fareham 009,3.704563762,E07000087,Fareham
E02003673,"Haddenham, Dinton & Stone - Aylesbury Vale 022",3.704283664,E06000060,Buckinghamshire
E02002992,Newbridge - Bath and North East Somerset 008,3.698608637,E06000022,Bath and North East Somerset
E02003177,Moordown - Bournemouth 006,3.684087224,E06000058,"Bournemouth, Christchurch and Poole"
E02005909,Lady Bay - Rushcliffe 004,3.65955997,E07000176,Rushcliffe
E02000056,Hampstead Garden Suburb - Barnet 033,3.656499849,E09000003,Barnet
E02000762,Barkingside West - Redbridge 012,3.654816412,E09000026,Redbridge
E02004805,Farnborough Hill - Rushmoor 004,3.654158499,E07000092,Rushmoor
E02003001,Bloomfield - Bath and North East Somerset 017,3.653878295,E06000022,Bath and North East Somerset
E02005196,Chorley West - Chorley 008,3.65110215,E07000118,Chorley
E02006603,Steyning & Upper Beeding - Horsham 016,3.650416992,E07000227,Horsham
E02004905,Elstree & Aldenham - Hertsmere 010,3.647008157,E07000098,Hertsmere
E02007073,West Hunsbury - West Northamptonshire 039,3.646989079,E06000062,West Northamptonshire
E02001648,Endcliffe & Ranmoor - Sheffield 038,3.646937194,E08000039,Sheffield
E02007057,Mile End South - Colchester 024,3.645049342,E07000071,Colchester
E02004979,Oxhey - Watford 012,3.642322906,E07000103,Watford
E02007049,"Houlton, Clifton & Brownsover North - Rugby 014",3.640499174,E07000220,Rugby
E02006364,Leatherhead North - Mole Valley 003,3.636722107,E07000210,Mole Valley
E02003838,Willaston & Shavington - Cheshire East 048,3.632949542,E06000049,Cheshire East
E02000587,Kensington Abingdon - Kensington and Chelsea 011,3.627541988,E09000020,Kensington and Chelsea
E02003421,Pinkney's Green & Furze Platt Road - Windsor and Maidenhead 001,3.624926221,E06000040,Windsor and Maidenhead
E02000830,Camberwell South - Southwark 024,3.62427042,E09000028,Southwark
E02005772,Knaresborough South & Follifoot - Harrogate 012,3.62365136,E06000065,North Yorkshire
E02006402,New Haw & Woodham - Runnymede 010,3.621806923,E07000212,Runnymede
E02000100,Northwick Park - Brent 008,3.616671694,E09000005,Brent
E02006926,Chafford & North Stifford - Thurrock 020,3.615695376,E06000034,Thurrock
E02004425,Billericay Queen's Park - Basildon 002,3.614794718,E07000066,Basildon
E02006787,Elmers End - Bromley 041,3.611232517,E09000006,Bromley
E02000508,Uxbridge Central & Brunel - Hillingdon 015,3.602952427,E09000017,Hillingdon
E02000952,Tooting Bec East - Wandsworth 030,3.601606525,E09000032,Wandsworth
E02002776,Huntington - York 005,3.601074309,E06000014,York
E02005167,"Langton Green, Speldhurst & Bidborough - Tunbridge Wells 006",3.600533592,E07000116,Tunbridge Wells
E02005939,"Begbrooke, Yarnton & Water Eaton - Cherwell 019",3.595573436,E07000177,Cherwell
E02003393,Tilehurst North - Reading 005,3.593931343,E06000038,Reading
E02002865,Oakham East - Rutland 003,3.588028937,E06000017,Rutland
E02000239,Horsenden - Ealing 002,3.583327453,E09000009,Ealing
E02003427,Boyn Hill & Norreys Drive - Windsor and Maidenhead 007,3.572299122,E06000040,Windsor and Maidenhead
E02006991,Woolwich Arsenal - Greenwich 039,3.572144311,E09000011,Greenwich
E02006882,Kenton West - Harrow 033,3.568809349,E09000015,Harrow
E02000165,Biggin Hill West - Bromley 039,3.558141786,E09000006,Bromley
E02003286,West Leigh - Southend-on-Sea 008,3.557327875,E06000033,Southend-on-Sea
E02003681,Amersham-on-the-Hill & Chesham Bois - Chiltern 006,3.553488651,E06000060,Buckinghamshire
E02000396,South Park - Hammersmith and Fulham 025,3.552207184,E09000013,Hammersmith and Fulham
E02003686,Chalfont Common & St Peter East - Chiltern 011,3.550639578,E06000060,Buckinghamshire
E02000133,Chislehurst West & Elmstead - Bromley 007,3.548054576,E09000006,Bromley
E02006848,Abbey Park - Swindon 027,3.54009296,E06000030,Swindon
E02005928,"Bodicote, Adderbury & Bloxham - Cherwell 008",3.534757326,E07000177,Cherwell
E02004522,Wivenhoe & University - Colchester 017,3.529336586,E07000071,Colchester
E02004496,Moulsham West - Chelmsford 012,3.521744482,E07000070,Chelmsford
E02005385,Hinckley East - Hinckley and Bosworth 009,3.513699939,E07000132,Hinckley and Bosworth
E02003715,"Marlow Bottom, Danesfield & Well End - Wycombe 020",3.510412109,E06000060,Buckinghamshire
E02004958,Croxley North & Sarratt - Three Rivers 003,3.502608335,E07000102,Three Rivers
E02006415,Shepperton Town - Spelthorne 013,3.496309369,E07000213,Spelthorne
E02001223,Bramhall North East - Stockport 037,3.490861953,E08000007,Stockport
E02004427,Billericay Tye Common - Basildon 004,3.486365506,E07000066,Basildon
E02000596,Fulham Road - Kensington and Chelsea 020,3.485033272,E09000020,Kensington and Chelsea
E02004239,West Highcliffe - Christchurch 004,3.480638686,E06000058,"Bournemouth, Christchurch and Poole"
E02006383,Reigate Hill & Gatton - Reigate and Banstead 009,3.47939382,E07000211,Reigate and Banstead
E02000132,New Beckenham - Bromley 006,3.471139829,E09000006,Bromley
E02000843,Hackbridge - Sutton 004,3.470155887,E09000029,Sutton
E02006439,Farnham Weybourne & Badshot Lea - Waverley 001,3.461385649,E07000216,Waverley
E02000441,Pinner Green - Harrow 009,3.44852867,E09000015,Harrow
E02003831,Haslington & Weston - Cheshire East 041,3.447705496,E06000049,Cheshire East
E02000937,Wandsworth Common - Wandsworth 015,3.447336786,E09000032,Wandsworth
E02000962,St John's Wood South - Westminster 003,3.446738547,E09000033,Westminster
E02005378,Groby East - Hinckley and Bosworth 002,3.44522148,E07000132,Hinckley and Bosworth
E02001285,Bowdon - Trafford 027,3.443652487,E08000009,Trafford
E02000982,Victoria - Westminster 023,3.441251382,E09000033,Westminster
E02006656,Chippenham Pewsham - Wiltshire 014,3.43666266,E06000054,Wiltshire
E02003711,Ryemead & Wycombe Marsh - Wycombe 016,3.4319913,E06000060,Buckinghamshire
E02006421,West End & Bisley - Surrey Heath 006,3.431961688,E07000214,Surrey Heath
E02003416,Langley St Mary's - Slough 010,3.427109088,E06000039,Slough
E02006620,"Hassocks, Keymer & East Hurstpierpoint - Mid Sussex 017",3.422474103,E07000228,Mid Sussex
E02000431,Highgate East - Haringey 035,3.418537758,E09000014,Haringey
E02005969,Wallingford & Brightwell - South Oxfordshire 012,3.414721635,E07000179,South Oxfordshire
E02005972,"Hagbourne, Moreton & Cholsey - South Oxfordshire 015",3.414543814,E07000179,South Oxfordshire
E02000592,South Kensington - Kensington and Chelsea 016,3.397072317,E09000020,Kensington and Chelsea
E02001286,Hale Barns - Trafford 028,3.394531199,E08000009,Trafford
E02005163,Southborough West - Tunbridge Wells 002,3.388493459,E07000116,Tunbridge Wells
E02000786,Mortlake & South Barnes - Richmond upon Thames 003,3.380400986,E09000027,Richmond upon Thames
E02005908,Radcliffe on Trent & Shelford - Rushcliffe 003,3.378095967,E07000176,Rushcliffe
E02006795,Rayners Lane South - Harrow 032,3.373860262,E09000015,Harrow
E02000751,Woodford Wells - Redbridge 001,3.371655094,E09000026,Redbridge
E02002109,"Dickens Heath, Cheswick Green & Hockley Heath - Solihull 029",3.36971947,E08000029,Solihull
E02006594,Horsham West - Horsham 007,3.367197625,E07000227,Horsham
E02000034,Whetstone East - Barnet 011,3.363277527,E09000003,Barnet
E02004620,Cirencester East & Stratton - Cotswold 006,3.363085237,E07000079,Cotswold
E02004930,Jersey Farm & Sandridge - St Albans 007,3.362386688,E07000240,St Albans
E02000430,Crouch End East - Haringey 034,3.360463521,E09000014,Haringey
E02002604,Great Sankey - Warrington 015,3.359107897,E06000007,Warrington
E02004895,Hertford Heath & Stanstead St Margarets - East Hertfordshire 018,3.345789754,E07000242,East Hertfordshire
E02006388,Earlswood & Whitebushes - Reigate and Banstead 014,3.343337135,E07000211,Reigate and Banstead
E02002337,Guiseley North & West - Leeds 008,3.343240282,E08000035,Leeds
E02006967,Oadby East - Oadby and Wigston 011,3.338787431,E07000135,Oadby and Wigston
E02000526,Chiswick North East - Hounslow 001,3.33376278,E09000018,Hounslow
E02003121,Longwell Green & Oldland Common - South Gloucestershire 032,3.333126054,E06000025,South Gloucestershire
E02000610,Surbiton South - Kingston upon Thames 013,3.332896429,E09000021,Kingston upon Thames
E02000175,West Hampstead - Camden 010,3.331575089,E09000007,Camden
E02004925,Harpenden East - St Albans 002,3.328521694,E07000240,St Albans
E02004806,Cove & Southwood - Rushmoor 005,3.316037587,E07000092,Rushmoor
E02003772,St Neots Eaton Ford - Huntingdonshire 020,3.315053424,E07000011,Huntingdonshire
E02003391,Caversham Balmore Park - Reading 003,3.314405981,E06000038,Reading
E02006348,"Worplesdon, Jacobs Well & Wood Street - Guildford 005",3.308242008,E07000209,Guildford
E02004406,Crowborough Whitehill & Warren - Wealden 004,3.302638228,E07000065,Wealden
E02002106,Knowle - Solihull 026,3.300907663,E08000029,Solihull
E02001274,Ashton upon Mersey South - Trafford 016,3.300174934,E08000009,Trafford
E02000534,Brentford West & Osterley Park - Hounslow 009,3.298666289,E09000018,Hounslow
E02000144,Bromley South - Bromley 018,3.29853525,E09000006,Bromley
E02003425,Maidenhead Central - Windsor and Maidenhead 005,3.295631394,E06000040,Windsor and Maidenhead
E02000588,Hans Town - Kensington and Chelsea 012,3.294189169,E09000020,Kensington and Chelsea
E02006632,West Worthing - Worthing 012,3.291720253,E07000229,Worthing
E02004761,Odiham & Warnborough - Hart 011,3.290372674,E07000089,Hart
E02002094,Ulverley Green & Langley - Solihull 014,3.2855223,E08000029,Solihull
E02000615,Hook - Kingston upon Thames 018,3.284665477,E09000021,Kingston upon Thames
E02005973,Henley North - South Oxfordshire 016,3.282586206,E07000179,South Oxfordshire
E02000604,New Malden East - Kingston upon Thames 007,3.280889313,E09000021,Kingston upon Thames
E02000096,Kenton Woodcock Park - Brent 004,3.27632785,E09000005,Brent
E02005872,Burton Joyce & Lambley - Gedling 008,3.273495678,E07000173,Gedling
E02000842,Stonecot - Sutton 003,3.271198888,E09000029,Sutton
E02004405,Crowborough North East - Wealden 003,3.264247374,E07000065,Wealden
E02002711,Kirk Ella - East Riding of Yorkshire 028,3.262268598,E06000011,East Riding of Yorkshire
E02000943,Balham - Wandsworth 021,3.260779992,E09000032,Wandsworth
E02003095,Yate North - South Gloucestershire 006,3.256795837,E06000025,South Gloucestershire
E02000613,Southborough - Kingston upon Thames 016,3.250933794,E09000021,Kingston upon Thames
E02006608,Crawley Down - Mid Sussex 005,3.235775115,E07000228,Mid Sussex
E02004455,Braintree West & Rayne - Braintree 010,3.219766569,E07000067,Braintree
E02000499,Eastcote - Hillingdon 006,3.213337383,E09000017,Hillingdon
E02000544,Hounslow East - Hounslow 019,3.207738377,E09000018,Hounslow
E02000444,Queensbury West - Harrow 012,3.204205297,E09000015,Harrow
E02006458,Horsell - Woking 003,3.203552753,E07000217,Woking
E02000298,Winchmore Hill - Enfield 022,3.192196179,E09000010,Enfield
E02004907,Bushey Central - Hertsmere 012,3.192110925,E07000098,Hertsmere
E02005191,Clayton-le-Woods - Chorley 003,3.191833569,E07000118,Chorley
E02000849,Wallington North - Sutton 010,3.191405218,E09000029,Sutton
E02005907,Bingham - Rushcliffe 002,3.184070976,E07000176,Rushcliffe
E02003703,Terriers & Amersham Hill - Wycombe 008,3.183277694,E06000060,Buckinghamshire
E02005968,Benson & Crowmarsh Gifford - South Oxfordshire 011,3.179812097,E07000179,South Oxfordshire
E02004935,St Albans Central - St Albans 012,3.171911736,E07000240,St Albans
E02005777,Hookstone - Harrogate 017,3.169352696,E06000065,North Yorkshire
E02000846,Sutton North - Sutton 007,3.167452488,E09000029,Sutton
E02004880,Bishop's Stortford West & Braughing - East Hertfordshire 003,3.16730264,E07000242,East Hertfordshire
E02004987,Hall Grove - Welwyn Hatfield 008,3.164803933,E07000241,Welwyn Hatfield
E02006198,Littleworth & Hopton - Stafford 011,3.159369942,E07000197,Stafford
E02000028,New Barnet West - Barnet 005,3.158629873,E09000003,Barnet
E02002555,Eaglescliffe - Stockton-on-Tees 021,3.153617313,E06000004,Stockton-on-Tees
E02000048,Copthall & Downage - Barnet 025,3.147319428,E09000003,Barnet
E02005339,Narborough - Blaby 007,3.132571374,E07000129,Blaby
E02004695,Hatch Warren - Basingstoke and Deane 021,3.13142299,E07000084,Basingstoke and Deane
E02000833,North Dulwich - Southwark 027,3.125191266,E09000028,Southwark
E02004918,Hitchin Bearton - North Hertfordshire 010,3.121635109,E07000099,North Hertfordshire
E02004956,Abbots Langley - Three Rivers 001,3.115728356,E07000102,Three Rivers
E02000640,Clapham Park West - Lambeth 023,3.113942816,E09000022,Lambeth
E02000058,Temple Fortune - Barnet 035,3.11340529,E09000003,Barnet
E02005943,Marston - Oxford 004,3.106940058,E07000178,Oxford
E02003428,Cox Green - Windsor and Maidenhead 008,3.103657477,E06000040,Windsor and Maidenhead
E02003683,Little Chalfont - Chiltern 008,3.101908755,E06000060,Buckinghamshire
E02006370,Dorking North & Westhumble - Mole Valley 009,3.095923945,E07000210,Mole Valley
E02004110,Dronfield South & Gosforth Lane - North East Derbyshire 006,3.094199807,E07000038,North East Derbyshire
E02000160,Hayes South & Coney Hall - Bromley 034,3.093387975,E09000006,Bromley
E02000046,Church End - Barnet 023,3.090693077,E09000003,Barnet
E02004877,Kings Langley - Dacorum 022,3.089972027,E07000096,Dacorum
E02003465,Willen & Downhead Park - Milton Keynes 007,3.088999822,E06000042,Milton Keynes
E02003357,Bullbrook - Bracknell Forest 006,3.088022943,E06000036,Bracknell Forest
E02006535,Buckingham - Adur 002,3.067316756,E07000223,Adur
E02006532,"Bishops Tachbrook, Barford & Hatton Park - Warwick 014",3.066156453,E07000222,Warwick
E02006429,Warlingham West & Whyteleafe - Tandridge 002,3.065145729,E07000215,Tandridge
E02003343,Rainham South West - Medway 030,3.065031824,E06000035,Medway
E02000211,Monks Orchard - Croydon 018,3.060632208,E09000008,Croydon
E02004909,Royston North & Central - North Hertfordshire 001,3.05663316,E07000099,North Hertfordshire
E02007035,Bishops Cleeve East & South - Tewkesbury 011,3.047467355,E07000083,Tewkesbury
E02006346,Horsley & Effingham - Guildford 003,3.026496706,E07000209,Guildford
E02005978,"Dean Court, Cumnor & Appleton - Vale of White Horse 001",3.023436095,E07000180,Vale of White Horse
E02002785,Osbaldwick - York 014,3.023358265,E06000014,York
E02000764,Snaresbrook - Redbridge 014,3.018563158,E09000026,Redbridge
E02006849,Groundwell & Abbey Meads - Swindon 028,3.015299797,E06000030,Swindon
E02000965,Maida Vale - Westminster 006,3.014415546,E09000033,Westminster
E02000269,Northfields - Ealing 032,3.01200609,E09000009,Ealing
E02000052,East Finchley - Barnet 029,3.010742637,E09000003,Barnet
E02005938,Kidlington South - Cherwell 018,3.007557091,E07000177,Cherwell
E02000853,Sutton West - Sutton 014,3.005703954,E09000029,Sutton
E02000088,Albany Park - Bexley 024,3.003843363,E09000004,Bexley
E02002343,Yeadon South - Leeds 014,3.000624481,E08000035,Leeds
E02000838,Dulwich Hill - Southwark 032,3.000422088,E09000028,Southwark
E02000087,Bexley Village - Bexley 023,2.996915385,E09000004,Bexley
E02003455,Spencers Wood & Swallowfield - Wokingham 017,2.99638472,E06000041,Wokingham
E02007013,Broughton East - Milton Keynes 034,2.993750221,E06000042,Milton Keynes
E02003854,Poynton West - Cheshire East 002,2.986896007,E06000049,Cheshire East
E02003258,Bramingham - Luton 001,2.98117613,E06000032,Luton
E02000500,Ruislip - Hillingdon 007,2.97931381,E09000017,Hillingdon
E02004838,Colden Common & Twyford - Winchester 010,2.974575528,E07000094,Winchester
E02005913,Edwalton - Rushcliffe 008,2.959260023,E07000176,Rushcliffe
E02000667,Crofton Park - Lewisham 015,2.956872646,E09000023,Lewisham
E02000611,Berrylands South - Kingston upon Thames 014,2.953258049,E09000021,Kingston upon Thames
E02000455,Greenhill South - Harrow 023,2.948090274,E09000015,Harrow
E02007067,Frenchay & Stoke Gifford East - South Gloucestershire 036,2.939120276,E06000025,South Gloucestershire
E02002345,Adel - Leeds 016,2.929728276,E08000035,Leeds
E02003818,"Hightown, Mossley & Timbersbrook - Cheshire East 029",2.920019219,E06000049,Cheshire East
E02003726,Petersfield - Cambridge 008,2.919288121,E07000008,Cambridge
E02005947,Oxford Central - Oxford 008,2.908861493,E07000178,Oxford
E02000297,Bury Street West & Village Road - Enfield 021,2.905894029,E09000010,Enfield
E02006454,Haslemere East - Waverley 016,2.905589046,E07000216,Waverley
E02000395,Fulham Palace & Hurlingham Park - Hammersmith and Fulham 024,2.90289992,E09000013,Hammersmith and Fulham
E02002788,Holgate East - York 017,2.901507653,E06000014,York
E02000497,Northwood Hills - Hillingdon 004,2.900299167,E09000017,Hillingdon
E02002699,Molescroft - East Riding of Yorkshire 016,2.900043375,E06000011,East Riding of Yorkshire
E02004934,Clarence Park - St Albans 011,2.897678024,E07000240,St Albans
E02004751,Yateley East - Hart 001,2.895958397,E07000089,Hart
E02006321,Thames Ditton - Elmbridge 005,2.88887845,E07000207,Elmbridge
E02000488,Hacton - Havering 025,2.884265573,E09000016,Havering
E02005768,Killinghall & Hampsthwaite - Harrogate 008,2.876110798,E06000065,North Yorkshire
E02006359,Pewley Down & The Mount - Guildford 016,2.8736512,E07000209,Guildford
E02006747,St Peters - Worcester 014,2.870019104,E07000237,Worcester
E02003847,Little Sutton West - Cheshire West and Chester 009,2.866690627,E06000050,Cheshire West and Chester
E02005356,Quorn & Mountsorrel Castle - Charnwood 012,2.863563444,E07000130,Charnwood
E02004872,Leverstock Green - Dacorum 017,2.863027488,E07000096,Dacorum
E02000713,Lower Morden - Merton 025,2.860512763,E09000024,Merton
E02000085,Blackfen - Bexley 021,2.859469753,E09000004,Bexley
E02000932,Putney Town & Wandsworth Park - Wandsworth 010,2.849135934,E09000032,Wandsworth
E02004727,Swanwick & Sarisbury Green - Fareham 001,2.832402256,E07000087,Fareham
E02004699,"Alton Ashdell, Whitedown & Amery - East Hampshire 003",2.829677863,E07000085,East Hampshire
E02004609,Benhall & The Reddings - Cheltenham 010,2.827882424,E07000078,Cheltenham
E02000984,Dunscar & Egerton - Bolton 001,2.825009379,E08000001,Bolton
E02000335,Eltham North - Greenwich 023,2.823281903,E09000011,Greenwich
E02006408,Ashford Common - Spelthorne 006,2.81753047,E07000213,Spelthorne
E02000806,Hampton Village - Richmond upon Thames 023,2.817089501,E09000027,Richmond upon Thames
E02004488,Springfield North - Chelmsford 004,2.814051161,E07000070,Chelmsford
E02000447,Headstone Lane - Harrow 015,2.813911638,E09000015,Harrow
E02004426,Billericay Central & Sunnymede - Basildon 003,2.813460605,E07000066,Basildon
E02004612,Hatherley - Cheltenham 013,2.81264962,E07000078,Cheltenham
E02005663,New Duston West - Northampton 014,2.808629174,E06000062,West Northamptonshire
E02007112,Leamouth - Tower Hamlets 034,2.801918987,E09000030,Tower Hamlets
E02003426,Maidenhead Highway - Windsor and Maidenhead 006,2.801131181,E06000040,Windsor and Maidenhead
E02003716,Bourne End - Wycombe 021,2.801093247,E06000060,Buckinghamshire
E02003370,Purley on Thames - West Berkshire 004,2.795834871,E06000037,West Berkshire
E02003359,Crown Wood - Bracknell Forest 008,2.793583751,E06000036,Bracknell Forest
E02002612,Stockton Heath & Hillcliffe - Warrington 023,2.788381155,E06000007,Warrington
E02005864,Toton - Broxtowe 015,2.786045688,E07000172,Broxtowe
E02003729,Cherry Hinton - Cambridge 011,2.783398464,E07000008,Cambridge
E02007083,Nine Elms - Wandsworth 038,2.782328968,E09000032,Wandsworth
E02006423,Camberley West - Surrey Heath 008,2.781793822,E07000214,Surrey Heath
E02000502,West Ruislip South - Hillingdon 009,2.777116521,E09000017,Hillingdon
E02000089,Longlands & Halfway - Bexley 025,2.773067109,E09000004,Bexley
E02003858,Wilmslow Town - Cheshire East 006,2.770138197,E06000049,Cheshire East
E02004957,Leavesden & Garston Manor - Three Rivers 002,2.763038617,E07000102,Three Rivers
E02004857,Tring West & Long Marston - Dacorum 002,2.760168081,E07000096,Dacorum
E02000226,Selsdon - Croydon 033,2.760042875,E09000008,Croydon
E02000267,Hanwell - Ealing 030,2.758933043,E09000009,Ealing
E02003514,Seven Dials - Brighton and Hove 024,2.753140324,E06000043,Brighton and Hove
E02000137,Shortlands Bromley Road - Bromley 011,2.740440957,E09000006,Bromley
E02003109,Downend North - South Gloucestershire 020,2.733636341,E06000025,South Gloucestershire
E02003494,Hollingbury - Brighton and Hove 004,2.728811778,E06000043,Brighton and Hove
E02000586,Queen's Gate - Kensington and Chelsea 010,2.723434327,E09000020,Kensington and Chelsea
E02000836,East Dulwich - Southwark 030,2.721514986,E09000028,Southwark
E02000845,Worcester Park East - Sutton 006,2.72084131,E09000029,Sutton
E02006384,Redhill West - Reigate and Banstead 010,2.720374497,E07000211,Reigate and Banstead
E02005289,Penwortham South - South Ribble 003,2.713541991,E07000126,South Ribble
E02000228,Sanderstead - Croydon 035,2.712084555,E09000008,Croydon
E02004492,Chelmer Village - Chelmsford 008,2.711863367,E07000070,Chelmsford
E02003680,Great Missenden & Prestwood - Chiltern 005,2.711515253,E06000060,Buckinghamshire
E02006792,Chiswick Park - Hounslow 029,2.710500646,E09000018,Hounslow
E02003685,"Chalfont St Giles, Seer Green & Jordans - Chiltern 010",2.697158005,E06000060,Buckinghamshire
E02000928,Putney Embankment & Lower Common - Wandsworth 006,2.69059535,E09000032,Wandsworth
E02004835,Winchester Central & South - Winchester 007,2.690085129,E07000094,Winchester
E02002099,Central Solihull & Sharmans Cross - Solihull 019,2.682985357,E08000029,Solihull
E02002715,Brough - East Riding of Yorkshire 032,2.673414989,E06000011,East Riding of Yorkshire
E02005932,Bicester North - Cherwell 012,2.672660834,E07000177,Cherwell
E02003696,Princes Risborough - Wycombe 001,2.671813167,E06000060,Buckinghamshire
E02006152,Lichfield West & South - Lichfield 007,2.670985242,E07000194,Lichfield
E02004672,Churchdown & Innsworth - Tewkesbury 007,2.668820463,E07000083,Tewkesbury
E02005169,Tunbridge Wells Central - Tunbridge Wells 008,2.668523713,E07000116,Tunbridge Wells
E02000599,Kingston Vale & Coombe Hill - Kingston upon Thames 002,2.663359599,E09000021,Kingston upon Thames
E02000495,Northwood - Hillingdon 002,2.654502382,E09000017,Hillingdon
E02000436,Hatch End North - Harrow 004,2.651257258,E09000015,Harrow
E02004486,South Broomfield - Chelmsford 002,2.650075768,E07000070,Chelmsford
E02000236,Woodmansterne - Croydon 043,2.644596202,E09000008,Croydon
E02000975,Bayswater East - Westminster 016,2.640630644,E09000033,Westminster
E02006853,Millwall North - Tower Hamlets 032,2.640236534,E09000030,Tower Hamlets
E02004157,St Leonard's - Exeter 009,2.634963062,E07000041,Exeter
E02006356,Guildford Town Centre - Guildford 013,2.624897712,E07000209,Guildford
E02006335,Worcester Park West - Epsom and Ewell 001,2.621507649,E07000208,Epsom and Ewell
E02003806,Boughton Heath & Huntington - Cheshire West and Chester 041,2.613285522,E06000050,Cheshire West and Chester
E02006859,South Chafford - Thurrock 019,2.607237677,E06000034,Thurrock
E02000037,Edgware Park - Barnet 014,2.604461556,E09000003,Barnet
E02001263,Davyhulme - Trafford 005,2.603693656,E08000009,Trafford
E02000147,Langley Park - Bromley 021,2.603534331,E09000006,Bromley
E02000570,Barnsbury East - Islington 017,2.597412191,E09000019,Islington
E02001225,Cheadle Hulme South East - Stockport 039,2.588472301,E08000007,Stockport
E02004758,Fleet West & Winchfield - Hart 008,2.585036017,E07000089,Hart
E02006530,"Warwick South East, Myton & Heathcote - Warwick 012",2.584509345,E07000222,Warwick
E02005910,West Bridgford - Rushcliffe 005,2.569153888,E07000176,Rushcliffe
E02001282,Altrincham East - Trafford 024,2.567620462,E08000009,Trafford
E02006625,Broadwater East - Worthing 005,2.554253704,E07000229,Worthing
E02000256,Ealing Broadway West - Ealing 019,2.552437435,E09000009,Ealing
E02006979,Central Chelmsford West - Chelmsford 023,2.550452083,E07000070,Chelmsford
E02003762,"Brampton, the Stukeleys and the Alconburys - Huntingdonshire 010",2.545955381,E07000011,Huntingdonshire
E02006371,Dorking South - Mole Valley 010,2.543994876,E07000210,Mole Valley
E02005155,Kings Hill & Wateringbury - Tonbridge and Malling 007,2.542246954,E07000115,Tonbridge and Malling
E02002610,Lymm - Warrington 021,2.541023503,E06000007,Warrington
E02006368,Bookham South - Mole Valley 007,2.539154955,E07000210,Mole Valley
E02000086,Lamorbey - Bexley 022,2.534619254,E09000004,Bexley
E02006837,Ewell East - Epsom and Ewell 010,2.530554143,E07000208,Epsom and Ewell
E02006367,Bookham North - Mole Valley 006,2.525023947,E07000210,Mole Valley
E02000031,Oakleigh Park - Barnet 008,2.523089613,E09000003,Barnet
E02000861,Carshalton Beeches & Banstead Road - Sutton 022,2.522936506,E09000029,Sutton
E02003390,Caversham Heights - Reading 002,2.520678451,E06000038,Reading
E02004843,Hoddesdon Ware Road - Broxbourne 001,2.519405883,E07000095,Broxbourne
E02002987,Keynsham East - Bath and North East Somerset 003,2.519193748,E06000022,Bath and North East Somerset
E02004760,"Crookham West, Ewshot & Crondall - Hart 010",2.50884456,E07000089,Hart
E02006696,Hagley - Bromsgrove 001,2.50636773,E07000234,Bromsgrove
E02000285,Enfield Town North - Enfield 009,2.503365841,E09000010,Enfield
E02004491,Springfield South & Coronation Park - Chelmsford 007,2.501834587,E07000070,Chelmsford
E02003713,Flackwell Heath - Wycombe 018,2.500787148,E06000060,Buckinghamshire
E02004846,Broxbourne Town - Broxbourne 004,2.499426329,E07000095,Broxbourne
E02006521,Kenilworth South - Warwick 003,2.493609993,E07000222,Warwick
E02000148,Bickley East - Bromley 022,2.490636401,E09000006,Bromley
E02000852,Sutton East - Sutton 013,2.487721864,E09000029,Sutton
E02004833,Winchester West - Winchester 005,2.482384142,E07000094,Winchester
E02000393,Munster - Hammersmith and Fulham 022,2.481930747,E09000013,Hammersmith and Fulham
E02006322,Long Ditton - Elmbridge 006,2.478688968,E07000207,Elmbridge
E02000389,Fulham Reach - Hammersmith and Fulham 018,2.474262145,E09000013,Hammersmith and Fulham
E02006461,Maybury Hill & Pyrford South - Woking 006,2.468972889,E07000217,Woking
E02002613,"Appleton Thorn, Stretton & Walton - Warrington 024",2.467780517,E06000007,Warrington
E02000394,Sands End & Chelsea Harbour - Hammersmith and Fulham 023,2.465221021,E09000013,Hammersmith and Fulham
E02000848,North Cheam East - Sutton 009,2.462681948,E09000029,Sutton
E02002344,Primley Park & Wigton Moor - Leeds 015,2.461383642,E08000035,Leeds
E02000390,Fulham Aintree - Hammersmith and Fulham 019,2.454875288,E09000013,Hammersmith and Fulham
E02000703,Merton Park - Merton 015,2.454776096,E09000024,Merton
E02000159,Keston - Bromley 033,2.453705877,E09000006,Bromley
E02000181,South Hampstead - Camden 016,2.452063801,E09000007,Camden
E02000506,Uxbridge Common & Swakeleys - Hillingdon 013,2.448314662,E09000017,Hillingdon
E02005255,Fulwood - Preston 003,2.444238628,E07000123,Preston
E02006365,Leatherhead South & Ashtead South - Mole Valley 004,2.438739687,E07000210,Mole Valley
E02004975,Cassiobury - Watford 008,2.437357133,E07000103,Watford
E02001838,Walmley - Birmingham 012,2.427568216,E08000025,Birmingham
E02005916,Ruddington - Rushcliffe 011,2.423877451,E07000176,Rushcliffe
E02000856,Wallington South - Sutton 017,2.423474131,E09000029,Sutton
E02003483,Westcroft & Shenley Brook End - Milton Keynes 025,2.422587787,E06000042,Milton Keynes
E02004869,Berkhamsted South - Dacorum 014,2.419061349,E07000096,Dacorum
E02004601,Prestbury & Racecourse - Cheltenham 002,2.417515766,E07000078,Cheltenham
E02004719,Fair Oak - Eastleigh 008,2.413064786,E07000086,Eastleigh
E02006589,Littlehaven - Horsham 002,2.392441996,E07000227,Horsham
E02002406,Garforth East - Leeds 077,2.390862493,E08000035,Leeds
E02003670,Mandeville & Elm Farm - Aylesbury Vale 019,2.389123181,E06000060,Buckinghamshire
E02000154,Orpington West - Bromley 028,2.388327625,E09000006,Bromley
E02004893,Hertford Foxholes - East Hertfordshire 016,2.384175945,E07000242,East Hertfordshire
E02006005,Carterton North - West Oxfordshire 013,2.378852636,E07000181,West Oxfordshire
E02002601,Padgate & Paddington - Warrington 012,2.370945909,E06000007,Warrington
E02006338,West Ewell - Epsom and Ewell 004,2.366478032,E07000208,Epsom and Ewell
E02000857,Sutton South West - Sutton 018,2.352834739,E09000029,Sutton
E02000584,Notting Hill South - Kensington and Chelsea 008,2.347991177,E09000020,Kensington and Chelsea
E02003501,Withdean Woods - Brighton and Hove 011,2.347770083,E06000043,Brighton and Hove
E02005158,Hildenborough - Tonbridge and Malling 010,2.344268957,E07000115,Tonbridge and Malling
E02003863,South Knutsford & Bexton - Cheshire East 010,2.341098809,E06000049,Cheshire East
E02004867,Berkhamsted West - Dacorum 012,2.335986505,E07000096,Dacorum
E02003459,Olney & Lavendon - Milton Keynes 001,2.328242783,E06000042,Milton Keynes
E02004936,Longacres - St Albans 013,2.32400007,E07000240,St Albans
E02006791,Chiswick North West - Ealing 040,2.322977043,E09000009,Ealing
E02003456,Arborfield & Garrison - Wokingham 018,2.317197172,E06000041,Wokingham
E02003462,Newport Pagnell South - Milton Keynes 004,2.311851911,E06000042,Milton Keynes
E02003473,Two Mile Ash - Milton Keynes 015,2.310782751,E06000042,Milton Keynes
E02006953,Colindale East - Barnet 042,2.306007963,E09000003,Barnet
E02000855,Cheam High Street - Sutton 016,2.304275694,E09000029,Sutton
E02006327,Oatlands - Elmbridge 011,2.297136492,E07000207,Elmbridge
E02000805,Hampton Wick & Teddington East - Richmond upon Thames 022,2.290923427,E09000027,Richmond upon Thames
E02004882,Bishop's Stortford East - East Hertfordshire 005,2.280007749,E07000242,East Hertfordshire
E02000477,Romford East - Havering 014,2.277458082,E09000016,Havering
E02004919,Hitchin Walsworth - North Hertfordshire 011,2.276320674,E07000099,North Hertfordshire
E02006412,Sunbury East - Spelthorne 010,2.276048271,E07000213,Spelthorne
E02005920,East Leake - Rushcliffe 015,2.269232317,E07000176,Rushcliffe
E02000440,Belmont - Harrow 008,2.268943812,E09000015,Harrow
E02005960,Thame South - South Oxfordshire 003,2.268052945,E07000179,South Oxfordshire
E02003672,Stoke Mandeville & Aston Clinton - Aylesbury Vale 021,2.264282087,E06000060,Buckinghamshire
E02006451,Cranleigh - Waverley 013,2.252485373,E07000216,Waverley
E02000691,Wimbledon Broadway North - Merton 003,2.24888532,E09000024,Merton
E02001832,Rectory Park & New Hall Valley - Birmingham 006,2.247771428,E08000025,Birmingham
E02006417,Bagshot - Surrey Heath 002,2.244594737,E07000214,Surrey Heath
E02006342,Epsom Town - Epsom and Ewell 008,2.243456956,E07000208,Epsom and Ewell
E02002772,Strensall - York 001,2.231262499,E06000014,York
E02000272,Elthorne Park - Ealing 035,2.23109891,E09000009,Ealing
E02006325,Hinchley Wood & Weston Green - Elmbridge 009,2.227656979,E07000207,Elmbridge
E02003835,Crewe South West & Wisaston - Cheshire East 046,2.226322369,E06000049,Cheshire East
E02000941,Earlsfield North - Wandsworth 019,2.225763653,E09000032,Wandsworth
E02004888,Sawbridgeworth - East Hertfordshire 011,2.225366663,E07000242,East Hertfordshire
E02004731,Locks Heath - Fareham 005,2.225024219,E07000087,Fareham
E02004959,Rickmansworth North & Loudwater - Three Rivers 004,2.218859184,E07000102,Three Rivers
E02000951,Tooting Bec West - Wandsworth 029,2.213811817,E09000032,Wandsworth
E02000271,Bedford Park - Ealing 034,2.212701366,E09000009,Ealing
E02003353,Binfield & Popeswood - Bracknell Forest 002,2.210906389,E06000036,Bracknell Forest
E02000457,Rayners Lane North - Harrow 025,2.208011872,E09000015,Harrow
E02006385,Redhill East - Reigate and Banstead 011,2.207992736,E07000211,Reigate and Banstead
E02006352,Woodbridge Hill - Guildford 009,2.199940588,E07000209,Guildford
E02006513,Stratford South East & Tiddington - Stratford-on-Avon 010,2.190340851,E07000221,Stratford-on-Avon
E02000289,World's End - Enfield 013,2.185165838,E09000010,Enfield
E02004831,Winchester North & Sparsholt - Winchester 003,2.178422717,E07000094,Winchester
E02006357,Tongham - Guildford 014,2.16718378,E07000209,Guildford
E02003389,Caversham Emmer Green - Reading 001,2.163331249,E06000038,Reading
E02003852,Ellesmere Port South - Cheshire West and Chester 016,2.157842844,E06000050,Cheshire West and Chester
E02004873,Boxmoor & Apsley - Dacorum 018,2.152521641,E07000096,Dacorum
E02000073,Bostall - Bexley 009,2.146968502,E09000004,Bexley
E02006277,Moreton Hall - St Edmundsbury 005,2.134925571,E07000245,West Suffolk
E02000689,Wimbledon Park & Durnsford Road - Merton 001,2.134692865,E09000024,Merton
E02004972,Tudor - Watford 005,2.131455214,E07000103,Watford
E02005390,Burbage Sketchley & Stretton - Hinckley and Bosworth 014,2.129087328,E07000132,Hinckley and Bosworth
E02000482,Upminster North & Cranham West - Havering 019,2.128621201,E09000016,Havering
E02004837,Oliver's Battery and Hursley - Winchester 009,2.127061895,E07000094,Winchester
E02006393,Egham Town - Runnymede 001,2.122887632,E07000212,Runnymede
E02000794,Twickenham North - Richmond upon Thames 011,2.112497093,E09000027,Richmond upon Thames
E02004849,Goffs Oak - Broxbourne 007,2.10649322,E07000095,Broxbourne
E02000167,Hampstead Town - Camden 002,2.094759218,E09000007,Camden
E02003717,Marlow West & North - Wycombe 022,2.090006664,E06000060,Buckinghamshire
E02000616,Chessington North - Kingston upon Thames 019,2.087603839,E09000021,Kingston upon Thames
E02000933,Putney West - Wandsworth 011,2.08194877,E09000032,Wandsworth
E02000605,New Malden West - Kingston upon Thames 008,2.081698235,E09000021,Kingston upon Thames
E02000939,Nightingale Lane - Wandsworth 017,2.077468421,E09000032,Wandsworth
E02005161,Tonbridge South & Haysden - Tonbridge and Malling 013,2.075059519,E07000115,Tonbridge and Malling
E02001228,Bramhall South & Woodford - Stockport 042,2.073591814,E08000007,Stockport
E02006624,Broadwater West - Worthing 004,2.071250351,E07000229,Worthing
E02000606,Kingston Riverside - Kingston upon Thames 009,2.063453416,E09000021,Kingston upon Thames
E02004710,Horndean North - East Hampshire 014,2.061223804,E07000085,East Hampshire
E02004645,Abbeymead & Abbeydale - Gloucester 010,2.04354439,E07000081,Gloucester
E02005974,Henley South - South Oxfordshire 017,2.041973745,E07000179,South Oxfordshire
E02002778,Rawcliffe & Clifton South - York 007,2.040278448,E06000014,York
E02006966,Oadby North - Oadby and Wigston 010,2.035465534,E07000135,Oadby and Wigston
E02000051,Finchley Central - Barnet 028,2.033391467,E09000003,Barnet
E02000191,Fitzrovia East & Bloomsbury West - Camden 026,2.032558877,E09000007,Camden
E02006377,Tattenham North - Reigate and Banstead 003,2.02532014,E07000211,Reigate and Banstead
E02006343,Epsom Downs & Common - Epsom and Ewell 009,2.015584399,E07000208,Epsom and Ewell
E02000142,Widmore - Bromley 016,2.005387451,E09000006,Bromley
E02004974,Nascot Wood - Watford 007,1.998081991,E07000103,Watford
E02006616,Burgess Hill East - Mid Sussex 013,1.996978178,E07000228,Mid Sussex
E02000153,Hayes North - Bromley 027,1.99586784,E09000006,Bromley
E02003497,West Blatchington - Brighton and Hove 007,1.993357053,E06000043,Brighton and Hove
E02000250,Pitshanger - Ealing 013,1.991551119,E09000009,Ealing
E02003789,Sawston - South Cambridgeshire 015,1.990788257,E07000012,South Cambridgeshire
E02003860,Fulshaw Park & Lindow - Cheshire East 008,1.990715896,E06000049,Cheshire East
E02000790,St Margarets - Richmond upon Thames 007,1.981199714,E09000027,Richmond upon Thames
E02005941,Summertown - Oxford 002,1.976846774,E07000178,Oxford
E02003424,Maidenhead East - Windsor and Maidenhead 004,1.972696919,E06000040,Windsor and Maidenhead
E02005982,Abingdon Audlett Drive & Farm Road - Vale of White Horse 005,1.970128993,E07000180,Vale of White Horse
E02000501,Ruislip Manor - Hillingdon 008,1.969424382,E09000017,Hillingdon
E02002774,Wigginton - York 003,1.969268384,E06000014,York
E02004881,Bishop's Stortford North - East Hertfordshire 004,1.96299875,E07000242,East Hertfordshire
E02006380,Tadworth & Walton - Reigate and Banstead 006,1.962746044,E07000211,Reigate and Banstead
E02006386,Reigate Central & Redhill Common - Reigate and Banstead 012,1.961092815,E07000211,Reigate and Banstead
E02006836,Belmont & South Cheam - Sutton 025,1.959380158,E09000029,Sutton
E02003688,Beaconsfield Town - South Bucks 001,1.956975548,E06000060,Buckinghamshire
E02003698,Walter's Ash & Hughenden Valley - Wycombe 003,1.956940089,E06000060,Buckinghamshire
E02000503,Ruislip Gardens - Hillingdon 010,1.943867707,E09000017,Hillingdon
E02000926,St Mary's & Cotton Row - Wandsworth 004,1.936282514,E09000032,Wandsworth
E02004897,Potters Bar Furzefield - Hertsmere 002,1.92928334,E07000098,Hertsmere
E02006397,Virginia Water - Runnymede 005,1.928301204,E07000212,Runnymede
E02006326,Walton Hersham Road - Elmbridge 010,1.926847973,E07000207,Elmbridge
E02004740,Hill Head - Fareham 014,1.925263992,E07000087,Fareham
E02003073,Nailsea East - North Somerset 009,1.924943135,E06000024,North Somerset
E02005070,Allington - Maidstone 003,1.917414628,E07000110,Maidstone
E02005979,Botley & Kennington - Vale of White Horse 002,1.915399216,E07000180,Vale of White Horse
E02004926,Harpenden Town - St Albans 003,1.908550944,E07000240,St Albans
E02000698,Cottenham Park - Merton 010,1.907602936,E09000024,Merton
E02000589,Kensington Gardens - Kensington and Chelsea 013,1.906637463,E09000020,Kensington and Chelsea
E02000075,Bursted Wood - Bexley 011,1.905574699,E09000004,Bexley
E02000456,West Harrow - Harrow 024,1.905503878,E09000015,Harrow
E02000942,Southfields North - Wandsworth 020,1.897680765,E09000032,Wandsworth
E02002108,Dorridge - Solihull 028,1.894631389,E08000029,Solihull
E02000693,Colliers Wood - Merton 005,1.893395848,E09000024,Merton
E02001742,West Monkseaton - North Tyneside 005,1.889437049,E08000022,North Tyneside
E02006318,East Molesey - Elmbridge 002,1.887233457,E07000207,Elmbridge
E02006411,Staines South East - Spelthorne 009,1.885004546,E07000213,Spelthorne
E02005780,Harrogate West & Pannal - Harrogate 020,1.884566896,E06000065,North Yorkshire
E02003352,Winkfield & Cranbourne - Bracknell Forest 001,1.87637471,E06000036,Bracknell Forest
E02003194,Merley - Poole 001,1.872649036,E06000058,"Bournemouth, Christchurch and Poole"
E02001714,High Heaton - Newcastle upon Tyne 007,1.872599121,E08000021,Newcastle upon Tyne
E02006752,Droitwich Spa South - Wychavon 005,1.869284299,E07000238,Wychavon
E02000498,West Ruislip North - Hillingdon 005,1.860234639,E09000017,Hillingdon
E02001227,Bramhall West - Stockport 041,1.855167614,E08000007,Stockport
E02000709,Cannon Hill - Merton 021,1.853109475,E09000024,Merton
E02000894,Millwall South - Tower Hamlets 031,1.841147766,E09000030,Tower Hamlets
E02003500,Fiveways - Brighton and Hove 010,1.840795439,E06000043,Brighton and Hove
E02006347,Ash Vale - Guildford 004,1.835288296,E07000209,Guildford
E02004611,Battledown & Charlton Kings - Cheltenham 012,1.833900795,E07000078,Cheltenham
E02003883,Hartford & Kingsmead - Cheshire West and Chester 023,1.808114754,E06000050,Cheshire West and Chester
E02000084,Danson Park - Bexley 020,1.802887495,E09000004,Bexley
E02001221,Hazel Grove East & South - Stockport 035,1.782441097,E08000007,Stockport
E02000138,Beckenham East & Kelsey Park - Bromley 012,1.770164889,E09000006,Bromley
E02005911,Gamston & Holme Pierrepoint - Rushcliffe 006,1.766659455,E07000176,Rushcliffe
E02003714,Loudwater & Wooburn Green - Wycombe 019,1.738802338,E06000060,Buckinghamshire
E02004933,Bernards Heath - St Albans 010,1.733749711,E07000240,St Albans
E02003448,Wokingham North & Hurst - Wokingham 010,1.732148496,E06000041,Wokingham
E02006337,Stoneleigh & Auriol - Epsom and Ewell 003,1.721107562,E07000208,Epsom and Ewell
E02005168,Tunbridge Wells West - Tunbridge Wells 007,1.717431521,E07000116,Tunbridge Wells
E02005072,Grove Green - Maidstone 005,1.717017635,E07000110,Maidstone
E02000494,Ducks Hill - Hillingdon 001,1.710183851,E09000017,Hillingdon
E02000035,Woodside Park - Barnet 012,1.704053675,E09000003,Barnet
E02005946,Risinghurst & Sandhills - Oxford 007,1.703069338,E07000178,Oxford
E02002777,Clifton Without & Skelton - York 006,1.697835023,E06000014,York
E02003196,Broadstone - Poole 003,1.694658528,E06000058,"Bournemouth, Christchurch and Poole"
E02000156,West Wickham - Bromley 030,1.691570208,E09000006,Bromley
E02003478,Loughton - Milton Keynes 020,1.689923843,E06000042,Milton Keynes
E02005074,Bearsted & Downswood - Maidstone 007,1.689258297,E07000110,Maidstone
E02005170,Ferndale & Hawkenbury - Tunbridge Wells 009,1.687553603,E07000116,Tunbridge Wells
E02006387,Reigate South Park - Reigate and Banstead 013,1.68622832,E07000211,Reigate and Banstead
E02004896,Potters Bar Parkfield - Hertsmere 001,1.681705255,E07000098,Hertsmere
E02006362,Ashtead East - Mole Valley 001,1.679896003,E07000210,Mole Valley
E02004614,Leckhampton - Cheltenham 015,1.665462491,E07000078,Cheltenham
E02006201,Weeping Cross & Brocton - Stafford 014,1.655679308,E07000197,Stafford
E02000151,Petts Wood - Bromley 025,1.653766426,E09000006,Bromley
E02000847,North Cheam West - Sutton 008,1.644302334,E09000029,Sutton
E02004995,Cuffley & Northaw - Welwyn Hatfield 016,1.641623111,E07000241,Welwyn Hatfield
E02000802,Hampton Hill - Richmond upon Thames 019,1.634880828,E09000027,Richmond upon Thames
E02004730,Fareham Common - Fareham 004,1.628627498,E07000087,Fareham
E02003458,Crowthorne North - Wokingham 020,1.624723229,E06000041,Wokingham
E02003668,Bedgrove & Walton - Aylesbury Vale 017,1.618388424,E06000060,Buckinghamshire
E02004924,Harpenden North - St Albans 001,1.614657513,E07000240,St Albans
E02006596,Southwater - Horsham 009,1.613613079,E07000227,Horsham
E02000757,South Woodford High Road - Redbridge 007,1.609691868,E09000026,Redbridge
E02004315,"Aykley Heads, Neville's Cross & Langley Moor - County Durham 033",1.609081832,E06000047,County Durham
E02003371,Westwood - West Berkshire 005,1.608221765,E06000037,West Berkshire
E02004960,Chorleywood - Three Rivers 005,1.607200219,E07000102,Three Rivers
E02000612,Motspur Park - Kingston upon Thames 015,1.605504526,E09000021,Kingston upon Thames
E02006614,Haywards Heath South & Cuckfield - Mid Sussex 011,1.604394369,E07000228,Mid Sussex
E02000966,Little Venice - Westminster 007,1.604222299,E09000033,Westminster
E02005912,Compton Acres & Lutterell - Rushcliffe 007,1.593527489,E07000176,Rushcliffe
E02000791,Richmond Central - Richmond upon Thames 008,1.591570352,E09000027,Richmond upon Thames
E02000934,Clapham Junction & East Hill - Wandsworth 012,1.580079797,E09000032,Wandsworth
E02004752,Yateley West & Eversley - Hart 002,1.574698833,E07000089,Hart
E02005276,Whalley & Brockhall - Ribble Valley 007,1.574330622,E07000124,Ribble Valley
E02003682,Old Amersham - Chiltern 007,1.573658751,E06000060,Buckinghamshire
E02000173,Fitzjohns & Royal Free - Camden 008,1.567927925,E09000007,Camden
E02000461,Harrow-on-the-Hill - Harrow 029,1.564006835,E09000015,Harrow
E02006520,Kenilworth East - Warwick 002,1.553677794,E07000222,Warwick
E02000981,Pimlico North - Westminster 022,1.54871944,E09000033,Westminster
E02006707,Bromsgrove Stoney Hill - Bromsgrove 012,1.541728448,E07000234,Bromsgrove
E02004966,Moor Park & Batchworth - Three Rivers 011,1.540084282,E07000102,Three Rivers
E02000792,Twickenham Marble Hill - Richmond upon Thames 009,1.530085134,E09000027,Richmond upon Thames
E02004636,Longlevens - Gloucester 001,1.528488824,E07000081,Gloucester
E02004499,Moulsham East - Chelmsford 015,1.52785105,E07000070,Chelmsford
E02004931,Marshalswick - St Albans 008,1.521795511,E07000240,St Albans
E02000001,City of London - City of London 001,1.518891262,E09000001,City of London
E02003689,Gerrards Cross - South Bucks 002,1.516986519,E06000060,Buckinghamshire
E02003387,Newbury Wash Common - West Berkshire 021,1.516414212,E06000037,West Berkshire
E02004468,Shenfield & Hutton Mount - Brentwood 005,1.511057842,E07000068,Brentwood
E02003675,Wendover - Aylesbury Vale 024,1.504330119,E06000060,Buckinghamshire
E02000799,Strawberry Hill - Richmond upon Thames 016,1.501660125,E09000027,Richmond upon Thames
E02003222,Roughmoor - Swindon 011,1.499470518,E06000030,Swindon
E02006612,Haywards Heath West - Mid Sussex 009,1.492469906,E07000228,Mid Sussex
E02001829,Little Sutton & Roughley - Birmingham 003,1.481427685,E08000025,Birmingham
E02001279,Timperley North - Trafford 021,1.470044127,E08000009,Trafford
E02005958,Thame North - South Oxfordshire 001,1.469827591,E07000179,South Oxfordshire
E02005302,Leyland South East & Buckshaw Village - South Ribble 016,1.459744004,E07000126,South Ribble
E02005370,Broughton Astley - Harborough 004,1.452157907,E07000131,Harborough
E02004753,"Blackwater, Frogmore & Minley - Hart 003",1.446611322,E07000089,Hart
E02000504,Ickenham - Hillingdon 011,1.446567885,E09000017,Hillingdon
E02003718,Marlow East - Wycombe 023,1.445685585,E06000060,Buckinghamshire
E02000978,"Knightsbridge, Belgravia & Hyde Park - Westminster 019",1.443908368,E09000033,Westminster
E02005173,Tunbridge Wells South - Tunbridge Wells 012,1.431863557,E07000116,Tunbridge Wells
E02004928,Harpenden Common - St Albans 005,1.43032857,E07000240,St Albans
E02004159,Middlemoor & Sowton - Exeter 011,1.428799879,E07000041,Exeter
E02003824,Alsager West - Cheshire East 042,1.428223354,E06000049,Cheshire East
E02001219,Hazel Grove West - Stockport 033,1.425725439,E08000007,Stockport
E02004610,The Park & Warden Hill - Cheltenham 011,1.416773867,E07000078,Cheltenham
E02000788,East Sheen North - Richmond upon Thames 005,1.41338156,E09000027,Richmond upon Thames
E02003704,Tylers Green - Wycombe 009,1.409980074,E06000060,Buckinghamshire
E02006457,West Byfleet & Pyrford North - Woking 002,1.40282287,E07000217,Woking
E02000163,Chelsfield & Green Street Green - Bromley 037,1.397032534,E09000006,Bromley
E02003364,Owlsmoor & Broadmoor - Bracknell Forest 013,1.383505397,E06000036,Bracknell Forest
E02004962,Rickmansworth West - Three Rivers 007,1.380184037,E07000102,Three Rivers
E02003454,Wokingham West & South - Wokingham 016,1.376335718,E06000041,Wokingham
E02000448,Pinner Central - Harrow 016,1.363374011,E09000015,Harrow
E02003731,Addenbrooke's & Queen Edith's - Cambridge 013,1.351986201,E07000008,Cambridge
E02002792,South Bank & Dringhouses - York 021,1.349418176,E06000014,York
E02004980,"Woolmer Green, Oaklands & Digswell - Welwyn Hatfield 001",1.345709191,E07000241,Welwyn Hatfield
E02006445,Godalming North - Waverley 007,1.345186236,E07000216,Waverley
E02003486,Tattenhoe & Emerson Valley - Milton Keynes 028,1.338213756,E06000042,Milton Keynes
E02000598,Tudor Drive - Kingston upon Thames 001,1.321411414,E09000021,Kingston upon Thames
E02006334,Oxshott & Stoke D'Abernon - Elmbridge 018,1.306045418,E07000207,Elmbridge
E02003786,Great Shelford & Stapleford - South Cambridgeshire 012,1.299559177,E07000012,South Cambridgeshire
E02000454,Pinner South - Harrow 022,1.297897743,E09000015,Harrow
E02000607,Berrylands North - Kingston upon Thames 010,1.296394047,E09000021,Kingston upon Thames
E02001281,Timperley South - Trafford 023,1.293324121,E08000009,Trafford
E02002330,Wetherby West - Leeds 001,1.286408032,E08000035,Leeds
E02000608,Surbiton North - Kingston upon Thames 011,1.283986047,E09000021,Kingston upon Thames
E02000694,South Wimbledon - Merton 006,1.281618249,E09000024,Merton
E02007114,Cubitt Town - Tower Hamlets 036,1.275508083,E09000030,Tower Hamlets
E02006358,Guildford Park & Onslow Village - Guildford 015,1.271940574,E07000209,Guildford
E02007087,Newtown - Cambridge 014,1.264894028,E07000008,Cambridge
E02000176,Belsize Park - Camden 011,1.2586909,E09000007,Camden
E02004713,Chandler's Ford East - Eastleigh 002,1.257163222,E07000086,Eastleigh
E02004755,"Fleet North, Elvetham Heath & Ancells Farm - Hart 005",1.246585495,E07000089,Hart
E02004756,Hook & Rotherwick - Hart 006,1.242562382,E07000089,Hart
E02003812,Holmes Chapel - Cheshire East 023,1.242042673,E06000049,Cheshire East
E02000708,West Barnes - Merton 020,1.230896077,E09000024,Merton
E02000286,Chase Farm & The Ridgeway - Enfield 010,1.222430263,E09000010,Enfield
E02003687,Chalfont St Peter West - Chiltern 012,1.212901365,E06000060,Buckinghamshire
E02004937,Verulam Park - St Albans 014,1.209582066,E07000240,St Albans
E02003354,Wick Hill - Bracknell Forest 003,1.203187513,E06000036,Bracknell Forest
E02003383,Thatcham North East - West Berkshire 017,1.186460311,E06000037,West Berkshire
E02000697,Wimbledon Broadway South - Merton 009,1.17444892,E09000024,Merton
E02006363,Ashtead West - Mole Valley 002,1.155443966,E07000210,Mole Valley
E02001740,Whitley Sands - North Tyneside 003,1.142355148,E08000022,North Tyneside
E02002598,Kingswood & Whittle Hall - Warrington 009,1.137656762,E06000007,Warrington
E02006873,Cambourne - South Cambridgeshire 020,1.130943456,E07000012,South Cambridgeshire
E02004714,Chandler's Ford West - Eastleigh 003,1.127425103,E07000086,Eastleigh
E02003457,Finchampstead - Wokingham 019,1.126251966,E06000041,Wokingham
E02005689,Brackley North - South Northamptonshire 009,1.109330094,E06000062,West Northamptonshire
E02000797,Twickenham Town - Richmond upon Thames 014,1.108549655,E09000027,Richmond upon Thames
E02000451,North Harrow - Harrow 019,1.103727994,E09000015,Harrow
E02003363,Crowthorne South - Bracknell Forest 012,1.094972686,E06000036,Bracknell Forest
E02000808,Borough & Southwark Street - Southwark 002,1.093582923,E09000028,Southwark
E02003820,Sandbach Ettiley Heath & Wheelock - Cheshire East 031,1.076715243,E06000049,Cheshire East
E02000801,Teddington North - Richmond upon Thames 018,1.070758785,E09000027,Richmond upon Thames
E02005680,Wootton & Collingtree - Northampton 031,1.065271479,E06000062,West Northamptonshire
E02004910,"Royston South, West & East - North Hertfordshire 002",1.057168356,E07000099,North Hertfordshire
E02000453,Pinner Road - Harrow 021,1.056573848,E09000015,Harrow
E02002614,Appleton - Warrington 025,1.053486319,E06000007,Warrington
E02006391,Horley East - Reigate and Banstead 017,1.042841212,E07000211,Reigate and Banstead
E02006465,Hook Heath - Woking 010,1.029884262,E07000217,Woking
E02006463,Woking Central - Woking 008,1.02148502,E07000217,Woking
E02007066,Great Stoke & Stoke Park - South Gloucestershire 035,1.020894719,E06000025,South Gloucestershire
E02007034,Bishops Cleeve West & North - Tewkesbury 010,1.01959023,E07000083,Tewkesbury
E02000804,Teddington Central - Richmond upon Thames 021,1.018518085,E09000027,Richmond upon Thames
E02000043,West Finchley - Barnet 020,1.016848408,E09000003,Barnet
E02005945,Headington - Oxford 006,1.016231417,E07000178,Oxford
E02004908,Bushey Heath - Hertsmere 013,1.013081748,E07000098,Hertsmere
E02006941,Butlers Wharf and Queens Walk - Southwark 035,1.009218287,E09000028,Southwark
E02001278,West Timperley - Trafford 020,0.982264594,E08000009,Trafford
E02003447,Winnersh - Wokingham 009,0.977372435,E06000041,Wokingham
E02003441,Sonning & Woodley North - Wokingham 003,0.976717453,E06000041,Wokingham
E02004149,Pennsylvania & University - Exeter 001,0.975805033,E07000041,Exeter
E02003435,Spital & Cranbourne Park - Windsor and Maidenhead 015,0.974157006,E06000040,Windsor and Maidenhead
E02004613,Charlton Park - Cheltenham 014,0.957724545,E07000078,Cheltenham
E02004424,Billericay North East - Basildon 001,0.943748501,E07000066,Basildon
E02003437,Ascot & North Ascot East - Windsor and Maidenhead 017,0.938571912,E06000040,Windsor and Maidenhead
E02004885,Bishop's Stortford South - East Hertfordshire 008,0.932106777,E07000242,East Hertfordshire
E02003366,College Town - Bracknell Forest 015,0.911268146,E06000036,Bracknell Forest
E02001738,Whitley Bay North - North Tyneside 001,0.870151028,E08000022,North Tyneside
E02006349,Stoughton - Guildford 006,0.867419469,E07000209,Guildford
E02004864,Berkhamsted Town - Dacorum 009,0.867199808,E07000096,Dacorum
E02006426,Frimley Green - Surrey Heath 011,0.850193546,E07000214,Surrey Heath
E02006420,Camberley Town - Surrey Heath 005,0.847891012,E07000214,Surrey Heath
E02006375,Nork - Reigate and Banstead 001,0.832286612,E07000211,Reigate and Banstead
E02006615,Burgess Hill West - Mid Sussex 012,0.817799326,E07000228,Mid Sussex
E02005679,East Hunsbury - Northampton 030,0.80827786,E06000062,West Northamptonshire
E02006425,Frimley - Surrey Heath 010,0.807212435,E07000214,Surrey Heath
E02000600,Kingston Hill - Kingston upon Thames 003,0.806163606,E09000021,Kingston upon Thames
E02004921,Hitchin Highbury - North Hertfordshire 013,0.792477291,E07000099,North Hertfordshire
E02000950,West Hill South - Wandsworth 028,0.780026914,E09000032,Wandsworth
E02003438,South Ascot & Sunningdale - Windsor and Maidenhead 018,0.772375088,E06000040,Windsor and Maidenhead
E02000960,St John's Wood North - Westminster 001,0.74307723,E09000033,Westminster
E02006366,Fetcham - Mole Valley 005,0.739668585,E07000210,Mole Valley
E02000169,Frognal - Camden 004,0.727049317,E09000007,Camden
E02000967,Regent's Park - Westminster 008,0.724131051,E09000033,Westminster
E02000890,Tower Hill & Wapping South - Tower Hamlets 027,0.719698947,E09000030,Tower Hamlets
E02006331,Claygate - Elmbridge 015,0.711792286,E07000207,Elmbridge
E02006354,Burpham & Merrow West - Guildford 011,0.700373093,E07000209,Guildford
E02000931,Clapham Common West - Wandsworth 009,0.697992613,E09000032,Wandsworth
E02003444,Earley - Wokingham 006,0.673434127,E06000041,Wokingham
E02005192,Whittle-le-Woods & Anglezarke - Chorley 004,0.666299491,E07000118,Chorley
E02000936,East Putney - Wandsworth 014,0.665946059,E09000032,Wandsworth
E02002611,Grappenhall - Warrington 022,0.665937269,E06000007,Warrington
E02000692,Wimbledon Hill - Merton 004,0.656820354,E09000024,Merton
E02003101,Bradley Stoke Central - South Gloucestershire 012,0.652851468,E06000025,South Gloucestershire
E02006824,Hazlemere - Wycombe 024,0.652475406,E06000060,Buckinghamshire
E02004961,Croxley Green - Three Rivers 006,0.650069202,E07000102,Three Rivers
E02000947,Merton Road - Wandsworth 025,0.644656684,E09000032,Wandsworth
E02003110,Emersons Green - South Gloucestershire 021,0.634254754,E06000025,South Gloucestershire
E02004759,Crookham East - Hart 009,0.630167356,E07000089,Hart
E02004890,Ware West - East Hertfordshire 013,0.624258024,E07000242,East Hertfordshire
E02000953,Summerstown - Wandsworth 031,0.619332062,E09000032,Wandsworth
E02006351,"Burpham, Boxgrove & Merrow West - Guildford 008",0.613299992,E07000209,Guildford
E02000970,Marylebone & Park Lane - Westminster 011,0.570236395,E09000033,Westminster
E02000601,Kingston North - Kingston upon Thames 004,0.557708786,E09000021,Kingston upon Thames
E02006427,Mytchett & Frith Hill - Surrey Heath 012,0.548524191,E07000214,Surrey Heath
E02003356,Chavey Down & North Ascot West - Bracknell Forest 005,0.545699362,E06000036,Bracknell Forest
E02005942,North Central Oxford - Oxford 003,0.533098473,E07000178,Oxford
E02003445,Southlake - Wokingham 007,0.525951527,E06000041,Wokingham
E02005981,Abingdon Northcourt & Peachcroft - Vale of White Horse 004,0.478204867,E07000180,Vale of White Horse
E02004712,Hiltingbury - Eastleigh 001,0.446378791,E07000086,Eastleigh
E02003723,Eddington & Castle - Cambridge 005,0.415950101,E07000008,Cambridge
E02003098,Bradley Stoke North East - South Gloucestershire 009,0.382257536,E06000025,South Gloucestershire
E02004680,Chineham - Basingstoke and Deane 006,0.363066148,E07000084,Basingstoke and Deane
E02003866,Macclesfield Tytherington - Cheshire East 014,0.355790164,E06000049,Cheshire East
E02002107,Monkspath South - Solihull 027,0.354763918,E08000029,Solihull
E02004757,Fleet South & Pondtail - Hart 007,0.35387757,E07000089,Hart
E02006618,Burgess Hill South - Mid Sussex 015,0.345850745,E07000228,Mid Sussex
E02000157,Crofton - Bromley 031,0.32016963,E09000006,Bromley
E02003450,Shinfield - Wokingham 012,0.313312314,E06000041,Wokingham
E02002104,Monkspath North - Solihull 024,0.289285436,E08000029,Solihull
E02006854,Canary Wharf - Tower Hamlets 033,0.286954863,E09000030,Tower Hamlets
E02003452,Wokingham East - Wokingham 014,0.269846903,E06000041,Wokingham
E02006611,Haywards Heath North East - Mid Sussex 008,0.268188458,E07000228,Mid Sussex
E02000699,Wimbledon Chase - Merton 011,0.248860952,E09000024,Merton
E02006418,Lightwater - Surrey Heath 003,0.241383827,E07000214,Surrey Heath
E02000161,Orpington South - Bromley 035,0.200786485,E09000006,Bromley
E02003440,Twyford West & Charvil - Wokingham 002,0.195816144,E06000041,Wokingham
E02004827,Valley Park - Test Valley 014,0.184708147,E07000093,Test Valley
E02003442,Woodley East - Wokingham 004,0.166613333,E06000041,Wokingham
E02005966,Didcot Ladygrove - South Oxfordshire 009,0.164740205,E07000179,South Oxfordshire
E02003453,Barkham & Woose Hill - Wokingham 015,0.130237529,E06000041,Wokingham
E02006424,Camberley Parkside - Surrey Heath 009,0.101548572,E07000214,Surrey Heath
E02006422,Camberley Heatherside - Surrey Heath 007,0.029266216,E07000214,Surrey Heath
E02003446,Lower Earley North - Wokingham 008,0.028742495,E06000041,Wokingham
E02003449,Lower Earley South - Wokingham 011,0.006068272,E06000041,Wokingham
